recordings,model,held_out,r2,pearson,n_weeks
day,ENR (CV alpha),901,-0.1764357476293834,,28
day,ENR (CV alpha),903,-0.6522619696235816,,28
day,ENR (CV alpha),905,-0.8444988724276248,-0.4305038733521261,28
day,ENR (CV alpha),906,-0.029454248156401963,0.17904976587258425,28
day,ENR (CV alpha),907,-0.09164944858955981,,28
day,ENR (CV alpha),908,0.0064355650581634505,0.5119180449789896,28
day,ENR (paper alpha),901,0.08138562456743359,0.2904240801607893,28
day,ENR (paper alpha),903,-1.7132595700442752,-0.15558020234104977,28
day,ENR (paper alpha),905,-1.1583405195736747,-0.4280245514676816,28
day,ENR (paper alpha),906,-0.16956803004534993,-0.04906652445698083,28
day,ENR (paper alpha),907,0.09983048913094328,0.40391981202215205,28
day,ENR (paper alpha),908,-0.2600794070407586,0.05425971344075031,28
day,SVR-RBF,901,0.19249671428930537,0.5838219163711718,28
day,SVR-RBF,903,-0.3907353246823091,-0.0405747220977673,28
day,SVR-RBF,905,-0.38403741914295364,-0.1607690438613681,28
day,SVR-RBF,906,0.24540903088491461,0.5254680108818526,28
day,SVR-RBF,907,-0.17567296319346615,-0.12115705045329056,28
day,SVR-RBF,908,0.11572378649480841,0.47698206472412774,28
night,ENR (CV alpha),901,-0.1764357476293834,,28
night,ENR (CV alpha),903,-0.6522619696235816,,28
night,ENR (CV alpha),905,-0.7644186084855418,-0.556207648971195,28
night,ENR (CV alpha),906,-0.029454248156401963,,28
night,ENR (CV alpha),907,-0.09164944858955981,,28
night,ENR (CV alpha),908,0.030427280029257764,0.48155428000829614,28
night,ENR (paper alpha),901,0.05426793839401456,0.29940719593953735,28
night,ENR (paper alpha),903,-2.360786199104282,-0.0729298906863009,28
night,ENR (paper alpha),905,-0.9246888877449315,-0.5389905037816349,28
night,ENR (paper alpha),906,-0.056060884472939554,0.11645700363713314,28
night,ENR (paper alpha),907,0.08397192127111719,0.35623040250273497,28
night,ENR (paper alpha),908,-0.14705217169175366,-0.17231773490374247,28
night,SVR-RBF,901,-0.10564390655504186,0.5402852699284248,28
night,SVR-RBF,903,-1.047052622180415,0.07337079322064478,28
night,SVR-RBF,905,-0.8626227998784679,-0.49808754376247466,28
night,SVR-RBF,906,-0.6933710636027202,0.3830168745669991,28
night,SVR-RBF,907,-0.3389026575575913,0.10532099783315615,28
night,SVR-RBF,908,0.0641283498594033,0.30438112179504684,28
both,ENR (CV alpha),901,-0.1764357476293834,,28
both,ENR (CV alpha),903,-0.6522619696235805,-2.5673907444456745e-16,28
both,ENR (CV alpha),905,-0.787193896982969,-0.5249014302090313,28
both,ENR (CV alpha),906,-0.029454248156401963,0.19854327158334958,28
both,ENR (CV alpha),907,-0.09164944858955959,0.09168782947149504,28
both,ENR (CV alpha),908,0.018348586491080177,0.5139370091960993,28
both,ENR (paper alpha),901,0.061924235689060025,0.2608498403575885,28
both,ENR (paper alpha),903,-1.7158783899197507,-0.14410104790380987,28
both,ENR (paper alpha),905,-1.088863726662726,-0.513142975427745,28
both,ENR (paper alpha),906,-0.1401258492918811,-0.02779410870715142,28
both,ENR (paper alpha),907,0.11250200618954687,0.44552551777333416,28
both,ENR (paper alpha),908,-0.23948082543959925,-0.044067479911177806,28
both,SVR-RBF,901,-0.09885673548145002,0.5543847710429269,28
both,SVR-RBF,903,-0.9423084473076866,0.010752264697884303,28
both,SVR-RBF,905,-0.32746853245371144,-0.23416611191799452,28
both,SVR-RBF,906,-0.2926347495638877,0.36735623146108254,28
both,SVR-RBF,907,-0.18764092040009017,0.08566469924697306,28
both,SVR-RBF,908,0.0031060662911588377,0.4168734462511743,28
