recordings,model,pooled_r2,pooled_pearson,pooled_p,mean_patient_r2,nonzero_coefs_per_fold
day,ENR (CV alpha),-0.24869942195352213,-0.1556959236658853,0.04387429228980855,-0.297977453561398,"1,0,3,1,0,1"
day,ENR (paper alpha),-0.380523677738853,0.1231097990902778,0.11187412751793063,-0.5200052355009469,"4,5,3,3,4,4"
day,SVR-RBF,0.01315700417291088,0.2198563646295082,0.0041897548557103285,-0.06613602922495009,
night,ENR (CV alpha),-0.22378487852749007,-0.23338217711110604,0.002330281341053657,-0.28063212374253516,"0,0,4,0,0,1"
night,ENR (paper alpha),-0.3560891250101188,0.11124910812395133,0.15110256036646028,-0.5583913805581292,"6,7,4,5,6,5"
night,SVR-RBF,-0.34349136166349514,-0.058472537919513214,0.45152399836745283,-0.49724411665247215,
both,ENR (CV alpha),-0.23145922272515085,-0.22272162459293032,0.0037103944853700095,-0.28644112074846906,"0,1,3,1,1,1"
both,ENR (paper alpha),-0.36004497685353476,0.10161509653343441,0.1899780745713278,-0.501653758239225,"5,6,3,4,6,3"
both,SVR-RBF,-0.14266258497018414,-0.05136338164544767,0.5084765906383946,-0.30763388648594453,
