recordings,model,order_seed,r2_subsample_mean,r2_full,pearson_full,n_test_weeks,cv_r2_patient_grouped
day,ENR,0,0.16657319409287577,0.16359289013235034,0.4185726415752882,166,
day,SVR-RBF,0,,0.3775740160712395,0.614593991553826,166,-0.20425401438172458
day,ENR,1,0.07008529799738736,0.06984714285443516,0.4038935488239223,168,
day,SVR-RBF,1,,0.3339817197056222,0.6333698516798558,168,-0.23241939193690456
day,ENR,2,0.15797647534835385,0.1579508310759835,0.41251330120594487,167,
day,SVR-RBF,2,,0.42980682493859823,0.6630708519560788,167,-0.025398292764208685
day,ENR,3,0.12932166426713582,0.13197586516318072,0.38382921113393814,167,
day,SVR-RBF,3,,0.48525500260094667,0.702651388277056,167,-0.19870152500231547
day,ENR,4,0.13369385207737394,0.13641824032380423,0.3769701374475868,168,
day,SVR-RBF,4,,0.4609925717094011,0.6860771499745342,168,-0.06972526912305706
day,ENR,5,0.1310600454966327,0.1282215525229321,0.3832985044040743,166,
day,SVR-RBF,5,,0.4782063782176962,0.6954477611271207,166,-0.06785528381252237
day,ENR,6,0.10094269912632427,0.10093509061626071,0.3951479638818972,168,
day,SVR-RBF,6,,0.4982287153812791,0.7104008234817578,168,-0.09362404099545987
day,ENR,7,0.1461668363530808,0.14806519887855663,0.4108324018187608,168,
day,SVR-RBF,7,,0.49224209778344497,0.7112070232909451,168,-0.1797445440681417
day,ENR,8,0.1790778038736433,0.17721125684351868,0.43571921068447494,167,
day,SVR-RBF,8,,0.37768308662009986,0.6155585201635227,167,-0.0837973094014555
day,ENR,9,0.11235135132663247,0.11538241100909863,0.359829198715972,167,
day,SVR-RBF,9,,0.47721616104459974,0.7067642827906665,167,-0.2156322526511743
day,ENR,10,0.14696433087367555,0.1501512255288695,0.39445395900072866,167,
day,SVR-RBF,10,,0.38162777324984065,0.6183804254440197,167,-0.20760975674185422
day,ENR,11,0.1496480987540434,0.15270826979669683,0.3998729894908296,167,
day,SVR-RBF,11,,0.5204107583639981,0.7299615203081046,167,-0.1139016293198328
day,ENR,12,0.10766530381960016,0.11063198619131742,0.3706683253463323,167,
day,SVR-RBF,12,,0.476675867040521,0.6958680785535368,167,-0.21427947612776155
day,ENR,13,0.16985776239615538,0.17014198767310684,0.4316648347330691,167,
day,SVR-RBF,13,,0.4632225766544317,0.6918117754760829,167,-0.19219270119567386
day,ENR,14,0.12704092858075647,0.13027334625260578,0.3825655560868978,167,
day,SVR-RBF,14,,0.40569722080193027,0.640886948686973,167,-0.1792806049774904
day,ENR,15,0.1344498546085672,0.12860506107518443,0.40213100417773306,166,
day,SVR-RBF,15,,0.4735852519191731,0.6976739303308223,166,-0.14036994266522412
day,ENR,16,0.112714694177709,0.11391702432200079,0.3709984101392375,167,
day,SVR-RBF,16,,0.4861778491142197,0.7141133543909078,167,-0.15816124559847256
day,ENR,17,0.16357457001129508,0.16458855288734908,0.42812076486533124,167,
day,SVR-RBF,17,,0.3123765753866514,0.5789889537238695,167,-0.2098586964033428
day,ENR,18,0.1654797249788057,0.16837742937457978,0.41048017766841327,167,
day,SVR-RBF,18,,0.5363628757480213,0.7375608115337466,167,-0.22099165683264782
day,ENR,19,0.1441916410027227,0.14678532760354113,0.39714220037451864,167,
day,SVR-RBF,19,,0.4546177169987071,0.6790094506525844,167,-0.06746731575644575
night,ENR,0,0.1024366368758335,0.09717082256888465,0.3426571407229357,165,
night,SVR-RBF,0,,0.08826195136454618,0.4561085402488605,165,-0.24735077355378793
night,ENR,1,0.09919810797605447,0.10478313537976769,0.327825063107729,167,
night,SVR-RBF,1,,0.14977784189910692,0.400714579774922,167,-0.1514239234608275
night,ENR,2,0.12563006672972107,0.12036318524810274,0.34815954196378973,166,
night,SVR-RBF,2,,0.1378704595496073,0.3904425881052741,166,-0.18576397894819824
night,ENR,3,0.09682402808689604,0.09473612193019632,0.3143418748571613,166,
night,SVR-RBF,3,,0.08251372743357932,0.42364945535080945,166,-0.2560161956664499
night,ENR,4,0.13740455743481636,0.1402380331695442,0.38127037781248774,167,
night,SVR-RBF,4,,0.04481837819201617,0.34758609551507547,167,-0.2715359272925268
night,ENR,5,0.08872828800513564,0.09076884046102585,0.34880903472069447,167,
night,SVR-RBF,5,,0.08470987214488446,0.4446223128341152,167,-0.2675144663003547
night,ENR,6,0.03821500188677068,0.03259188622490039,0.34085210438156643,166,
night,SVR-RBF,6,,0.0472283320559459,0.34687132839700663,166,-0.26433918527110734
night,ENR,7,0.125430321244655,0.12864166842096192,0.360947119755319,168,
night,SVR-RBF,7,,0.14463019837460667,0.4011176622495317,168,-0.15344033343599311
night,ENR,8,0.08845249263608528,0.08960771766922204,0.3651697706784559,166,
night,SVR-RBF,8,,0.11019801185889178,0.3664478502839003,166,-0.20456167822166815
night,ENR,9,-0.056654908309339475,-0.06224496240483224,0.37507200594585577,166,
night,SVR-RBF,9,,0.08908478316525514,0.4502122071900845,166,-0.2731901461772953
night,ENR,10,0.1298466439665181,0.12500191343478917,0.35994870217853575,166,
night,SVR-RBF,10,,0.1333287097940139,0.3885961534318488,166,-0.16879713771272384
night,ENR,11,0.12111344304443199,0.12372966398970997,0.3589118763109645,167,
night,SVR-RBF,11,,0.17293278329972284,0.4326531910906124,167,-0.15714132034058226
night,ENR,12,0.10774845186984428,0.10838289400708834,0.33463546133631406,166,
night,SVR-RBF,12,,0.15213056857927065,0.4109170776673314,166,-0.23092740490447064
night,ENR,13,0.015499751776992612,0.004384473286655255,0.3204607663673444,166,
night,SVR-RBF,13,,0.0893525535923132,0.43075250331566234,166,-0.2330638030643113
night,ENR,14,0.10115983833434462,0.10636888496169505,0.34981496195484885,167,
night,SVR-RBF,14,,0.13778450484637494,0.3904216062903488,167,-0.20860746112125997
night,ENR,15,0.13606569608329827,0.1313298039727573,0.3715925188863844,166,
night,SVR-RBF,15,,0.08954935064182656,0.4619010602474054,166,-0.2561938580130506
night,ENR,16,-0.12514356119773912,-0.13674767543359811,0.3073339692222057,166,
night,SVR-RBF,16,,0.36389094145915934,0.6156530572951711,166,-0.1771697720138719
night,ENR,17,0.12286830977195269,0.11902358202813867,0.3864349873447954,166,
night,SVR-RBF,17,,0.1310894462193103,0.3810830791479122,166,-0.17771203136987765
night,ENR,18,0.05744001533223411,0.05151047518446972,0.3386985535142754,166,
night,SVR-RBF,18,,0.09381857686200923,0.47090950922111696,166,-0.2736460311594806
night,ENR,19,0.0657205260190172,0.06748425508113642,0.33598391050152543,167,
night,SVR-RBF,19,,0.04966071685684326,0.3604450304951523,167,-0.26978883700129985
both,ENR,0,0.040892592198763456,0.04631225042353171,0.3206374132733693,168,
both,SVR-RBF,0,,0.09479402894878741,0.5277544814707018,168,-0.27289274651238243
both,ENR,1,0.04895050213383374,0.054360715855163444,0.2598957299898452,168,
both,SVR-RBF,1,,0.3300225089722124,0.5989564455637907,168,-0.22006991695009898
both,ENR,2,0.08537919223052862,0.08917129009362157,0.35400938900683965,168,
both,SVR-RBF,2,,0.05601598346495118,0.3253473755782994,168,-0.26382658701067374
both,ENR,3,0.041581118135428606,0.048571204572743,0.266936055603535,167,
both,SVR-RBF,3,,0.15239889395740092,0.41726327612696734,167,-0.24590885359814935
both,ENR,4,0.04805048257455181,0.053264019350363956,0.2567981826689939,168,
both,SVR-RBF,4,,0.15332628543826643,0.41767441403528344,168,-0.20591951254774693
both,ENR,5,0.04503601002204629,0.05089249381887473,0.2639926149904092,167,
both,SVR-RBF,5,,0.09816946587734321,0.470873718474316,167,-0.27043304982554617
both,ENR,6,0.027291075599422322,0.03334480192605083,0.26877419569976446,168,
both,SVR-RBF,6,,0.08943985210418326,0.5229116278035779,168,-0.2639257820678802
both,ENR,7,0.10576637389869127,0.109084265401871,0.36597785530373983,168,
both,SVR-RBF,7,,0.3550161694409337,0.650312469700292,168,-0.25437863107510517
both,ENR,8,0.06675766780610032,0.07187633985889341,0.32813978535156957,168,
both,SVR-RBF,8,,0.4867107640290175,0.6990474460910061,168,-0.21515297409575798
both,ENR,9,0.04296895709343343,0.04911333749938174,0.28927200315699153,167,
both,SVR-RBF,9,,0.16542325947446346,0.4304729509622236,167,-0.25060650748154945
both,ENR,10,0.03640815757235828,0.04194659287310287,0.2834887139927537,168,
both,SVR-RBF,10,,0.05170961874826896,0.362970689811826,168,-0.26331345795673866
both,ENR,11,0.06637853370737776,0.07143451098148779,0.33167351989239346,167,
both,SVR-RBF,11,,0.10290851671222945,0.491747720000439,167,-0.26674031259261516
both,ENR,12,0.029785361776594643,0.035620863913279344,0.21865126132114276,167,
both,SVR-RBF,12,,0.149458232139829,0.41442999181824636,167,-0.22898468685026105
both,ENR,13,0.04335488787301631,0.049095076064642806,0.2556572525953591,168,
both,SVR-RBF,13,,0.38609941437045503,0.6240666966419535,168,-0.17592874298558703
both,ENR,14,0.04989711276714603,0.05518697002527906,0.2707966077642532,167,
both,SVR-RBF,14,,0.10136611031689757,0.4712063774293131,167,-0.2621020792822869
both,ENR,15,0.055926491698169496,0.06118460558708261,0.30461048886931097,168,
both,SVR-RBF,15,,0.06142367340579835,0.34658983343054983,168,-0.25761405825293865
both,ENR,16,0.06904427974961239,0.07410139875199928,0.34758712085447363,168,
both,SVR-RBF,16,,0.06079830109742135,0.33066361764561325,168,-0.27603112021239734
both,ENR,17,0.05296438026315618,0.05825004311375381,0.3019911714085761,168,
both,SVR-RBF,17,,0.1707504127802626,0.43290775741342225,168,-0.24704726805832813
both,ENR,18,0.08118681591706403,0.08574212023497707,0.36258974486293594,168,
both,SVR-RBF,18,,0.09790587127556871,0.46129945028231745,168,-0.24345629524975515
both,ENR,19,0.09271408322021898,0.09601137708503704,0.326946827463651,168,
both,SVR-RBF,19,,0.09759991337705887,0.47339882123687044,168,-0.2652574704649213
