mc,family,align,model,n,R2,r,MAE,R2_901,r_901,R2_903,r_903,R2_905,r_905,R2_906,r_906,R2_907,r_907,R2_908,r_908,cell,p_selection_corrected,p_uncorrected
False,F-asym,none,Anchor,144,-0.2238267385240311,-0.1319483285034186,0.2121947043766169,-0.7040332048601545,,-0.4757489336065499,0.1794690400352995,-0.4545613594274666,0.0005455432316959,-0.1238748378174099,-0.5356519948909128,-0.0089632132862109,,-0.165311374232185,-0.333969782679029,noMC | F-asym | none | Anchor,1.0,0.43564356435643564
False,F-asym,none,ENR,144,-0.0363744574487434,0.0064160431959564,0.1979517562718266,-0.5194284593235607,-0.1560865167185759,-0.1782116449269675,0.0115798848972237,-0.0463543835185489,,-0.4461902374563919,-0.5356519948909129,0.0039086643495876,0.1207106973705339,-0.1428835024315338,-0.1998903229389769,noMC | F-asym | none | ENR,0.9504950495049505,0.1485148514851485
False,F-asym,none,ICP,144,-0.0713931943711261,-0.2655077368368894,0.2027833545319558,-0.7040332048601545,,-0.533192753858398,-0.329606129229397,-0.0463543835185489,,-0.0122603562705509,,0.0089400678466404,0.1325376469266614,-0.0772910374143407,,noMC | F-asym | none | ICP,1.0,0.8316831683168316
False,F-asym,none,SVR,144,0.0188795178899822,0.2016669165955393,0.1810453782042378,0.0251905526316625,0.2765015709588353,-0.3507954627839427,-0.2280875015661929,-0.2067438242336032,-0.2760925541168683,-0.2003143805954887,-0.1843270867549187,0.104277362673367,0.3621901342575156,-0.087892186152406,0.1551332629255062,noMC | F-asym | none | SVR,0.5742574257425742,0.0594059405940594
False,F-asym,z,Anchor,144,-0.4673421663481865,-0.1914670003106027,0.2311337048400424,-2.316531239930739,0.2929857095056315,-0.2980390894854043,0.0115798848972237,-0.3960134802993165,-0.2587367204510339,-0.087923466565484,-0.5356519948909134,-0.0074640740699876,0.1207106973705354,-0.1007891627446455,-0.1998903229389773,noMC | F-asym | z | Anchor,1.0,0.5346534653465347
False,F-asym,z,ENR,144,-0.1767518147945324,-0.2437307134626121,0.2131813525666297,-1.1653152807341345,0.2517485286631262,-0.4757489336065506,,-0.0463543835185489,,-0.0438253621176971,-0.5356519948909122,-0.0089632132862109,,-0.3330371043923497,-0.4114571225661728,noMC | F-asym | z | ENR,1.0,0.6336633663366337
False,F-asym,z,ICP,144,-0.0344671258945783,0.1242551660128037,0.1994632109373441,-0.7040332048601545,,-0.0544949587253056,0.0115798848972235,-0.0463543835185489,,-0.0122603562705509,,-0.0089632132862109,,-0.1373531008098698,-0.1998903229389767,noMC | F-asym | z | ICP,0.9306930693069307,0.31683168316831684
False,F-asym,z,SVR,144,-0.1196581971997186,-0.0571590573316827,0.2047012544922095,-0.3905011162120522,0.148316211575379,-0.6092007685224066,-0.1342962723633539,-0.2548307320245484,-0.1441189013044628,-0.3474812951434087,-0.5203448146862999,-0.0058421237680028,0.2279318126548428,-0.1287387457052475,-0.1794849929946672,noMC | F-asym | z | SVR,1.0,0.33663366336633666
False,F-band,none,Anchor,144,-0.4953956822518033,-0.130503814149365,0.2080666959521981,-0.6719968149833937,-0.2875339402545177,-0.6571854668713626,-0.3866432313860917,-1.240740128485725,-0.5216699714111384,-0.0594698667787314,0.1001601521908735,-0.0547133237416379,0.0777116758750934,-0.0325067577622568,0.0640458051460886,noMC | F-band | none | Anchor,1.0,0.6138613861386139
False,F-band,none,ENR,144,-0.2364962638943426,-0.1426512217137287,0.1996250728954541,-0.7040332048601545,,-0.4757489336065506,,-0.5335798751055787,-0.4795506901837322,-0.0122603562705509,,-0.0089632132862109,,-0.0772910374143407,,noMC | F-band | none | ENR,1.0,0.9306930693069307
False,F-band,none,ICP,144,-0.0751016200624532,-0.0944430281024149,0.2012248700680502,-0.7040332048601545,,-0.4757489336065506,,-0.0463543835185489,,-0.2588540968589099,0.0356742067448518,0.0049207031317585,0.1044002898853528,-0.023736771836506,0.071781349358473,noMC | F-band | none | ICP,1.0,0.5643564356435643
False,F-band,none,SVR,144,-0.1578779663693703,-0.0819805502632044,0.2048546685978426,-0.5320505042419088,0.031885736667795,-1.087241481871278,-0.3343855503107951,-0.1327378750066339,-0.2674227401026493,-0.7890263797892436,0.0416699108736293,-4.643397958581375e-06,0.0946737873372596,0.0109542438178052,0.1260144315224771,noMC | F-band | none | SVR,1.0,0.297029702970297
False,F-band,z,Anchor,144,-3.915291715145517,-0.0143988262841503,0.3267543172113786,-0.7171797807226774,-0.2973437984698412,0.0098664994346833,0.1916245131959583,-11.220014212180535,-0.5492902727595105,-0.430286136963445,0.0407232519151797,-0.032787990354357,0.0111673836658734,-0.0534530123052421,0.1674498044394842,noMC | F-band | z | Anchor,1.0,0.9801980198019802
False,F-band,z,ENR,144,-0.4114452381586768,-0.0655562098902057,0.200591893090543,-0.6458073303446652,-0.344948591190624,-0.1115993874452034,0.1919643946017072,-1.1588269371574316,-0.6648627799763622,-0.1467013876728697,-0.0439552001771162,-0.0045997083930273,-0.0452064271130539,-0.0336069452355665,0.1642384607622206,noMC | F-band | z | ENR,1.0,0.9504950495049505
False,F-band,z,ICP,144,-0.0735501648427208,-0.2593273391899446,0.2015591424072027,-0.7040332048601545,,-0.4757489336065506,,-0.0463543835185489,,-0.0122603562705509,,-0.0963073227255741,-0.1724225784081398,-0.0427645365340889,-0.3500722322862759,noMC | F-band | z | ICP,1.0,0.8415841584158416
False,F-band,z,SVR,144,-0.2063583099697992,-0.0866942649580889,0.218285491250948,-0.4766602436020544,0.2002596773317868,-1.151578570622393,-0.3652749879438658,-0.0228839567112681,0.2553109400995215,-2.3036506700475985,-0.0681681408184372,-0.0152458436916451,0.0375505447598589,-0.0334517491642021,-0.0183324508380394,noMC | F-band | z | SVR,1.0,0.7029702970297029
False,F-fooof-per,none,Anchor,144,-0.3740895998372924,0.0342594989499523,0.2242041540631382,-1.2564352811082302,-0.4257847043664693,-0.5858224658200446,-0.3060694114527358,-0.0311527144236809,0.7538665714806068,-3.756719447828973,-0.3915800891736321,-0.0336570978986994,-0.1001792752063665,0.0202781362137592,0.1715871218664906,noMC | F-fooof-per | none | Anchor,1.0,0.7722772277227723
False,F-fooof-per,none,ENR,144,-0.1672227015916387,-0.1658385581462737,0.2147462717715707,-0.7040332048601545,,-0.4757489336065506,,-0.0252615796374835,0.2138829840629653,-1.830167457997379,-0.4942821731211304,-0.0089632132862109,,-0.1303567930033584,-0.1661076730076767,noMC | F-fooof-per | none | ENR,1.0,0.7821782178217822
False,F-fooof-per,none,ICP,144,-0.1162546593054911,-0.1907365408814277,0.2068056949341451,-0.7040332048601545,,-0.4256577383038959,-0.3994149205471388,-0.0463543835185489,,-0.9615402055559884,-0.46978722819217,-0.0089632132862109,,-0.0772910374143407,,noMC | F-fooof-per | none | ICP,1.0,0.6534653465346535
False,F-fooof-per,none,SVR,144,-0.0214573265868833,0.1038147293310041,0.1939318530049418,-0.6127777447655296,-0.3792623255051021,-0.4137629449620637,-0.2358734047799522,0.1239414547580931,0.7271918317473174,-0.7546328099677964,-0.4955726659235725,-0.0131919863868701,0.2214535011716319,-0.001161747251388,0.1245146558135972,noMC | F-fooof-per | none | SVR,0.8514851485148515,0.09900990099009901
False,F-fooof-per,z,Anchor,144,-24.253002317681577,0.0030149089497137,0.6371915241748997,-0.2289577277879464,-0.0314851380812555,-0.8149563813046843,-0.3868511326060052,-69.48720906318336,0.3966105356116579,-2.4825945270354643,-0.2026299627028368,0.0749926248957606,0.3905125152304977,-0.89960320244037,0.3045184262933332,noMC | F-fooof-per | z | Anchor,1.0,1.0
False,F-fooof-per,z,ENR,144,0.041101470772043,0.3536753049472841,0.1896960903359756,-0.4698445831746332,0.181682584176896,-0.2990434654301694,-0.1235815366556282,0.198076550235842,0.8542512974701332,-0.4505670414601952,-0.3482797761976755,-0.0615121563375786,0.462337289912743,-0.1197701430529791,0.2766673651290385,noMC | F-fooof-per | z | ENR,0.39603960396039606,0.019801980198019802
False,F-fooof-per,z,ICP,144,-0.0678892195895042,-0.3305316506301519,0.2019973681258202,-0.7040332048601545,,-0.4757489336065506,,-0.0463543835185489,,-0.0122603562705509,,-0.0089632132862109,,-0.0772910374143407,,noMC | F-fooof-per | z | ICP,1.0,0.6435643564356436
False,F-fooof-per,z,SVR,144,-0.24122599535886,-0.1008914860311996,0.2184303826865736,-0.5750844217882445,-0.2283722216091412,-0.9536739957983272,-0.3165857769862553,-0.0008475986076372,-0.181896907461818,-2.363353405770839,-0.139984898056235,-0.2559233030631043,0.4402532741403901,-0.1922193584604015,0.3545532586627566,noMC | F-fooof-per | z | SVR,1.0,0.801980198019802
False,F-rel,none,Anchor,144,-0.3630851046625367,-0.003152908242774,0.2097701732050785,-0.7981676994178462,-0.1612472270805943,-0.2711146465131735,-0.2658476156780153,-0.7748470670420782,-0.6009881114295577,-0.9125451265586078,-0.2877411217927584,0.0029124923065736,0.1985878947343574,-0.0377840115957364,0.1895179985334646,noMC | F-rel | none | Anchor,1.0,0.45544554455445546
False,F-rel,none,ENR,144,-0.1626708323589289,-0.1347350578040942,0.1980677418800376,-0.7650961105864502,-0.0867956804835631,-0.4757489336065506,,-0.2978334038321886,-0.3374056969795852,-0.1071104530333946,-0.0573322917512083,0.01078158882287,0.3192202383590106,-0.0100828589296853,0.1094304309209579,noMC | F-rel | none | ENR,1.0,0.8415841584158416
False,F-rel,none,ICP,144,-0.1201542633536869,-0.230761210020952,0.2063007161147551,-0.7040332048601545,,-0.4757489336065506,,-0.0463543835185489,,-0.0122603562705509,,-0.023816072497953,-0.0346722347345361,-0.6064029234222605,-0.3818032444553078,noMC | F-rel | none | ICP,1.0,0.7029702970297029
False,F-rel,none,SVR,144,-0.0559812632249279,0.0751021558553315,0.1971782646443062,-0.5892404535561115,0.1716039196372721,-0.2953843434331984,-0.2812683400456954,-0.0679594224485633,-0.3439816607741832,-0.6639533498047985,0.0093080913685381,0.095760357142506,0.3632147045716585,0.0030483765753406,0.2694148323215153,noMC | F-rel | none | SVR,1.0,0.09900990099009901
False,F-rel,z,Anchor,144,-34.076131412241985,-0.0792961320382368,0.7140408418536945,-0.868223816248294,0.0150923301520903,-0.1307761396590439,-0.1719925780523545,-97.86207167439164,-0.2544276766429366,-0.5551196249066954,0.0427917076459886,-0.20065593582408,-0.0171739636076784,-1.2375149070905525,-0.3381327517415741,noMC | F-rel | z | Anchor,1.0,1.0
False,F-rel,z,ENR,144,-0.0975753734341873,-0.217961051247968,0.2051784650200735,-0.7040332048601545,,-0.4757489336065506,,-0.0570096839929334,-0.4598490517453419,-0.3366039712142539,-0.3324728546484373,-0.0247570802793546,-0.0649730138152053,-0.1425646166062864,-0.2988292127136702,noMC | F-rel | z | ENR,1.0,0.594059405940594
False,F-rel,z,ICP,144,-0.0411517889437909,-0.0498253481956001,0.1992459537850233,-0.7040332048601545,,-0.2049181616762789,-0.2050522676777307,-0.0463543835185489,,-0.0122603562705509,,-0.0089632132862109,,-0.0611603360356474,-0.3365756619281202,noMC | F-rel | z | ICP,0.9801980198019802,0.12871287128712872
False,F-rel,z,SVR,144,-0.138520800110599,-0.0638652476224493,0.2088702869044695,-0.8132033817558724,-0.1608572610959363,-0.3213537396552761,-0.1462607650321766,-0.0272562465483878,-0.172985561413809,-1.3648528426457598,-0.0912887144907086,-0.0030444214072944,0.0359367080090143,-0.0471948257833274,-0.0697264811903973,noMC | F-rel | z | SVR,1.0,0.33663366336633666
False,F-riem,none,Anchor,144,-0.735260580091661,-0.0080085571105805,0.2417005499425581,-0.8001660839969684,0.0734201133790292,-0.0445410608556862,0.0255211817252072,-0.9611142754210956,-0.4912643969475498,-2.872850281300798,0.1703085806967905,0.0065882041573399,0.4986268670075626,-2.324783125062428,0.2078825438131434,noMC | F-riem | none | Anchor,1.0,0.5841584158415841
False,F-riem,none,ENR,144,-0.1404764156621605,-0.5679533273850639,0.2072638385900785,-0.7040332048601545,,-0.4757489336065506,,-0.2561103426200108,-0.8361344093712841,-0.0122603562705509,,-0.0089632132862109,,-0.0772910374143407,,noMC | F-riem | none | ENR,1.0,0.8415841584158416
False,F-riem,none,ICP,144,-0.086217645047635,-0.2193000843110698,0.205801707298547,-0.6659289719012595,0.484150991155594,-0.8332534695773139,-0.4202072764688382,-0.0463543835185489,,-0.0340880036703306,-0.1031899762022465,-0.0089632132862109,,0.0199193680885658,0.2822702246935262,noMC | F-riem | none | ICP,1.0,0.40594059405940597
False,F-riem,none,SVR,144,-0.0778584986987578,0.1401755525210725,0.1984595056206965,-0.1173287673497198,0.4405552020940225,-0.5419474589472497,0.1815097008081856,0.0191762229185252,0.2773235354925616,-0.8684592825542772,0.1198939814157739,-0.900668062546014,0.4990292620140709,0.0051346579724228,0.3184715851493568,noMC | F-riem | none | SVR,1.0,0.019801980198019802
False,F-riem,riem,Anchor,144,-1.368280711939716,0.2054590319135439,0.3036769396054499,-0.6232864870097159,0.3416346394374964,-5.287300235653475,0.151576830433323,-0.3504001588179306,-0.2027177534817977,-0.816434691424542,0.0807824804485188,-5.132782057839861,-0.1637881294070398,-2.0676354011797056,0.1411396462555171,noMC | F-riem | riem | Anchor,1.0,0.7524752475247525
False,F-riem,riem,ENR,144,-0.1813148193503297,-0.0626600393188518,0.1994147777103131,-0.7040332048601545,,-0.4757489336065506,,-0.3563171894684258,-0.2484565123107537,-0.1225635583268218,-0.0196765659646717,-0.0089632132862109,,-0.0772910374143407,,noMC | F-riem | riem | ENR,1.0,0.9207920792079208
False,F-riem,riem,ICP,144,-0.0763842284567974,-0.1278475675519556,0.2026950724681064,-0.7040332048601545,,-0.4352129923124135,-0.40359019091262,-0.0463543835185489,,-0.1247502303321264,0.4355739102477548,0.0021042063742876,0.1936618646324194,-0.151525690925637,0.125721576450166,noMC | F-riem | riem | ICP,1.0,0.5346534653465347
False,F-riem,riem,SVR,144,-0.1335773238607451,-0.1580301851621502,0.1976576633506213,-0.7657597057698455,-0.3408211518079642,-0.7164232553589829,0.1354102614039281,-0.1600459012823878,-0.5010600177751677,-0.0176295540697291,0.3208935956668964,-0.0606195933523308,0.3709857532317848,0.0551119630521866,0.2758402348992161,noMC | F-riem | riem | SVR,1.0,0.693069306930693
False,F-riem,z,Anchor,144,-0.4198402189496759,0.0866569284586946,0.2367893171898872,-0.876933134274317,0.5558392313389358,-0.6456141809520661,0.0279775518371914,0.0857128667140384,0.2992876246266603,-5.380938167608728,0.2808944279829232,-0.3806269051605091,0.2258775902429297,-0.2112344258792982,0.0969320774465713,noMC | F-riem | z | Anchor,1.0,0.18811881188118812
False,F-riem,z,ENR,144,-0.1023476881760578,0.0454799512675394,0.2065385585690112,-0.7767547086098827,0.5343994093024016,-0.4297439178332376,0.0010862639946915,-0.0333541388599472,-0.1688029985172405,-0.2819386034188,0.2863769114256608,-0.156499683195066,0.2058621448387032,-0.0772910374143407,,noMC | F-riem | z | ENR,1.0,0.6237623762376238
False,F-riem,z,ICP,144,-0.0811226353038794,-0.090571817891548,0.2012912643312685,-0.7040332048601545,,-0.4757489336065506,,-0.0463543835185489,,-0.0108285452674958,0.2776794626271384,0.0003696378544922,0.2018185222022729,-0.2261204636773786,-0.1351199489485196,noMC | F-riem | z | ICP,1.0,0.594059405940594
False,F-riem,z,SVR,144,-0.1200137752326051,-0.1523343888336336,0.2007609452207301,-0.9492908206796232,-0.3569734518626461,-0.8023454347168733,-0.1592110758655278,0.0343837688322932,0.2620846925166247,-0.3957286320805735,-0.0573563475090452,0.0140064607409378,0.3372988982226832,0.0611626865736976,0.2742279624663201,noMC | F-riem | z | SVR,1.0,0.297029702970297
True,F-asym,none,Anchor,139,-0.2747649459598864,-0.202897912061395,0.218332049420169,-0.7320403405384734,,-0.4572310795376828,,-0.5691079039459508,-0.412959925545801,-0.181320867548359,-0.5147475610979115,-0.0062630222769906,,-0.1972350617754439,-0.2918691130485703,MC | F-asym | none | Anchor,1.0,0.801980198019802
True,F-asym,none,ENR,139,-0.1118614323443396,-0.2907161190437793,0.2089672603432074,-0.7320403405384734,,-0.4572310795376828,,-0.0513933201697525,,-0.4051103329682646,-0.5724113434419701,0.0060991644506411,0.1477402608558118,-0.2821260158216989,-0.4227077784059145,MC | F-asym | none | ENR,1.0,0.5544554455445545
True,F-asym,none,ICP,139,-0.0424388155348645,0.1792516423760548,0.2062090758741497,-0.7320403405384734,,-0.1806831123255128,0.0222897753799852,-0.0513933201697525,,-0.0223751253355746,,0.0147349139999175,0.1627509863312815,-0.0370704742917988,,MC | F-asym | none | ICP,0.9900990099009901,0.3069306930693069
True,F-asym,none,SVR,139,0.0727563705819628,0.295504673224121,0.18760173422089,0.0006928788282806,0.3001036094865122,-0.3833214690939777,-0.1677385994874018,0.013841907568358,0.1350778161701075,-0.2509060454572553,-0.2615952053496492,0.0871474627074943,0.426078012026873,-0.2255066378109502,-0.0297520873309656,MC | F-asym | none | SVR,0.22772277227722773,0.019801980198019802
True,F-asym,z,Anchor,139,-0.4940324596450585,-0.1930346247405627,0.233020796286983,-1.4258041517377116,0.3483138366470455,-0.4572310795376828,,-0.9004045595972618,-0.3527725470478843,-0.0223751253355746,,-0.0062630222769906,,-0.0370704742917988,,MC | F-asym | z | Anchor,1.0,0.6336633663366337
True,F-asym,z,ENR,139,-0.2319687107697663,-0.146786848585494,0.2145711385256244,-0.764644232952058,0.2958862392442165,-0.4572310795376828,,-0.4257380761802247,-0.009501098598661,-0.1588698087880373,-0.5742408515621755,-0.0107132615560079,0.2783810775049358,-0.2246028802014927,-0.3419634218157,MC | F-asym | z | ENR,1.0,0.801980198019802
True,F-asym,z,ICP,139,-0.1714266924550549,-0.1561755940787526,0.2142263676381435,-0.7320403405384734,,-0.4572310795376828,,-0.0513933201697525,,-0.0223751253355746,,-0.0062630222769906,,-1.2147729918333363,-0.2965918645814263,MC | F-asym | z | ICP,1.0,0.8910891089108911
True,F-asym,z,SVR,139,-0.2775800624004698,-0.0976209317149839,0.2165046284701329,-0.472978728177543,0.3001285135234848,-0.529799941123082,-0.211458546038134,-0.5875172972689544,-0.1164855257815781,-0.5279205733324752,-0.5507860847242152,-0.0330983802639868,0.3210901300930976,-0.3635381888850937,-0.4113044894633594,MC | F-asym | z | SVR,1.0,0.6633663366336634
True,F-band,none,Anchor,139,-0.4308778116073553,-0.0905920021765537,0.2053042585669196,-0.7396764469127941,-0.2619208663427327,-0.5818431466739535,-0.3856262402802722,-1.085462941460555,-0.5229546694309443,0.1804455476394183,0.4977561821602682,-0.0842867636862296,-0.1578009840023124,0.1040850585880772,0.3252275565445817,MC | F-band | none | Anchor,1.0,0.594059405940594
True,F-band,none,ENR,139,-0.2008837478415897,-0.1506818682626742,0.2021675069785425,-0.7320403405384734,,-0.4572310795376828,-0.2739264295275626,-0.422892981131771,-0.4977887577113163,-0.0223751253355746,,-0.0062630222769906,,-0.0370704742917988,,MC | F-band | none | ENR,1.0,0.7821782178217822
True,F-band,none,ICP,139,-0.091942271424863,-0.3489257341715381,0.2074709680558679,-0.7320403405384734,,-0.4572310795376828,,-0.0513933201697525,,-0.2230134750014532,-0.479483323095205,-0.0375157979421616,-0.1137903399731498,-0.1158610326942588,-0.3955854152559233,MC | F-band | none | ICP,1.0,0.5148514851485149
True,F-band,none,SVR,139,-0.2454753907456954,-0.1508846493040767,0.2202305566565073,-0.6372254238195896,0.1533248879023264,-1.3681923297431706,-0.3070358984136556,-0.1036271963611672,-0.2911220334321117,-1.0400376048975035,-0.0068786642614521,-0.1786858950530621,-0.0592342001114702,-0.1859917347386495,-0.0066375627504952,MC | F-band | none | SVR,1.0,0.5148514851485149
True,F-band,z,Anchor,139,-4.418032517342603,0.0623964868724914,0.3864877940396188,-0.7885689018350965,-0.2523979990908782,-8.218088129855154,-0.0307406396071875,-10.206178522071347,-0.5412124779457168,0.0784147668845031,0.4328679057377485,-0.4544103382361852,0.0666069489401322,-0.1054680751877379,-0.1353503421103584,MC | F-band | z | Anchor,1.0,1.0
True,F-band,z,ENR,139,-0.774178033555355,-0.090205326197631,0.2254966774477791,-0.7320403405384734,,-0.4572310795376828,,-2.0304578149487744,-0.6163571015166674,-0.0223751253355746,,-0.0062630222769906,,-0.1522493892488157,-0.3355277520146276,MC | F-band | z | ENR,1.0,0.9801980198019802
True,F-band,z,ICP,139,-0.0983651106743705,-0.1876702988884148,0.2072819209344467,-0.7320403405384734,,-0.4572310795376828,,-0.0513933201697525,,-0.34569557002847,-0.0999691856349793,-0.1021079116526331,-0.1137903399731489,-0.031801818261145,-0.3955854152559238,MC | F-band | z | ICP,1.0,0.7029702970297029
True,F-band,z,SVR,139,-0.149127183166408,0.0205621692884207,0.215234951052456,-0.5234334846405362,0.2538786064002881,-0.6626399100407505,-0.4522031073747705,-0.0297748790562593,0.224746811313434,-0.9375897162934292,-0.1324922361974641,-0.2147333195896903,-0.1318585174923618,-0.403892846246829,0.4620278621352845,MC | F-band | z | SVR,1.0,0.12871287128712872
True,F-fooof-per,none,Anchor,139,-0.4858175272075813,0.0111470704530361,0.2397721674817965,-1.3231493836734236,-0.4301105673522127,-0.5953856564728555,-0.0600719152674497,0.2752647674193816,0.8423075461504353,-7.4705116928882465,-0.4301120806096529,0.0257744687213522,0.3306423300707755,0.0303455745673135,0.3459340891352369,MC | F-fooof-per | none | Anchor,1.0,0.8811881188118812
True,F-fooof-per,none,ENR,139,-0.1883037960101437,-0.1544808878938704,0.2213994101618447,-0.7320403405384734,,-0.4572310795376828,,-0.0513933201697525,0.272286601339686,-2.1454819341236284,-0.4622825238559998,-0.0062630222769906,,-0.0174389242818389,0.153933393071777,MC | F-fooof-per | none | ENR,1.0,0.8316831683168316
True,F-fooof-per,none,ICP,139,-0.1461189504553179,-0.2024989801067523,0.2137964511749982,-0.7419485379544499,-0.4126559695611349,-1.1042308295018133,-0.0543602227131449,-0.0513933201697525,,-0.3283096934332596,-0.4110945240440297,-0.0062630222769906,,0.0154799362120323,0.1864788785589428,MC | F-fooof-per | none | ICP,1.0,0.8415841584158416
True,F-fooof-per,none,SVR,139,-0.2331154871372363,0.0009114733895667,0.2226145057510218,-0.6375259459165903,-0.3690922272124132,-0.4235511732312385,-0.1157871944579261,-1.7640634513593767e-05,0.3698450483147323,-3.6890605259040665,-0.4457701763553333,0.1538198982555275,0.4763799130515505,-0.1698740831530769,0.3215690302015541,MC | F-fooof-per | none | SVR,1.0,0.6732673267326733
True,F-fooof-per,z,Anchor,139,-7.0732304623505815,-0.0381082581070961,0.4668284068384013,-2.106592423611204,-0.3815874923923115,-1.360187312935326,-0.2119007436662191,-1.3767488318926802,-0.1683662235205113,-105.10923618750688,-0.2260838819297707,-0.2323724565352913,0.4917568853240665,-3.2502431741511133,0.3574397535436191,MC | F-fooof-per | z | Anchor,1.0,0.9900990099009901
True,F-fooof-per,z,ENR,139,-0.0287260753034546,0.1695467466869447,0.1985549629133196,-0.6605747297846152,0.5151142834297661,-0.1081970018628395,0.127082665055724,0.0300670463537199,0.6408089643873555,-0.1831507846567761,-0.4339276081941811,-0.1176435498135677,0.5290006639677229,-0.1752071680050799,0.3758657534280859,MC | F-fooof-per | z | ENR,0.8910891089108911,0.09900990099009901
True,F-fooof-per,z,ICP,139,-0.1333566806012411,0.031141640935082,0.2109887528167285,-0.4658872897967794,0.5247900441558325,-0.4572310795376828,,-0.0513933201697525,,-0.3507915355408362,-0.4104719005722044,-0.0062630222769906,,-1.1181033086871364,0.257331201910238,MC | F-fooof-per | z | ICP,1.0,0.693069306930693
True,F-fooof-per,z,SVR,139,-0.7591688984255682,0.0073980985930217,0.2566328421178074,-0.5336627811123511,-0.2558996617555218,-0.5257666723483643,-0.157692712907063,0.0698556406525795,0.5568640822826931,-12.585678094015606,-0.2163109466021393,-0.5222376735924077,0.4989042565207016,-0.0467504341643068,0.1845046102940863,MC | F-fooof-per | z | SVR,1.0,0.9801980198019802
True,F-rel,none,Anchor,139,-0.3976697558963205,0.0057249782716076,0.2128497698971628,-0.7498324103013441,-0.2576188814348965,-0.4784915438703665,-0.2038664806494184,-0.7507621458936196,-0.6028766172547997,-0.0376523104097121,0.3072027555465234,-0.0300686687467375,-0.0364621331579541,-0.8939633709525856,-0.2034503904570127,MC | F-rel | none | Anchor,1.0,0.594059405940594
True,F-rel,none,ENR,139,-0.1658721724880729,-0.2638783644728212,0.2044987746918089,-0.7721446805698404,-0.1098000764804517,-0.4572310795376828,,-0.3126290030523373,-0.6705200503538595,0.0287604988550918,0.171044626490683,-0.0062630222769906,,-0.028158524224525,-0.0996125022272957,MC | F-rel | none | ENR,1.0,0.9405940594059405
True,F-rel,none,ICP,139,-0.0706755697145771,-0.3310918513437761,0.204789495960506,-0.7320403405384734,,-0.4572310795376828,,-0.0513933201697525,,-0.0223751253355746,,-0.0062630222769906,,-0.0370704742917988,,MC | F-rel | none | ICP,1.0,0.594059405940594
True,F-rel,none,SVR,139,-0.209374163931592,-0.0595277373554193,0.215138621500684,-0.5623434798118401,0.1794071724051782,-0.2622764928716263,-0.2587349089617659,-0.4210640101344201,-0.4714310681746701,-0.8695623183537589,-0.0166899608871742,-0.0138643882147146,0.0735196736320972,-0.1523960009922536,-0.1121593548896055,MC | F-rel | none | SVR,1.0,0.7326732673267327
True,F-rel,z,Anchor,139,-2.5469692120595075,0.2313368123682644,0.3587994729330402,-0.6721174109149328,-0.1155154031297066,-8.46816428845725,0.0241076485529104,-2.8114597740875498,0.5777320713880443,-2.0923672332641563,-0.3445230218197527,-0.0324017503523659,0.1300564195674702,-7.589016263448059,0.1303739918667077,MC | F-rel | z | Anchor,1.0,0.8811881188118812
True,F-rel,z,ENR,139,-0.2216623437856009,0.2388708114137753,0.2168578706705256,-0.7295200100012678,-0.2581972709664511,-2.375345094955091,0.0300091459326364,0.0663596294407471,0.4949800899229599,-0.2725717415055209,-0.3213716690737405,0.0133495172896278,0.226437813491182,-0.0370704742917988,,MC | F-rel | z | ENR,1.0,0.900990099009901
True,F-rel,z,ICP,139,-0.0706755697145771,-0.3310918513437761,0.204789495960506,-0.7320403405384734,,-0.4572310795376828,,-0.0513933201697525,,-0.0223751253355746,,-0.0062630222769906,,-0.0370704742917988,,MC | F-rel | z | ICP,1.0,0.5643564356435643
True,F-rel,z,SVR,139,-0.4373064899328442,0.1829732477697788,0.2425725860257739,-0.7061201435434288,-0.0791718168282581,-3.8380554717687456,0.0142023587152891,0.0141510312445365,0.2040219801829892,-1.407047046143394,-0.2017722235385124,0.0109751162586768,0.1073694168789387,-0.0346688252872438,-0.0398733219475947,MC | F-rel | z | SVR,1.0,0.9603960396039604
True,F-riem,none,Anchor,139,-0.6695960619109245,0.0109812641515807,0.2189632596640895,-0.6106822303644388,0.537599266077863,-0.0591568913861135,0.0925327119402023,-1.5579568706917135,-0.407369346046319,-1.233932559492284,0.1412276461262659,0.0238185213919883,0.3367560285425743,-0.8018943666469565,0.3542597694326503,MC | F-riem | none | Anchor,1.0,0.5544554455445545
True,F-riem,none,ENR,139,-0.0827004603398118,-0.0928911469229395,0.2070996029818153,-0.7320403405384734,,-0.4572310795376828,,-0.0626743901649304,0.2927598078654301,-0.2224921966955446,-0.2659943223779412,-0.0062630222769906,,3.813980778988313e-05,0.1982346210056156,MC | F-riem | none | ENR,1.0,0.7227722772277227
True,F-riem,none,ICP,139,-0.1038087421022413,-0.3122263368552861,0.2089332342412968,-0.7320403405384734,,-0.8247755609026219,-0.4165438627719554,-0.0513933201697525,,-0.0092439002699267,0.0004508602335359,0.0009793008946559,0.1675820784652714,-0.0370704742917988,,MC | F-riem | none | ICP,1.0,0.6435643564356436
True,F-riem,none,SVR,139,-0.0589017758003111,0.0734196571023119,0.196852214010107,-0.2739739850032785,0.4216557605221488,-0.2020122593171671,0.3469381404327977,-0.0848964007551171,-0.0849570716813105,-0.5572427707486336,-0.1969443891899073,-0.3918688420014493,0.5386086598109738,-0.1937446986587396,-0.0525930395763192,MC | F-riem | none | SVR,1.0,0.009900990099009901
True,F-riem,riem,Anchor,139,-4.826418074455678,0.2519909948661872,0.4244048051064774,-0.8321673240725724,0.0705080667651522,-44.654975390165234,0.201718001253017,-0.3143435411708646,-0.319820537152984,-6.344528037848915,-0.2150677310768244,-1.222224134305829,0.0181854218963565,-0.0370704742917988,,MC | F-riem | riem | Anchor,1.0,0.9900990099009901
True,F-riem,riem,ENR,139,-0.0706755697145771,-0.3310918513437761,0.204789495960506,-0.7320403405384734,,-0.4572310795376828,,-0.0513933201697525,,-0.0223751253355746,,-0.0062630222769906,,-0.0370704742917988,,MC | F-riem | riem | ENR,1.0,0.49504950495049505
True,F-riem,riem,ICP,139,-0.0694996116598922,-0.0896044933388825,0.2058962725173754,-0.6443437775496723,0.4059599859299624,-0.3938284654561006,-0.3975913391573247,-0.0613442190003978,0.3161301043298399,-0.3469719400292319,-0.1363171932213025,0.0036521000611398,0.1616192754245608,-0.0370704742917988,,MC | F-riem | riem | ICP,1.0,0.42574257425742573
True,F-riem,riem,SVR,139,-0.1819629207538358,-0.1184714233393842,0.2113318346414575,-0.867717510189979,-0.3458537721447088,-0.6588729872213808,0.3844958849123158,-0.1008826636435531,-0.273546824915039,-0.8098213035190407,0.134153818324555,-0.0437810528893929,0.481782861574745,-0.0627065918864298,-0.0345386871922029,MC | F-riem | riem | SVR,1.0,0.7623762376237624
True,F-riem,z,Anchor,139,-1.7713765906846928,-0.0351147043178078,0.3068518559641498,-1.8526454928861689,0.4130104650618832,-2.463078711297808,0.190775465858332,-3.6180673450514034,-0.5688516050174336,-0.6620056729702226,-0.083564041429908,-0.2227952481024726,0.315290432084742,-0.0370704742917988,,MC | F-riem | z | Anchor,1.0,0.7227722772277227
True,F-riem,z,ENR,139,-0.1049168149534682,-0.2695500429593935,0.209448248292368,-0.9051087362778208,0.5579473834125286,-0.4572310795376828,,-0.0513933201697525,,-0.0733189012540704,-0.2659943223779404,-0.0062630222769906,,-0.0370704742917988,0.0092887715529506,MC | F-riem | z | ENR,1.0,0.5841584158415841
True,F-riem,z,ICP,139,0.0754730864308905,0.3431015840314947,0.1893387849436502,-0.7320403405384734,,-0.4539841304179224,-0.2650131171637463,0.4130944216647256,0.7260767278856615,-0.340440806528703,-0.0923017129617744,0.0025468687379656,0.1675820784652757,-0.0370704742917988,,MC | F-riem | z | ICP,0.2079207920792079,0.009900990099009901
True,F-riem,z,SVR,139,-0.2411749672487881,-0.2674632332808889,0.2124749793482593,-1.121680449724316,-0.3593337591791689,-0.8000294632473559,-0.065756833703805,-0.2300258445828611,-0.6496391944457536,-0.2080618039481447,-0.0557614684989506,0.0367554954476087,0.3676788706739872,-0.0252994589859101,-0.1835405960988441,MC | F-riem | z | SVR,1.0,0.6138613861386139
