mc,family,align,model,n,R2,r,MAE,R2_901,r_901,R2_903,r_903,R2_905,r_905,R2_906,r_906,R2_907,r_907,R2_908,r_908
False,F-asym,none,Anchor,144,-0.22382673852403112,-0.13194832850341864,0.21219470437661692,-0.7040332048601545,,-0.4757489336065499,0.17946904003529954,-0.45456135942746667,0.0005455432316959219,-0.12387483781740993,-0.5356519948909128,-0.00896321328621097,,-0.165311374232185,-0.333969782679029
False,F-asym,none,ENR,144,-0.03637445744874346,0.0064160431959564175,0.19795175627182665,-0.5194284593235607,-0.1560865167185759,-0.1782116449269675,0.011579884897223738,-0.046354383518548925,,-0.44619023745639197,-0.5356519948909129,0.003908664349587698,0.12071069737053397,-0.1428835024315338,-0.19989032293897696
False,F-asym,none,ICP,144,-0.07139319437112612,-0.26550773683688944,0.20278335453195587,-0.7040332048601545,,-0.533192753858398,-0.329606129229397,-0.046354383518548925,,-0.012260356270550998,,0.008940067846640476,0.13253764692666148,-0.07729103741434074,
False,F-asym,none,SVR,144,0.01887951788998221,0.20166691659553937,0.18104537820423783,0.02519055263166259,0.2765015709588353,-0.3507954627839427,-0.22808750156619295,-0.20674382423360327,-0.2760925541168683,-0.20031438059548878,-0.18432708675491874,0.10427736267336707,0.3621901342575156,-0.08789218615240602,0.15513326292550625
False,F-asym,z,Anchor,144,-0.4673421663481865,-0.1914670003106027,0.23113370484004245,-2.316531239930739,0.2929857095056315,-0.29803908948540436,0.011579884897223766,-0.3960134802993165,-0.25873672045103396,-0.087923466565484,-0.5356519948909134,-0.007464074069987614,0.12071069737053548,-0.10078916274464556,-0.19989032293897735
False,F-asym,z,ENR,144,-0.1767518147945324,-0.24373071346261213,0.21318135256662973,-1.1653152807341343,0.2517485286631262,-0.4757489336065506,,-0.046354383518548925,,-0.043825362117697164,-0.5356519948909122,-0.00896321328621097,,-0.3330371043923497,-0.41145712256617284
False,F-asym,z,ICP,144,-0.03446712589457834,0.12425516601280379,0.1994632109373441,-0.7040332048601545,,-0.05449495872530563,0.011579884897223579,-0.046354383518548925,,-0.012260356270550998,,-0.00896321328621097,,-0.13735310080986984,-0.19989032293897674
False,F-asym,z,SVR,144,-0.1196581971997186,-0.057159057331682736,0.20470125449220958,-0.3905011162120522,0.14831621157537905,-0.6092007685224066,-0.13429627236335395,-0.2548307320245484,-0.14411890130446287,-0.34748129514340875,-0.5203448146862999,-0.00584212376800286,0.22793181265484289,-0.12873874570524757,-0.17948499299466722
False,F-band,none,Anchor,144,-0.4953956822518033,-0.130503814149365,0.20806669595219812,-0.6719968149833937,-0.2875339402545177,-0.6571854668713626,-0.38664323138609175,-1.240740128485725,-0.5216699714111384,-0.05946986677873145,0.10016015219087356,-0.054713323741637954,0.07771167587509348,-0.032506757762256866,0.06404580514608867
False,F-band,none,ENR,144,-0.23649626389434264,-0.14265122171372874,0.19962507289545417,-0.7040332048601545,,-0.4757489336065506,,-0.5335798751055787,-0.47955069018373225,-0.012260356270550998,,-0.00896321328621097,,-0.07729103741434074,
False,F-band,none,ICP,144,-0.07510162006245324,-0.09444302810241496,0.20122487006805026,-0.7040332048601545,,-0.4757489336065506,,-0.046354383518548925,,-0.2588540968589099,0.03567420674485185,0.004920703131758519,0.10440028988535281,-0.02373677183650602,0.07178134935847306
False,F-band,none,SVR,144,-0.15787796636937035,-0.08198055026320447,0.20485466859784268,-0.5320505042419088,0.03188573666779506,-1.0872414818712781,-0.33438555031079514,-0.13273787500663392,-0.2674227401026493,-0.7890263797892436,0.041669910873629395,-4.6433979585813745e-06,0.09467378733725966,0.010954243817805298,0.12601443152247715
False,F-band,z,Anchor,144,-3.915291715145517,-0.014398826284150361,0.32675431721137865,-0.7171797807226774,-0.2973437984698412,0.009866499434683318,0.19162451319595838,-11.220014212180537,-0.5492902727595105,-0.430286136963445,0.04072325191517975,-0.03278799035435709,0.011167383665873484,-0.05345301230524213,0.1674498044394842
False,F-band,z,ENR,144,-0.41144523815867684,-0.06555620989020577,0.200591893090543,-0.6458073303446652,-0.34494859119062404,-0.11159938744520348,0.1919643946017072,-1.1588269371574316,-0.6648627799763622,-0.14670138767286978,-0.04395520017711628,-0.0045997083930273686,-0.04520642711305399,-0.03360694523556651,0.16423846076222065
False,F-band,z,ICP,144,-0.07355016484272081,-0.25932733918994466,0.2015591424072027,-0.7040332048601545,,-0.4757489336065506,,-0.046354383518548925,,-0.012260356270550998,,-0.09630732272557418,-0.1724225784081398,-0.04276453653408896,-0.35007223228627593
False,F-band,z,SVR,144,-0.2063583099697992,-0.08669426495808892,0.21828549125094807,-0.4766602436020544,0.20025967733178687,-1.151578570622393,-0.36527498794386587,-0.022883956711268194,0.2553109400995215,-2.3036506700475985,-0.06816814081843729,-0.015245843691645167,0.03755054475985897,-0.03345174916420213,-0.018332450838039437
False,F-fooof-per,none,Anchor,144,-0.3740895998372924,0.03425949894995235,0.22420415406313823,-1.2564352811082302,-0.42578470436646937,-0.5858224658200446,-0.3060694114527358,-0.03115271442368095,0.7538665714806068,-3.7567194478289725,-0.39158008917363213,-0.03365709789869942,-0.10017927520636657,0.02027813621375929,0.17158712186649064
False,F-fooof-per,none,ENR,144,-0.16722270159163877,-0.16583855814627374,0.2147462717715707,-0.7040332048601545,,-0.4757489336065506,,-0.025261579637483544,0.21388298406296535,-1.830167457997379,-0.49428217312113043,-0.00896321328621097,,-0.13035679300335845,-0.1661076730076767
False,F-fooof-per,none,ICP,144,-0.11625465930549117,-0.19073654088142775,0.20680569493414513,-0.7040332048601545,,-0.42565773830389597,-0.3994149205471388,-0.046354383518548925,,-0.9615402055559885,-0.46978722819217006,-0.00896321328621097,,-0.07729103741434074,
False,F-fooof-per,none,SVR,144,-0.021457326586883374,0.1038147293310041,0.1939318530049418,-0.6127777447655296,-0.3792623255051021,-0.4137629449620637,-0.23587340477995222,0.12394145475809315,0.7271918317473174,-0.7546328099677964,-0.4955726659235725,-0.013191986386870136,0.22145350117163198,-0.0011617472513880678,0.12451465581359727
False,F-fooof-per,z,Anchor,144,-24.253002317681577,0.003014908949713768,0.6371915241748997,-0.22895772778794643,-0.0314851380812555,-0.8149563813046843,-0.38685113260600523,-69.48720906318336,0.39661053561165793,-2.4825945270354643,-0.20262996270283687,0.07499262489576064,0.3905125152304977,-0.89960320244037,0.30451842629333326
False,F-fooof-per,z,ENR,144,0.04110147077204307,0.35367530494728416,0.18969609033597562,-0.4698445831746332,0.18168258417689606,-0.29904346543016946,-0.12358153665562821,0.19807655023584203,0.8542512974701332,-0.4505670414601952,-0.3482797761976755,-0.06151215633757867,0.46233728991274303,-0.11977014305297917,0.27666736512903856
False,F-fooof-per,z,ICP,144,-0.06788921958950422,-0.3305316506301519,0.2019973681258202,-0.7040332048601545,,-0.4757489336065506,,-0.046354383518548925,,-0.012260356270550998,,-0.00896321328621097,,-0.07729103741434074,
False,F-fooof-per,z,SVR,144,-0.24122599535886002,-0.10089148603119968,0.21843038268657364,-0.5750844217882445,-0.2283722216091412,-0.9536739957983271,-0.31658577698625534,-0.0008475986076372788,-0.18189690746181805,-2.363353405770839,-0.13998489805623504,-0.2559233030631043,0.4402532741403901,-0.1922193584604015,0.3545532586627566
False,F-rel,none,Anchor,144,-0.36308510466253674,-0.0031529082427740364,0.2097701732050785,-0.7981676994178462,-0.16124722708059436,-0.2711146465131735,-0.2658476156780153,-0.7748470670420782,-0.6009881114295577,-0.9125451265586078,-0.2877411217927584,0.002912492306573644,0.19858789473435745,-0.03778401159573641,0.1895179985334646
False,F-rel,none,ENR,144,-0.16267083235892899,-0.13473505780409423,0.1980677418800376,-0.7650961105864502,-0.0867956804835631,-0.4757489336065506,,-0.2978334038321886,-0.3374056969795852,-0.10711045303339461,-0.05733229175120834,0.010781588822870058,0.31922023835901064,-0.010082858929685301,0.10943043092095792
False,F-rel,none,ICP,144,-0.12015426335368695,-0.23076121002095207,0.20630071611475517,-0.7040332048601545,,-0.4757489336065506,,-0.046354383518548925,,-0.012260356270550998,,-0.023816072497953034,-0.034672234734536136,-0.6064029234222605,-0.3818032444553078
False,F-rel,none,SVR,144,-0.05598126322492791,0.07510215585533159,0.19717826464430624,-0.5892404535561115,0.17160391963727212,-0.2953843434331984,-0.28126834004569545,-0.06795942244856334,-0.34398166077418324,-0.6639533498047985,0.009308091368538107,0.09576035714250608,0.36321470457165855,0.0030483765753406278,0.26941483232151536
False,F-rel,z,Anchor,144,-34.076131412241985,-0.07929613203823682,0.7140408418536945,-0.868223816248294,0.0150923301520903,-0.1307761396590439,-0.17199257805235457,-97.86207167439163,-0.2544276766429366,-0.5551196249066954,0.04279170764598863,-0.20065593582408003,-0.017173963607678488,-1.2375149070905525,-0.33813275174157414
False,F-rel,z,ENR,144,-0.09757537343418732,-0.21796105124796802,0.20517846502007353,-0.7040332048601545,,-0.4757489336065506,,-0.05700968399293349,-0.45984905174534196,-0.3366039712142539,-0.3324728546484373,-0.024757080279354637,-0.06497301381520534,-0.1425646166062864,-0.2988292127136702
False,F-rel,z,ICP,144,-0.0411517889437909,-0.04982534819560012,0.19924595378502338,-0.7040332048601545,,-0.20491816167627896,-0.20505226767773077,-0.046354383518548925,,-0.012260356270550998,,-0.00896321328621097,,-0.06116033603564741,-0.3365756619281202
False,F-rel,z,SVR,144,-0.13852080011059908,-0.0638652476224493,0.2088702869044695,-0.8132033817558724,-0.16085726109593634,-0.32135373965527614,-0.1462607650321766,-0.027256246548387875,-0.17298556141380905,-1.3648528426457598,-0.09128871449070863,-0.0030444214072944398,0.035936708009014315,-0.047194825783327454,-0.06972648119039734
False,F-riem,none,Anchor,144,-0.735260580091661,-0.00800855711058051,0.24170054994255816,-0.8001660839969684,0.07342011337902923,-0.04454106085568621,0.02552118172520726,-0.9611142754210957,-0.49126439694754986,-2.872850281300798,0.17030858069679056,0.006588204157339961,0.49862686700756265,-2.3247831250624276,0.20788254381314347
False,F-riem,none,ENR,144,-0.14047641566216051,-0.5679533273850639,0.20726383859007855,-0.7040332048601545,,-0.4757489336065506,,-0.25611034262001087,-0.8361344093712841,-0.012260356270550998,,-0.00896321328621097,,-0.07729103741434074,
False,F-riem,none,ICP,144,-0.08621764504763507,-0.21930008431106987,0.20580170729854708,-0.6659289719012595,0.484150991155594,-0.8332534695773139,-0.42020727646883826,-0.046354383518548925,,-0.0340880036703306,-0.10318997620224654,-0.00896321328621097,,0.01991936808856587,0.28227022469352625
False,F-riem,none,SVR,144,-0.07785849869875783,0.14017555252107258,0.19845950562069659,-0.11732876734971986,0.44055520209402255,-0.5419474589472497,0.18150970080818568,0.019176222918525276,0.2773235354925616,-0.8684592825542772,0.11989398141577395,-0.900668062546014,0.49902926201407094,0.005134657972422851,0.31847158514935686
False,F-riem,riem,Anchor,144,-1.368280711939716,0.20545903191354392,0.3036769396054499,-0.6232864870097159,0.34163463943749645,-5.287300235653475,0.15157683043332304,-0.35040015881793063,-0.20271775348179777,-0.816434691424542,0.08078248044851888,-5.132782057839861,-0.1637881294070398,-2.0676354011797056,0.1411396462555171
False,F-riem,riem,ENR,144,-0.18131481935032978,-0.06266003931885188,0.19941477771031318,-0.7040332048601545,,-0.4757489336065506,,-0.35631718946842583,-0.24845651231075375,-0.12256355832682186,-0.019676565964671766,-0.00896321328621097,,-0.07729103741434074,
False,F-riem,riem,ICP,144,-0.07638422845679749,-0.12784756755195564,0.20269507246810642,-0.7040332048601545,,-0.4352129923124135,-0.40359019091262,-0.046354383518548925,,-0.1247502303321264,0.4355739102477548,0.0021042063742876538,0.19366186463241947,-0.15152569092563706,0.12572157645016602
False,F-riem,riem,SVR,144,-0.13357732386074517,-0.15803018516215023,0.19765766335062135,-0.7657597057698455,-0.34082115180796424,-0.7164232553589829,0.13541026140392812,-0.16004590128238783,-0.5010600177751677,-0.017629554069729103,0.32089359566689646,-0.0606195933523308,0.37098575323178484,0.055111963052186685,0.2758402348992161
False,F-riem,z,Anchor,144,-0.41984021894967594,0.0866569284586946,0.23678931718988727,-0.876933134274317,0.5558392313389358,-0.6456141809520661,0.02797755183719146,0.08571286671403844,0.29928762462666036,-5.380938167608728,0.2808944279829232,-0.3806269051605091,0.22587759024292975,-0.2112344258792982,0.09693207744657134
False,F-riem,z,ENR,144,-0.10234768817605788,0.0454799512675394,0.20653855856901127,-0.7767547086098827,0.5343994093024016,-0.4297439178332376,0.0010862639946915137,-0.0333541388599472,-0.1688029985172405,-0.28193860341880006,0.2863769114256608,-0.15649968319506602,0.2058621448387032,-0.07729103741434074,
False,F-riem,z,ICP,144,-0.08112263530387942,-0.09057181789154803,0.20129126433126854,-0.7040332048601545,,-0.4757489336065506,,-0.046354383518548925,,-0.010828545267495882,0.2776794626271384,0.0003696378544922885,0.20181852220227298,-0.2261204636773786,-0.13511994894851967
False,F-riem,z,SVR,144,-0.12001377523260515,-0.15233438883363368,0.20076094522073015,-0.9492908206796231,-0.3569734518626461,-0.8023454347168733,-0.1592110758655278,0.034383768832293216,0.2620846925166247,-0.3957286320805735,-0.0573563475090452,0.01400646074093781,0.3372988982226832,0.06116268657369761,0.2742279624663201
True,F-asym,none,Anchor,139,-0.27476494595988643,-0.202897912061395,0.21833204942016904,-0.7320403405384734,,-0.4572310795376828,,-0.5691079039459508,-0.412959925545801,-0.18132086754835908,-0.5147475610979115,-0.006263022276990604,,-0.19723506177544392,-0.29186911304857033
True,F-asym,none,ENR,139,-0.11186143234433965,-0.2907161190437793,0.20896726034320748,-0.7320403405384734,,-0.4572310795376828,,-0.05139332016975251,,-0.4051103329682646,-0.5724113434419701,0.006099164450641181,0.14774026085581185,-0.28212601582169894,-0.4227077784059145
True,F-asym,none,ICP,139,-0.042438815534864505,0.17925164237605484,0.20620907587414977,-0.7320403405384734,,-0.18068311232551282,0.022289775379985298,-0.05139332016975251,,-0.02237512533557462,,0.014734913999917554,0.16275098633128154,-0.03707047429179888,
True,F-asym,none,SVR,139,0.07275637058196283,0.295504673224121,0.18760173422089002,0.0006928788282806186,0.3001036094865122,-0.3833214690939777,-0.16773859948740188,0.013841907568358014,0.13507781617010758,-0.25090604545725537,-0.2615952053496492,0.0871474627074943,0.426078012026873,-0.22550663781095026,-0.029752087330965682
True,F-asym,z,Anchor,139,-0.4940324596450585,-0.1930346247405627,0.23302079628698308,-1.4258041517377116,0.3483138366470455,-0.4572310795376828,,-0.9004045595972618,-0.3527725470478843,-0.02237512533557462,,-0.006263022276990604,,-0.03707047429179888,
True,F-asym,z,ENR,139,-0.23196871076976633,-0.146786848585494,0.21457113852562446,-0.764644232952058,0.29588623924421653,-0.4572310795376828,,-0.42573807618022474,-0.00950109859866101,-0.15886980878803736,-0.5742408515621755,-0.010713261556007936,0.2783810775049358,-0.22460288020149277,-0.34196342181570005
True,F-asym,z,ICP,139,-0.17142669245505493,-0.15617559407875262,0.2142263676381435,-0.7320403405384734,,-0.4572310795376828,,-0.05139332016975251,,-0.02237512533557462,,-0.006263022276990604,,-1.2147729918333363,-0.29659186458142633
True,F-asym,z,SVR,139,-0.27758006240046984,-0.0976209317149839,0.2165046284701329,-0.47297872817754305,0.3001285135234848,-0.529799941123082,-0.21145854603813402,-0.5875172972689544,-0.11648552578157811,-0.5279205733324752,-0.5507860847242152,-0.033098380263986815,0.32109013009309767,-0.3635381888850937,-0.4113044894633594
True,F-band,none,Anchor,139,-0.4308778116073553,-0.0905920021765537,0.20530425856691964,-0.7396764469127941,-0.2619208663427327,-0.5818431466739535,-0.38562624028027226,-1.085462941460555,-0.5229546694309443,0.18044554763941834,0.49775618216026823,-0.08428676368622967,-0.15780098400231246,0.10408505858807726,0.3252275565445817
True,F-band,none,ENR,139,-0.2008837478415897,-0.1506818682626742,0.20216750697854255,-0.7320403405384734,,-0.4572310795376828,-0.27392642952756263,-0.422892981131771,-0.49778875771131637,-0.02237512533557462,,-0.006263022276990604,,-0.03707047429179888,
True,F-band,none,ICP,139,-0.091942271424863,-0.34892573417153816,0.20747096805586793,-0.7320403405384734,,-0.4572310795376828,,-0.05139332016975251,,-0.2230134750014532,-0.479483323095205,-0.037515797942161644,-0.11379033997314986,-0.11586103269425885,-0.3955854152559233
True,F-band,none,SVR,139,-0.24547539074569547,-0.15088464930407675,0.22023055665650734,-0.6372254238195896,0.15332488790232643,-1.3681923297431706,-0.30703589841365564,-0.10362719636116724,-0.2911220334321117,-1.0400376048975035,-0.006878664261452165,-0.1786858950530621,-0.05923420011147021,-0.1859917347386495,-0.006637562750495207
True,F-band,z,Anchor,139,-4.418032517342603,0.06239648687249148,0.38648779403961886,-0.7885689018350965,-0.25239799909087823,-8.218088129855154,-0.030740639607187523,-10.206178522071347,-0.5412124779457168,0.0784147668845031,0.4328679057377485,-0.45441033823618526,0.06660694894013228,-0.10546807518773793,-0.1353503421103584
True,F-band,z,ENR,139,-0.774178033555355,-0.09020532619763101,0.22549667744777913,-0.7320403405384734,,-0.4572310795376828,,-2.0304578149487744,-0.6163571015166674,-0.02237512533557462,,-0.006263022276990604,,-0.1522493892488157,-0.3355277520146276
True,F-band,z,ICP,139,-0.09836511067437059,-0.1876702988884148,0.2072819209344467,-0.7320403405384734,,-0.4572310795376828,,-0.05139332016975251,,-0.34569557002847007,-0.09996918563497931,-0.10210791165263311,-0.11379033997314894,-0.03180181826114503,-0.39558541525592383
True,F-band,z,SVR,139,-0.14912718316640805,0.020562169288420744,0.21523495105245605,-0.5234334846405362,0.25387860640028814,-0.6626399100407505,-0.4522031073747705,-0.029774879056259307,0.22474681131343405,-0.9375897162934292,-0.13249223619746417,-0.21473331958969033,-0.1318585174923618,-0.403892846246829,0.4620278621352845
True,F-fooof-per,none,Anchor,139,-0.4858175272075813,0.01114707045303618,0.23977216748179653,-1.3231493836734236,-0.4301105673522127,-0.5953856564728555,-0.060071915267449774,0.27526476741938166,0.8423075461504353,-7.4705116928882465,-0.4301120806096529,0.02577446872135225,0.33064233007077554,0.03034557456731357,0.34593408913523693
True,F-fooof-per,none,ENR,139,-0.1883037960101437,-0.15448088789387043,0.22139941016184475,-0.7320403405384734,,-0.4572310795376828,,-0.05139332016975251,0.272286601339686,-2.1454819341236284,-0.4622825238559998,-0.006263022276990604,,-0.017438924281838908,0.15393339307177706
True,F-fooof-per,none,ICP,139,-0.14611895045531798,-0.20249898010675238,0.21379645117499826,-0.7419485379544499,-0.4126559695611349,-1.1042308295018133,-0.05436022271314492,-0.05139332016975251,,-0.32830969343325966,-0.41109452404402974,-0.006263022276990604,,0.015479936212032364,0.18647887855894282
True,F-fooof-per,none,SVR,139,-0.2331154871372363,0.0009114733895667498,0.22261450575102187,-0.6375259459165903,-0.3690922272124132,-0.4235511732312385,-0.11578719445792612,-1.7640634513593767e-05,0.3698450483147323,-3.6890605259040665,-0.4457701763553333,0.15381989825552755,0.47637991305155053,-0.16987408315307695,0.3215690302015541
True,F-fooof-per,z,Anchor,139,-7.0732304623505815,-0.038108258107096164,0.4668284068384013,-2.106592423611204,-0.3815874923923115,-1.360187312935326,-0.2119007436662191,-1.3767488318926802,-0.16836622352051134,-105.10923618750687,-0.2260838819297707,-0.23237245653529137,0.49175688532406653,-3.2502431741511133,0.3574397535436191
True,F-fooof-per,z,ENR,139,-0.028726075303454612,0.16954674668694475,0.1985549629133196,-0.6605747297846152,0.5151142834297661,-0.10819700186283954,0.12708266505572402,0.03006704635371993,0.6408089643873555,-0.18315078465677614,-0.4339276081941811,-0.11764354981356773,0.5290006639677229,-0.17520716800507996,0.3758657534280859
True,F-fooof-per,z,ICP,139,-0.13335668060124117,0.031141640935082093,0.2109887528167285,-0.4658872897967794,0.5247900441558325,-0.4572310795376828,,-0.05139332016975251,,-0.3507915355408362,-0.4104719005722044,-0.006263022276990604,,-1.1181033086871364,0.25733120191023806
True,F-fooof-per,z,SVR,139,-0.7591688984255682,0.0073980985930217,0.2566328421178074,-0.5336627811123511,-0.25589966175552187,-0.5257666723483643,-0.15769271290706305,0.06985564065257954,0.5568640822826931,-12.585678094015606,-0.21631094660213934,-0.5222376735924077,0.49890425652070164,-0.0467504341643068,0.18450461029408635
True,F-rel,none,Anchor,139,-0.3976697558963205,0.005724978271607638,0.2128497698971628,-0.7498324103013441,-0.25761888143489653,-0.4784915438703665,-0.20386648064941842,-0.7507621458936196,-0.6028766172547997,-0.037652310409712175,0.3072027555465234,-0.030068668746737526,-0.036462133157954116,-0.8939633709525856,-0.2034503904570127
True,F-rel,none,ENR,139,-0.16587217248807296,-0.2638783644728212,0.20449877469180894,-0.7721446805698404,-0.10980007648045173,-0.4572310795376828,,-0.3126290030523373,-0.6705200503538595,0.0287604988550918,0.17104462649068308,-0.006263022276990604,,-0.028158524224525028,-0.09961250222729573
True,F-rel,none,ICP,139,-0.07067556971457711,-0.33109185134377617,0.20478949596050608,-0.7320403405384734,,-0.4572310795376828,,-0.05139332016975251,,-0.02237512533557462,,-0.006263022276990604,,-0.03707047429179888,
True,F-rel,none,SVR,139,-0.20937416393159203,-0.05952773735541937,0.21513862150068405,-0.5623434798118401,0.17940717240517823,-0.26227649287162635,-0.25873490896176593,-0.4210640101344201,-0.4714310681746701,-0.8695623183537589,-0.016689960887174227,-0.013864388214714696,0.07351967363209726,-0.1523960009922536,-0.11215935488960557
True,F-rel,z,Anchor,139,-2.5469692120595075,0.23133681236826448,0.35879947293304026,-0.6721174109149328,-0.11551540312970666,-8.46816428845725,0.02410764855291049,-2.8114597740875498,0.5777320713880443,-2.0923672332641563,-0.3445230218197527,-0.03240175035236592,0.13005641956747022,-7.589016263448059,0.13037399186670773
True,F-rel,z,ENR,139,-0.2216623437856009,0.23887081141377534,0.21685787067052562,-0.7295200100012678,-0.2581972709664511,-2.375345094955091,0.030009145932636483,0.06635962944074714,0.49498008992295994,-0.2725717415055209,-0.32137166907374054,0.013349517289627855,0.22643781349118208,-0.03707047429179888,
True,F-rel,z,ICP,139,-0.07067556971457711,-0.33109185134377617,0.20478949596050608,-0.7320403405384734,,-0.4572310795376828,,-0.05139332016975251,,-0.02237512533557462,,-0.006263022276990604,,-0.03707047429179888,
True,F-rel,z,SVR,139,-0.43730648993284427,0.1829732477697788,0.24257258602577395,-0.7061201435434288,-0.07917181682825813,-3.8380554717687456,0.01420235871528916,0.014151031244536538,0.20402198018298928,-1.407047046143394,-0.20177222353851243,0.010975116258676865,0.1073694168789387,-0.0346688252872438,-0.039873321947594714
True,F-riem,none,Anchor,139,-0.6695960619109245,0.010981264151580732,0.21896325966408958,-0.6106822303644388,0.537599266077863,-0.059156891386113575,0.09253271194020235,-1.5579568706917137,-0.407369346046319,-1.2339325594922839,0.14122764612626593,0.023818521391988368,0.33675602854257436,-0.8018943666469565,0.3542597694326503
True,F-riem,none,ENR,139,-0.08270046033981182,-0.09289114692293951,0.20709960298181537,-0.7320403405384734,,-0.4572310795376828,,-0.06267439016493048,0.2927598078654301,-0.22249219669554465,-0.2659943223779412,-0.006263022276990604,,3.813980778988313e-05,0.19823462100561567
True,F-riem,none,ICP,139,-0.10380874210224134,-0.3122263368552861,0.20893323424129684,-0.7320403405384734,,-0.8247755609026219,-0.4165438627719554,-0.05139332016975251,,-0.00924390026992672,0.0004508602335359102,0.0009793008946559212,0.16758207846527143,-0.03707047429179888,
True,F-riem,none,SVR,139,-0.058901775800311196,0.07341965710231194,0.19685221401010705,-0.2739739850032785,0.4216557605221488,-0.20201225931716715,0.3469381404327977,-0.08489640075511717,-0.0849570716813105,-0.5572427707486336,-0.1969443891899073,-0.39186884200144934,0.5386086598109738,-0.19374469865873967,-0.05259303957631925
True,F-riem,riem,Anchor,139,-4.826418074455678,0.2519909948661872,0.42440480510647743,-0.8321673240725724,0.07050806676515228,-44.654975390165234,0.20171800125301706,-0.3143435411708646,-0.31982053715298403,-6.344528037848915,-0.2150677310768244,-1.2222241343058293,0.01818542189635653,-0.03707047429179888,
True,F-riem,riem,ENR,139,-0.07067556971457711,-0.33109185134377617,0.20478949596050608,-0.7320403405384734,,-0.4572310795376828,,-0.05139332016975251,,-0.02237512533557462,,-0.006263022276990604,,-0.03707047429179888,
True,F-riem,riem,ICP,139,-0.06949961165989227,-0.08960449333888251,0.2058962725173754,-0.6443437775496723,0.40595998592996246,-0.3938284654561006,-0.39759133915732475,-0.06134421900039788,0.3161301043298399,-0.34697194002923193,-0.1363171932213025,0.003652100061139807,0.1616192754245608,-0.03707047429179888,
True,F-riem,riem,SVR,139,-0.1819629207538358,-0.11847142333938422,0.2113318346414575,-0.867717510189979,-0.34585377214470886,-0.6588729872213808,0.38449588491231584,-0.10088266364355314,-0.273546824915039,-0.8098213035190407,0.13415381832455503,-0.043781052889392935,0.48178286157474504,-0.0627065918864298,-0.03453868719220294
True,F-riem,z,Anchor,139,-1.7713765906846928,-0.035114704317807846,0.3068518559641498,-1.8526454928861686,0.4130104650618832,-2.463078711297808,0.19077546585833205,-3.6180673450514034,-0.5688516050174336,-0.6620056729702226,-0.08356404142990809,-0.22279524810247264,0.31529043208474206,-0.03707047429179888,
True,F-riem,z,ENR,139,-0.10491681495346827,-0.26955004295939355,0.20944824829236808,-0.9051087362778207,0.5579473834125286,-0.4572310795376828,,-0.05139332016975251,,-0.07331890125407048,-0.26599432237794046,-0.006263022276990604,,-0.03707047429179888,0.009288771552950659
True,F-riem,z,ICP,139,0.07547308643089057,0.3431015840314947,0.18933878494365028,-0.7320403405384734,,-0.4539841304179224,-0.2650131171637463,0.41309442166472565,0.7260767278856615,-0.340440806528703,-0.09230171296177442,0.002546868737965613,0.16758207846527573,-0.03707047429179888,
True,F-riem,z,SVR,139,-0.24117496724878817,-0.26746323328088895,0.21247497934825932,-1.121680449724316,-0.3593337591791689,-0.8000294632473559,-0.06575683370380504,-0.23002584458286113,-0.6496391944457536,-0.20806180394814477,-0.05576146849895067,0.0367554954476087,0.3676788706739872,-0.025299458985910128,-0.18354059609884416
