cell,held_out,dropped
MC | F-band | none | ENR,901,band_LAlpha;band_LDelta
MC | F-band | none | ENR,903,band_LAlpha;band_LDelta
MC | F-band | none | ENR,905,band_LAlpha;band_LDelta;band_LTheta
MC | F-band | none | ENR,906,band_LAlpha;band_LBeta*;band_LDelta;band_LTheta
MC | F-band | none | ENR,907,band_LAlpha;band_LBeta*;band_LDelta
MC | F-band | none | ENR,908,band_LAlpha;band_LBeta*;band_LDelta;band_LTheta
MC | F-band | none | SVR,901,band_LAlpha;band_LDelta
MC | F-band | none | SVR,903,band_LAlpha;band_LDelta
MC | F-band | none | SVR,905,band_LAlpha;band_LDelta;band_LTheta
MC | F-band | none | SVR,906,band_LAlpha;band_LBeta*;band_LDelta;band_LTheta
MC | F-band | none | SVR,907,band_LAlpha;band_LBeta*;band_LDelta
MC | F-band | none | SVR,908,band_LAlpha;band_LBeta*;band_LDelta;band_LTheta
MC | F-band | none | Anchor,901,band_LAlpha;band_LDelta
MC | F-band | none | Anchor,903,band_LAlpha;band_LDelta
MC | F-band | none | Anchor,905,band_LAlpha;band_LDelta;band_LTheta
MC | F-band | none | Anchor,906,band_LAlpha;band_LBeta*;band_LDelta;band_LTheta
MC | F-band | none | Anchor,907,band_LAlpha;band_LBeta*;band_LDelta
MC | F-band | none | Anchor,908,band_LAlpha;band_LBeta*;band_LDelta;band_LTheta
MC | F-band | none | ICP,901,band_LAlpha;band_LDelta
MC | F-band | none | ICP,903,band_LAlpha;band_LDelta
MC | F-band | none | ICP,905,band_LAlpha;band_LDelta;band_LTheta
MC | F-band | none | ICP,906,band_LAlpha;band_LBeta*;band_LDelta;band_LTheta
MC | F-band | none | ICP,907,band_LAlpha;band_LBeta*;band_LDelta
MC | F-band | none | ICP,908,band_LAlpha;band_LBeta*;band_LDelta;band_LTheta
MC | F-band | z | ENR,901,band_LAlpha;band_LDelta
MC | F-band | z | ENR,903,band_LAlpha;band_LDelta
MC | F-band | z | ENR,905,band_LAlpha;band_LDelta;band_LTheta
MC | F-band | z | ENR,906,band_LAlpha;band_LBeta*;band_LDelta;band_LTheta
MC | F-band | z | ENR,907,band_LAlpha;band_LBeta*;band_LDelta
MC | F-band | z | ENR,908,band_LAlpha;band_LBeta*;band_LDelta;band_LTheta
MC | F-band | z | SVR,901,band_LAlpha;band_LDelta
MC | F-band | z | SVR,903,band_LAlpha;band_LDelta
MC | F-band | z | SVR,905,band_LAlpha;band_LDelta;band_LTheta
MC | F-band | z | SVR,906,band_LAlpha;band_LBeta*;band_LDelta;band_LTheta
MC | F-band | z | SVR,907,band_LAlpha;band_LBeta*;band_LDelta
MC | F-band | z | SVR,908,band_LAlpha;band_LBeta*;band_LDelta;band_LTheta
MC | F-band | z | Anchor,901,band_LAlpha;band_LDelta
MC | F-band | z | Anchor,903,band_LAlpha;band_LDelta
MC | F-band | z | Anchor,905,band_LAlpha;band_LDelta;band_LTheta
MC | F-band | z | Anchor,906,band_LAlpha;band_LBeta*;band_LDelta;band_LTheta
MC | F-band | z | Anchor,907,band_LAlpha;band_LBeta*;band_LDelta
MC | F-band | z | Anchor,908,band_LAlpha;band_LBeta*;band_LDelta;band_LTheta
MC | F-band | z | ICP,901,band_LAlpha;band_LDelta
MC | F-band | z | ICP,903,band_LAlpha;band_LDelta
MC | F-band | z | ICP,905,band_LAlpha;band_LDelta;band_LTheta
MC | F-band | z | ICP,906,band_LAlpha;band_LBeta*;band_LDelta;band_LTheta
MC | F-band | z | ICP,907,band_LAlpha;band_LBeta*;band_LDelta
MC | F-band | z | ICP,908,band_LAlpha;band_LBeta*;band_LDelta;band_LTheta
MC | F-fooof-per | none | ENR,901,per_L_Alpha;per_L_Beta*
MC | F-fooof-per | none | ENR,903,per_L_Alpha;per_L_Beta*
MC | F-fooof-per | none | ENR,905,per_L_Alpha;per_L_Beta*;per_L_Theta
MC | F-fooof-per | none | ENR,906,per_L_Alpha;per_L_Beta*;per_L_Delta
MC | F-fooof-per | none | ENR,907,per_L_Alpha;per_L_Beta*;per_L_Delta
MC | F-fooof-per | none | ENR,908,per_L_Alpha;per_L_Beta*;per_L_Delta;per_L_Theta
MC | F-fooof-per | none | SVR,901,per_L_Alpha;per_L_Beta*
MC | F-fooof-per | none | SVR,903,per_L_Alpha;per_L_Beta*
MC | F-fooof-per | none | SVR,905,per_L_Alpha;per_L_Beta*;per_L_Theta
MC | F-fooof-per | none | SVR,906,per_L_Alpha;per_L_Beta*;per_L_Delta
MC | F-fooof-per | none | SVR,907,per_L_Alpha;per_L_Beta*;per_L_Delta
MC | F-fooof-per | none | SVR,908,per_L_Alpha;per_L_Beta*;per_L_Delta;per_L_Theta
MC | F-fooof-per | none | Anchor,901,per_L_Alpha;per_L_Beta*
MC | F-fooof-per | none | Anchor,903,per_L_Alpha;per_L_Beta*
MC | F-fooof-per | none | Anchor,905,per_L_Alpha;per_L_Beta*;per_L_Theta
MC | F-fooof-per | none | Anchor,906,per_L_Alpha;per_L_Beta*;per_L_Delta
MC | F-fooof-per | none | Anchor,907,per_L_Alpha;per_L_Beta*;per_L_Delta
MC | F-fooof-per | none | Anchor,908,per_L_Alpha;per_L_Beta*;per_L_Delta;per_L_Theta
MC | F-fooof-per | none | ICP,901,per_L_Alpha;per_L_Beta*
MC | F-fooof-per | none | ICP,903,per_L_Alpha;per_L_Beta*
MC | F-fooof-per | none | ICP,905,per_L_Alpha;per_L_Beta*;per_L_Theta
MC | F-fooof-per | none | ICP,906,per_L_Alpha;per_L_Beta*;per_L_Delta
MC | F-fooof-per | none | ICP,907,per_L_Alpha;per_L_Beta*;per_L_Delta
MC | F-fooof-per | none | ICP,908,per_L_Alpha;per_L_Beta*;per_L_Delta;per_L_Theta
MC | F-fooof-per | z | ENR,901,per_L_Alpha;per_L_Beta*
MC | F-fooof-per | z | ENR,903,per_L_Alpha;per_L_Beta*
MC | F-fooof-per | z | ENR,905,per_L_Alpha;per_L_Beta*;per_L_Theta
MC | F-fooof-per | z | ENR,906,per_L_Alpha;per_L_Beta*;per_L_Delta
MC | F-fooof-per | z | ENR,907,per_L_Alpha;per_L_Beta*;per_L_Delta
MC | F-fooof-per | z | ENR,908,per_L_Alpha;per_L_Beta*;per_L_Delta;per_L_Theta
MC | F-fooof-per | z | SVR,901,per_L_Alpha;per_L_Beta*
MC | F-fooof-per | z | SVR,903,per_L_Alpha;per_L_Beta*
MC | F-fooof-per | z | SVR,905,per_L_Alpha;per_L_Beta*;per_L_Theta
MC | F-fooof-per | z | SVR,906,per_L_Alpha;per_L_Beta*;per_L_Delta
MC | F-fooof-per | z | SVR,907,per_L_Alpha;per_L_Beta*;per_L_Delta
MC | F-fooof-per | z | SVR,908,per_L_Alpha;per_L_Beta*;per_L_Delta;per_L_Theta
MC | F-fooof-per | z | Anchor,901,per_L_Alpha;per_L_Beta*
MC | F-fooof-per | z | Anchor,903,per_L_Alpha;per_L_Beta*
MC | F-fooof-per | z | Anchor,905,per_L_Alpha;per_L_Beta*;per_L_Theta
MC | F-fooof-per | z | Anchor,906,per_L_Alpha;per_L_Beta*;per_L_Delta
MC | F-fooof-per | z | Anchor,907,per_L_Alpha;per_L_Beta*;per_L_Delta
MC | F-fooof-per | z | Anchor,908,per_L_Alpha;per_L_Beta*;per_L_Delta;per_L_Theta
MC | F-fooof-per | z | ICP,901,per_L_Alpha;per_L_Beta*
MC | F-fooof-per | z | ICP,903,per_L_Alpha;per_L_Beta*
MC | F-fooof-per | z | ICP,905,per_L_Alpha;per_L_Beta*;per_L_Theta
MC | F-fooof-per | z | ICP,906,per_L_Alpha;per_L_Beta*;per_L_Delta
MC | F-fooof-per | z | ICP,907,per_L_Alpha;per_L_Beta*;per_L_Delta
MC | F-fooof-per | z | ICP,908,per_L_Alpha;per_L_Beta*;per_L_Delta;per_L_Theta
MC | F-rel | none | ENR,901,band_LAlpha
MC | F-rel | none | ENR,903,band_LAlpha
MC | F-rel | none | ENR,905,band_LAlpha;band_LTheta
MC | F-rel | none | ENR,906,band_LAlpha;band_LGamma1
MC | F-rel | none | ENR,907,band_LAlpha;band_LGamma1;band_LTheta
MC | F-rel | none | ENR,908,band_LAlpha;band_LGamma1;band_LTheta
MC | F-rel | none | SVR,901,band_LAlpha
MC | F-rel | none | SVR,903,band_LAlpha
MC | F-rel | none | SVR,905,band_LAlpha;band_LTheta
MC | F-rel | none | SVR,906,band_LAlpha;band_LGamma1
MC | F-rel | none | SVR,907,band_LAlpha;band_LGamma1;band_LTheta
MC | F-rel | none | SVR,908,band_LAlpha;band_LGamma1;band_LTheta
MC | F-rel | none | Anchor,901,band_LAlpha
MC | F-rel | none | Anchor,903,band_LAlpha
MC | F-rel | none | Anchor,905,band_LAlpha;band_LTheta
MC | F-rel | none | Anchor,906,band_LAlpha;band_LGamma1
MC | F-rel | none | Anchor,907,band_LAlpha;band_LGamma1;band_LTheta
MC | F-rel | none | Anchor,908,band_LAlpha;band_LGamma1;band_LTheta
MC | F-rel | none | ICP,901,band_LAlpha
MC | F-rel | none | ICP,903,band_LAlpha
MC | F-rel | none | ICP,905,band_LAlpha;band_LTheta
MC | F-rel | none | ICP,906,band_LAlpha;band_LGamma1
MC | F-rel | none | ICP,907,band_LAlpha;band_LGamma1;band_LTheta
MC | F-rel | none | ICP,908,band_LAlpha;band_LGamma1;band_LTheta
MC | F-rel | z | ENR,901,band_LAlpha
MC | F-rel | z | ENR,903,band_LAlpha
MC | F-rel | z | ENR,905,band_LAlpha;band_LTheta
MC | F-rel | z | ENR,906,band_LAlpha;band_LGamma1
MC | F-rel | z | ENR,907,band_LAlpha;band_LGamma1;band_LTheta
MC | F-rel | z | ENR,908,band_LAlpha;band_LGamma1;band_LTheta
MC | F-rel | z | SVR,901,band_LAlpha
MC | F-rel | z | SVR,903,band_LAlpha
MC | F-rel | z | SVR,905,band_LAlpha;band_LTheta
MC | F-rel | z | SVR,906,band_LAlpha;band_LGamma1
MC | F-rel | z | SVR,907,band_LAlpha;band_LGamma1;band_LTheta
MC | F-rel | z | SVR,908,band_LAlpha;band_LGamma1;band_LTheta
MC | F-rel | z | Anchor,901,band_LAlpha
MC | F-rel | z | Anchor,903,band_LAlpha
MC | F-rel | z | Anchor,905,band_LAlpha;band_LTheta
MC | F-rel | z | Anchor,906,band_LAlpha;band_LGamma1
MC | F-rel | z | Anchor,907,band_LAlpha;band_LGamma1;band_LTheta
MC | F-rel | z | Anchor,908,band_LAlpha;band_LGamma1;band_LTheta
MC | F-rel | z | ICP,901,band_LAlpha
MC | F-rel | z | ICP,903,band_LAlpha
MC | F-rel | z | ICP,905,band_LAlpha;band_LTheta
MC | F-rel | z | ICP,906,band_LAlpha;band_LGamma1
MC | F-rel | z | ICP,907,band_LAlpha;band_LGamma1;band_LTheta
MC | F-rel | z | ICP,908,band_LAlpha;band_LGamma1;band_LTheta
MC | F-asym | none | ENR,901,
MC | F-asym | none | ENR,903,
MC | F-asym | none | ENR,905,
MC | F-asym | none | ENR,906,
MC | F-asym | none | ENR,907,
MC | F-asym | none | ENR,908,
MC | F-asym | none | SVR,901,
MC | F-asym | none | SVR,903,
MC | F-asym | none | SVR,905,
MC | F-asym | none | SVR,906,
MC | F-asym | none | SVR,907,
MC | F-asym | none | SVR,908,
MC | F-asym | none | Anchor,901,
MC | F-asym | none | Anchor,903,
MC | F-asym | none | Anchor,905,
MC | F-asym | none | Anchor,906,
MC | F-asym | none | Anchor,907,
MC | F-asym | none | Anchor,908,
MC | F-asym | none | ICP,901,
MC | F-asym | none | ICP,903,
MC | F-asym | none | ICP,905,
MC | F-asym | none | ICP,906,
MC | F-asym | none | ICP,907,
MC | F-asym | none | ICP,908,
MC | F-asym | z | ENR,901,
MC | F-asym | z | ENR,903,
MC | F-asym | z | ENR,905,
MC | F-asym | z | ENR,906,
MC | F-asym | z | ENR,907,
MC | F-asym | z | ENR,908,
MC | F-asym | z | SVR,901,
MC | F-asym | z | SVR,903,
MC | F-asym | z | SVR,905,
MC | F-asym | z | SVR,906,
MC | F-asym | z | SVR,907,
MC | F-asym | z | SVR,908,
MC | F-asym | z | Anchor,901,
MC | F-asym | z | Anchor,903,
MC | F-asym | z | Anchor,905,
MC | F-asym | z | Anchor,906,
MC | F-asym | z | Anchor,907,
MC | F-asym | z | Anchor,908,
MC | F-asym | z | ICP,901,
MC | F-asym | z | ICP,903,
MC | F-asym | z | ICP,905,
MC | F-asym | z | ICP,906,
MC | F-asym | z | ICP,907,
MC | F-asym | z | ICP,908,
MC | F-riem | none | ENR,901,
MC | F-riem | none | ENR,903,
MC | F-riem | none | ENR,905,riem_Delta_LL;riem_Gamma1_LL;riem_Gamma1_RR
MC | F-riem | none | ENR,906,riem_Gamma1_LL;riem_Gamma1_RR
MC | F-riem | none | ENR,907,
MC | F-riem | none | ENR,908,riem_Delta_LL;riem_Gamma1_LL;riem_Gamma1_RR
MC | F-riem | none | SVR,901,
MC | F-riem | none | SVR,903,
MC | F-riem | none | SVR,905,riem_Delta_LL;riem_Gamma1_LL;riem_Gamma1_RR
MC | F-riem | none | SVR,906,riem_Gamma1_LL;riem_Gamma1_RR
MC | F-riem | none | SVR,907,
MC | F-riem | none | SVR,908,riem_Delta_LL;riem_Gamma1_LL;riem_Gamma1_RR
MC | F-riem | none | Anchor,901,
MC | F-riem | none | Anchor,903,
MC | F-riem | none | Anchor,905,riem_Delta_LL;riem_Gamma1_LL;riem_Gamma1_RR
MC | F-riem | none | Anchor,906,riem_Gamma1_LL;riem_Gamma1_RR
MC | F-riem | none | Anchor,907,
MC | F-riem | none | Anchor,908,riem_Delta_LL;riem_Gamma1_LL;riem_Gamma1_RR
MC | F-riem | none | ICP,901,
MC | F-riem | none | ICP,903,
MC | F-riem | none | ICP,905,riem_Delta_LL;riem_Gamma1_LL;riem_Gamma1_RR
MC | F-riem | none | ICP,906,riem_Gamma1_LL;riem_Gamma1_RR
MC | F-riem | none | ICP,907,
MC | F-riem | none | ICP,908,riem_Delta_LL;riem_Gamma1_LL;riem_Gamma1_RR
MC | F-riem | z | ENR,901,
MC | F-riem | z | ENR,903,
MC | F-riem | z | ENR,905,riem_Delta_LL;riem_Gamma1_LL;riem_Gamma1_RR
MC | F-riem | z | ENR,906,riem_Gamma1_LL;riem_Gamma1_RR
MC | F-riem | z | ENR,907,
MC | F-riem | z | ENR,908,riem_Delta_LL;riem_Gamma1_LL;riem_Gamma1_RR
MC | F-riem | z | SVR,901,
MC | F-riem | z | SVR,903,
MC | F-riem | z | SVR,905,riem_Delta_LL;riem_Gamma1_LL;riem_Gamma1_RR
MC | F-riem | z | SVR,906,riem_Gamma1_LL;riem_Gamma1_RR
MC | F-riem | z | SVR,907,
MC | F-riem | z | SVR,908,riem_Delta_LL;riem_Gamma1_LL;riem_Gamma1_RR
MC | F-riem | z | Anchor,901,
MC | F-riem | z | Anchor,903,
MC | F-riem | z | Anchor,905,riem_Delta_LL;riem_Gamma1_LL;riem_Gamma1_RR
MC | F-riem | z | Anchor,906,riem_Gamma1_LL;riem_Gamma1_RR
MC | F-riem | z | Anchor,907,
MC | F-riem | z | Anchor,908,riem_Delta_LL;riem_Gamma1_LL;riem_Gamma1_RR
MC | F-riem | z | ICP,901,
MC | F-riem | z | ICP,903,
MC | F-riem | z | ICP,905,riem_Delta_LL;riem_Gamma1_LL;riem_Gamma1_RR
MC | F-riem | z | ICP,906,riem_Gamma1_LL;riem_Gamma1_RR
MC | F-riem | z | ICP,907,
MC | F-riem | z | ICP,908,riem_Delta_LL;riem_Gamma1_LL;riem_Gamma1_RR
MC | F-riem | riem | ENR,901,
MC | F-riem | riem | ENR,903,
MC | F-riem | riem | ENR,905,riem_Gamma1_LL;riem_Gamma1_RR
MC | F-riem | riem | ENR,906,riem_Gamma1_LL;riem_Gamma1_RR
MC | F-riem | riem | ENR,907,
MC | F-riem | riem | ENR,908,riem_Delta_LL;riem_Gamma1_LL;riem_Gamma1_RR
MC | F-riem | riem | SVR,901,
MC | F-riem | riem | SVR,903,
MC | F-riem | riem | SVR,905,riem_Gamma1_LL;riem_Gamma1_RR
MC | F-riem | riem | SVR,906,riem_Gamma1_LL;riem_Gamma1_RR
MC | F-riem | riem | SVR,907,
MC | F-riem | riem | SVR,908,riem_Delta_LL;riem_Gamma1_LL;riem_Gamma1_RR
MC | F-riem | riem | Anchor,901,
MC | F-riem | riem | Anchor,903,
MC | F-riem | riem | Anchor,905,riem_Gamma1_LL;riem_Gamma1_RR
MC | F-riem | riem | Anchor,906,riem_Gamma1_LL;riem_Gamma1_RR
MC | F-riem | riem | Anchor,907,
MC | F-riem | riem | Anchor,908,riem_Delta_LL;riem_Gamma1_LL;riem_Gamma1_RR
MC | F-riem | riem | ICP,901,
MC | F-riem | riem | ICP,903,
MC | F-riem | riem | ICP,905,riem_Gamma1_LL;riem_Gamma1_RR
MC | F-riem | riem | ICP,906,riem_Gamma1_LL;riem_Gamma1_RR
MC | F-riem | riem | ICP,907,
MC | F-riem | riem | ICP,908,riem_Delta_LL;riem_Gamma1_LL;riem_Gamma1_RR
