draw,family,R2,r
0,F-band,-0.20708928812411376,-0.13083900305048915
0,F-fooof-per,-0.13584020672941688,-0.07716827515821596
0,F-rel,-0.1252484507679552,0.11402574075489438
0,F-asym,-0.09762439162857706,0.11987218646529649
1,F-band,-0.12991109843556603,-0.12937557674929948
1,F-fooof-per,-0.09012638291680175,-0.1311581926491695
1,F-rel,0.026731653738461647,0.16551052228208837
1,F-asym,-0.02295380072794706,-0.03209270092243338
2,F-band,-0.08931964152245331,0.001473249923840965
2,F-fooof-per,-0.06352189204451086,-0.017795395937343216
2,F-rel,-0.12889566176466793,-0.11087187360825963
2,F-asym,-0.042853874182768426,-0.02140852160735486
3,F-band,-0.17659279041720333,-0.2182376206009598
3,F-fooof-per,-0.0867028968752952,-0.0745842843545712
3,F-rel,-0.15278571794590112,-0.13377002148763073
3,F-asym,-0.0682092338214022,-0.10732185027405719
4,F-band,-0.4020632970197273,-0.17654084185277436
4,F-fooof-per,-0.17514763410326561,0.04695376865168658
4,F-rel,-0.26746624260431706,-0.1363296061813386
4,F-asym,-0.1937478607789862,-0.22999469178595633
5,F-band,-0.16397650268160224,-0.22325805724832506
5,F-fooof-per,-0.04443443466812291,0.04956098613808778
5,F-rel,-0.1112217840441041,-0.15219279310452496
5,F-asym,-0.12113591903244658,-0.25435244825804826
6,F-band,-0.014906464830290789,0.07117172349470123
6,F-fooof-per,-0.11525168074335856,-0.02146608005686838
6,F-rel,-0.2702127336256064,-0.22394032336669606
6,F-asym,-0.09397872928555606,-0.20686483940512268
7,F-band,-0.31228553677365123,-0.16867861394842765
7,F-fooof-per,-0.042679017828863186,0.07447108176242773
7,F-rel,-0.08469500209190817,-0.07167645936794943
7,F-asym,-0.07943896988204302,-0.12318318062043822
8,F-band,-0.23020627513759728,-0.16011842715205366
8,F-fooof-per,-0.15409291905279776,-0.015997320419367946
8,F-rel,-0.17657471431106142,-0.06226139572239349
8,F-asym,-0.09366962452823335,-0.03582880353010698
9,F-band,-0.23905039994619992,-0.2712322749488416
9,F-fooof-per,-0.07531423616904398,-0.007503147796864472
9,F-rel,-0.18622858510098617,-0.2709963187240124
9,F-asym,-0.11275602267653251,-0.21274742741003555
10,F-band,-0.30779040136797464,-0.14110264461993344
10,F-fooof-per,-0.11633781676529709,0.14704905348144037
10,F-rel,-0.25672880317829105,-0.05615585045026145
10,F-asym,-0.22675857218044237,-0.16667505524399256
11,F-band,-0.21790195598616968,-0.20116545104982492
11,F-fooof-per,-0.15640864235098717,-0.08865213192707641
11,F-rel,-0.16057426769291405,-0.238652765410134
11,F-asym,-0.07962134058271264,-0.04068212093816019
12,F-band,-0.14129577773795998,-0.12954687655848351
12,F-fooof-per,-0.018106469023581928,0.08453415184727597
12,F-rel,-0.1454588316795009,-0.18113254931295278
12,F-asym,-0.08509439944847919,-0.1538361674667903
13,F-band,-0.0321117071631174,-0.006074821236170233
13,F-fooof-per,-0.13509730206615123,-0.14479303680206942
13,F-rel,-0.26516070785341994,-0.28664406350240723
13,F-asym,0.0018714409907717444,0.10378216623295555
14,F-band,-0.15866442578095574,-0.21261795722647223
14,F-fooof-per,0.0073154695297701355,0.1312711119121483
14,F-rel,-0.02339304460256142,0.0010393476192229884
14,F-asym,-0.03614525212901065,-0.04323642001736569
15,F-band,-0.21958718717425718,-0.20872062772576522
15,F-fooof-per,-0.16010570726078255,-0.1833367812152421
15,F-rel,-0.13862118537755075,-0.21837690074829438
15,F-asym,-0.06734353526791437,-0.09373698386884857
16,F-band,-0.21752682996877692,-0.15197633929786014
16,F-fooof-per,-0.1838130207779276,-0.07362604792175934
16,F-rel,-0.39232653651912885,-0.3959550137662728
16,F-asym,-0.12153932919731325,-0.2034129228380397
17,F-band,-0.21335435406254488,-0.1275278984193341
17,F-fooof-per,-0.11881498129997325,-0.002095541502771317
17,F-rel,-0.24168852322920897,-0.17673476671954347
17,F-asym,-0.24561585493862492,-0.22417822115529745
18,F-band,-0.08121182233172419,-0.041825115645901294
18,F-fooof-per,-0.054565220073854226,0.0005304338180509953
18,F-rel,-0.20091134993019932,-0.17747333073819
18,F-asym,-0.04192951004894718,-0.010067793469170604
19,F-band,-0.22991953084500572,-0.2333489844925863
19,F-fooof-per,-0.25395958262569285,-0.22906322939700832
19,F-rel,-0.1942282465164844,-0.18051997272387177
19,F-asym,-0.07305818077538007,-0.10656466907831823
