family,method,n,R2,r,MAE,R2_901,r_901,R2_903,r_903,R2_905,r_905,R2_906,r_906,R2_907,r_907,R2_908,r_908,p_phase2,p_combined
F-asym,P2A_pullback,139,-0.1971833631686561,-0.0233951725926794,0.2082172697928889,-0.6981396983867041,-0.3339446280608692,-0.2280017219808769,0.0072997775756781,-0.4716780764880517,0.1275507646661247,0.0045884156842238,0.299572179033866,0.0208518533886197,0.2992462734990768,-0.168900074535121,-0.4789579641917016,1.0,1.0
F-asym,P2B_stitchLDS,139,-0.5604209102480733,0.062960979689869,0.2397251884808857,-1.5666618559172925,-0.4597818931141268,-1.3462086169555576,-0.1911988955370109,-0.5714899523646537,-0.8846546198124247,-0.7272443173061365,-0.4579324359061049,-0.0195589636413269,0.1304527893656042,-0.404029756023073,-0.4633464696156161,1.0,1.0
F-asym,P2D_GW,139,-0.1673618964401533,-0.0074301964074282,0.2143292041556649,-0.7479075979700676,-0.0850787143408084,-0.9580966114279256,-0.1704322328917515,0.0556758580770669,0.3565439996231018,-0.3059642034631296,0.1357271634353183,-0.58694510990566,-0.3646272023402325,-0.1282973716922701,0.1698590325600872,1.0,1.0
F-band,P2A_pullback,139,-0.395351471593993,0.0568685049071363,0.2082594873047118,-0.7225210862228189,0.2823022017726836,-0.0117717608958078,0.1569837482822454,-1.1013217461801008,-0.3447610648479927,-0.0426116184862095,0.0213243774441782,-0.0048821602020969,0.0722849934193211,-0.0298209514747851,-0.0894286496777586,1.0,1.0
F-band,P2B_stitchLDS,139,-0.6801247281690586,-0.0481235133161054,0.2344667602085078,0.1028245858088831,0.3456253445710269,-3.394977357463622,-0.3959978438155341,-0.5783725808178386,-0.5567654387801024,-1.2933292487182708,-0.3541256171322112,-0.2726765675664055,-0.3132990734730742,-2.37754374064479,-0.2742492722944262,1.0,1.0
F-band,P2D_GW,139,-0.2269956247109308,-0.0044986643085152,0.2150442777508212,-0.5816779603964986,0.4383492510839915,-1.255351029741382,-0.1199401147747686,-0.1062307056252367,-0.0372841412375501,-1.5244765856159097,-0.3542183004983874,-0.0290257087745711,0.2896168393198746,-0.0650800694285711,0.1968821993277661,1.0,1.0
F-fooof-per,P2A_pullback,139,-2.44942802191792,0.0030804619832724,0.3079979906457379,-0.3057471511570553,0.1401326610252433,-0.2994680022647176,0.1380774163299043,0.0698499683705192,0.6149020865988041,-44.315994299594834,-0.238514893295652,-0.0566747860923178,0.5394531158194794,-0.2601137425549229,0.3695235231534473,1.0,1.0
F-fooof-per,P2B_stitchLDS,139,-0.5322755792580813,-0.0546519204281375,0.2227595173515281,-0.6266768456606793,-0.1464077946909391,-0.8496394804524401,-0.2057913623012291,-1.0979735030102675,-0.8337923699554648,-0.6299689485356923,-0.0973273134153836,-0.2255045657081806,-0.3271143730771507,-0.2704360288635885,0.4210507727096086,1.0,1.0
F-fooof-per,P2D_GW,139,-0.2160537228401349,-0.0192561359012871,0.2222379732774376,-0.7055968087509774,0.2704963564810306,-0.9125813920327326,-0.0620674997966942,-0.0848842616877254,-4.504351903188153e-05,-0.8758708218255742,-0.1785219733116204,-0.5665360080129809,-0.1943597468009225,0.0881533103230801,0.3938312860360712,1.0,1.0
F-rel,P2A_pullback,139,-1.3338210703094109,0.2581687279683727,0.291071125383651,-0.5837601603881355,-0.4336208310224618,-3.925103274191392,0.0192605041443624,-2.5651649049983525,0.7004683790671001,-0.783525287755785,-0.3282552901888357,-0.0120417895414646,0.0223759754360036,-0.4918326841404599,0.273120502099792,1.0,1.0
F-rel,P2B_stitchLDS,139,-0.4369320070770401,0.0710552142866247,0.2145389778214791,-0.9554194918515656,-0.3896133845684861,-0.5184876660131956,0.0095799837190699,-0.49619889117714,-0.4358227416653202,-1.917552282103994,-0.3404713891133054,-0.0480779307492087,0.1218329713282504,-0.6593431976259736,0.3653051234374993,1.0,1.0
F-rel,P2D_GW,139,-0.2589418673281429,-0.0893029102154198,0.2230419025614536,-0.9067669084656036,0.0094554491241769,-1.004908166293283,0.0992732804390613,-0.1188421778063417,-0.1813962294701641,-0.1440237309304985,0.1344203782949212,-0.614909966087642,-0.1959722022526418,-0.1679387133660621,0.0766293212249386,1.0,1.0
F-riem,P2A_pullback,139,-0.0232835375749056,0.2003272900744259,0.2029185420122543,-0.7330432153541231,0.1059979199492104,-0.0048225391982399,0.1748475610907218,-0.0436511653709941,0.3027218560116407,-0.1008105728842707,-0.0773062082805229,0.0403358895464176,0.227383070978606,-0.0160202341720652,0.0597565994411243,0.44554455445544555,0.900990099009901
F-riem,P2B_stitchLDS,139,-0.6381654933274885,0.0060157896007723,0.2570680486664646,-1.7909535411082382,0.2470335387270516,0.0479118971422954,0.368244175336115,-0.2315586793481692,-0.2990368912639111,-6.425801325795612,-0.1551945801010196,0.1246199633458848,0.3765371571650838,-0.1974348802246135,0.1606363978997576,1.0,1.0
F-riem,P2D_GW,139,-0.3034099745224805,-0.1217042773548112,0.2250267932793474,-0.9383276778505538,-0.0385214817317594,-1.094541991113784,-0.3143181689845661,-0.0785340527775961,0.083976675754786,-0.7440542555028657,-0.0972222860252869,-0.362431405891618,-0.0824848262876299,-0.6001821634620774,-0.2270706930319065,1.0,1.0
