draw,family,method,R2,r
0,F-band,P2A_pullback,-0.9388998190028763,0.25791518767757426
0,F-band,P2B_stitchLDS,-0.30439710105127626,-0.015012164523081128
0,F-band,P2D_GW,-0.3431419496705823,-0.1725123206255323
0,F-fooof-per,P2A_pullback,-0.09273679986775374,-0.04068671297698055
0,F-fooof-per,P2B_stitchLDS,-0.5450008570217815,-0.004223960597093443
0,F-fooof-per,P2D_GW,-0.32761537597657453,-0.1599053539767289
0,F-rel,P2A_pullback,-0.2765692111603566,0.26129526958266475
0,F-rel,P2B_stitchLDS,0.004654301636233149,0.23564749176756558
0,F-rel,P2D_GW,-0.24070518566555266,-0.062122195595871066
0,F-asym,P2A_pullback,-0.2704290446579507,-0.23197947326342766
0,F-asym,P2B_stitchLDS,-1.2546234002833252,-0.28618297960146216
0,F-asym,P2D_GW,-0.0648531524007836,0.12652721821453297
0,F-riem,P2A_pullback,-0.14938824713004584,-0.2748927595498176
0,F-riem,P2B_stitchLDS,-0.6530908194082337,-0.06978965909526091
0,F-riem,P2D_GW,-0.3927446443479812,-0.20097792735694592
1,F-band,P2A_pullback,-0.12303248353542573,0.032735774740007106
1,F-band,P2B_stitchLDS,-0.17105801681925392,-0.14338069223952832
1,F-band,P2D_GW,-0.1584441422766545,0.010393226725638326
1,F-fooof-per,P2A_pullback,-0.035705424869773905,-0.0801604398457834
1,F-fooof-per,P2B_stitchLDS,-0.48887396176369635,-0.2655122152757357
1,F-fooof-per,P2D_GW,-0.11754814149560877,0.03977857110270059
1,F-rel,P2A_pullback,-0.0543924780180709,-0.1851361779269063
1,F-rel,P2B_stitchLDS,-0.04447481106763029,-0.002731316522036585
1,F-rel,P2D_GW,-0.16426588851612967,-0.014734487897795374
1,F-asym,P2A_pullback,-0.2710656731436223,-0.2340111531998253
1,F-asym,P2B_stitchLDS,-0.18415199459781806,0.11233246953499725
1,F-asym,P2D_GW,-0.23000589368488367,-0.044336789106798155
1,F-riem,P2A_pullback,-0.1646707473855784,-0.19241966538054242
1,F-riem,P2B_stitchLDS,-0.14784873255808528,-0.03672318446843219
1,F-riem,P2D_GW,-0.23307096706736719,-0.07392347590349216
2,F-band,P2A_pullback,-0.022733799390956433,-0.17671188961133927
2,F-band,P2B_stitchLDS,-0.10016316956560423,-0.04442113162386946
2,F-band,P2D_GW,-0.035984222579601655,0.14556857038930768
2,F-fooof-per,P2A_pullback,-0.10920847951553325,-0.28055372874945494
2,F-fooof-per,P2B_stitchLDS,-0.05597281964725753,-0.006490416351653948
2,F-fooof-per,P2D_GW,-0.08609744921194773,0.10474402908946773
2,F-rel,P2A_pullback,-0.022672568045246644,0.08531778658458433
2,F-rel,P2B_stitchLDS,-0.10442436930592591,-0.09543219628359971
2,F-rel,P2D_GW,-0.023149864709537837,0.20541652842239735
2,F-asym,P2A_pullback,-0.05177159737098913,-0.214761983280838
2,F-asym,P2B_stitchLDS,-0.129672123644488,0.005987970145811792
2,F-asym,P2D_GW,-0.24426184026379172,-0.09399568829543103
2,F-riem,P2A_pullback,-0.03338134021504047,-0.22197374913722026
2,F-riem,P2B_stitchLDS,-0.12714837112833743,-0.033945225927379453
2,F-riem,P2D_GW,-0.1538281775248409,0.013267037708322556
3,F-band,P2A_pullback,-0.14144528792252298,-0.18153035230839398
3,F-band,P2B_stitchLDS,-0.10390816333236663,-0.05956280827373098
3,F-band,P2D_GW,-0.019305070079403075,0.19281760956126556
3,F-fooof-per,P2A_pullback,-0.11025949256280154,-0.1641016740714751
3,F-fooof-per,P2B_stitchLDS,-0.07747397337996853,-0.026744715853748664
3,F-fooof-per,P2D_GW,-0.15614020533751294,-0.008026311675339626
3,F-rel,P2A_pullback,-0.02702398865217437,-0.16891694265893625
3,F-rel,P2B_stitchLDS,-0.11897113492643197,-0.11804361561742188
3,F-rel,P2D_GW,-0.1587517055505121,0.01607033347525333
3,F-asym,P2A_pullback,-0.05822992667031879,-0.2877014232123952
3,F-asym,P2B_stitchLDS,-0.06221447990218221,-0.1256815890537522
3,F-asym,P2D_GW,-0.24243686256964714,-0.0734671907824549
3,F-riem,P2A_pullback,-0.021219169597621823,-0.1774623076605807
3,F-riem,P2B_stitchLDS,-0.08719011770934504,0.02753930324607038
3,F-riem,P2D_GW,-0.13840253529255886,0.08432931163666493
4,F-band,P2A_pullback,-0.08708195788822115,-0.13234481674787352
4,F-band,P2B_stitchLDS,-0.41136488759255396,-0.028759830539724432
4,F-band,P2D_GW,-0.19289385838300332,0.04092588687143647
4,F-fooof-per,P2A_pullback,-0.2960299488833804,-0.37912431874597086
4,F-fooof-per,P2B_stitchLDS,-0.16832114573901902,0.15495995405179894
4,F-fooof-per,P2D_GW,-0.3272341029640464,-0.16302933305242673
4,F-rel,P2A_pullback,-0.46141132669333906,-0.20420733374754524
4,F-rel,P2B_stitchLDS,-0.2033663237458807,-0.04990851869447183
4,F-rel,P2D_GW,-0.16460594631660785,0.04719204633022321
4,F-asym,P2A_pullback,-0.19214039519929127,-0.3050544924343875
4,F-asym,P2B_stitchLDS,-1.2985894957806434,-0.2738766936433723
4,F-asym,P2D_GW,-0.20102521279056473,0.013192960489321864
4,F-riem,P2A_pullback,-0.283536593834395,-0.2621834677411309
4,F-riem,P2B_stitchLDS,-0.6372915388331271,-0.2726493496302699
4,F-riem,P2D_GW,-0.3369489116672555,-0.17581500629412378
5,F-band,P2A_pullback,-0.29524310619962213,-0.17288000574574441
5,F-band,P2B_stitchLDS,-0.19131045633009003,-0.06317898415191782
5,F-band,P2D_GW,-0.06435130098020192,0.10586026569263318
5,F-fooof-per,P2A_pullback,0.046460797259266995,0.21710453951897168
5,F-fooof-per,P2B_stitchLDS,-0.1562601801878929,-0.2122537106303443
5,F-fooof-per,P2D_GW,-0.29549033835488947,-0.1817355594449842
5,F-rel,P2A_pullback,0.006669569707234979,0.1558673060902041
5,F-rel,P2B_stitchLDS,-0.261106695340954,-0.0922879101380239
5,F-rel,P2D_GW,-0.0844284377315554,0.13228411211785077
5,F-asym,P2A_pullback,-0.12214156433681156,0.0003611123304474509
5,F-asym,P2B_stitchLDS,-0.12982606625398807,-0.16483734057014313
5,F-asym,P2D_GW,-0.11601401767593345,0.04828739512671149
5,F-riem,P2A_pullback,-0.030636781713034855,-0.13372903477147538
5,F-riem,P2B_stitchLDS,-0.3578220816485258,0.027168264952937275
5,F-riem,P2D_GW,-0.22316077496988784,-0.11151948812194142
6,F-band,P2A_pullback,-0.38865400264435723,0.06617173823586178
6,F-band,P2B_stitchLDS,-0.04832696029748518,0.029234908125672643
6,F-band,P2D_GW,-0.17715771322971152,-0.02529988677045686
6,F-fooof-per,P2A_pullback,-0.011899787942019513,0.0628300334066198
6,F-fooof-per,P2B_stitchLDS,-0.12581649727945798,0.04935092935453555
6,F-fooof-per,P2D_GW,-0.22074608995591483,-0.03371840940579851
6,F-rel,P2A_pullback,-0.027931025169091184,-0.08828909644980844
6,F-rel,P2B_stitchLDS,-0.048350510372794586,0.1020839797104501
6,F-rel,P2D_GW,-0.24251027410919157,-0.09442187933713451
6,F-asym,P2A_pullback,-0.1448827527672274,-0.2817837709180239
6,F-asym,P2B_stitchLDS,-0.09465437511874186,-0.10621221194029032
6,F-asym,P2D_GW,-0.2160524081611026,-0.045560566015180146
6,F-riem,P2A_pullback,-0.01421145486358033,-0.04933924727433095
6,F-riem,P2B_stitchLDS,-0.1971051641512478,-0.050049852239593975
6,F-riem,P2D_GW,-0.23869272081832316,-0.09615487137464114
7,F-band,P2A_pullback,-0.8696123111948741,-0.12364545838306695
7,F-band,P2B_stitchLDS,-0.3099620893960082,0.11703877373070376
7,F-band,P2D_GW,-0.24871646618818422,-0.11361301170511781
7,F-fooof-per,P2A_pullback,-0.12520639904596886,-0.09916219816596793
7,F-fooof-per,P2B_stitchLDS,-0.21772187646170704,-0.09177165747128788
7,F-fooof-per,P2D_GW,-0.31777249156938603,-0.1813602039537231
7,F-rel,P2A_pullback,-0.11474305923050698,-0.2140824278336706
7,F-rel,P2B_stitchLDS,-0.12430543163912788,0.09669326796570796
7,F-rel,P2D_GW,-0.18049120000602303,-0.019103385552919037
7,F-asym,P2A_pullback,-0.02219437801736368,-0.11151082012006758
7,F-asym,P2B_stitchLDS,-0.07405376229767335,0.3033625185642124
7,F-asym,P2D_GW,-0.18372837102963935,-0.026958625679302562
7,F-riem,P2A_pullback,-0.056825745616136736,-0.20463727845003427
7,F-riem,P2B_stitchLDS,-0.6157921205801093,-0.12721448971537747
7,F-riem,P2D_GW,-0.12605121778402917,0.00872029335359361
8,F-band,P2A_pullback,-0.17801096971621155,-0.0017712505907260395
8,F-band,P2B_stitchLDS,-0.17194381055998553,0.12807029426392746
8,F-band,P2D_GW,-0.18335799405790398,-0.06260411187263346
8,F-fooof-per,P2A_pullback,-0.053959346144971,-0.03316752950304202
8,F-fooof-per,P2B_stitchLDS,-0.15568360146838178,0.14717976086306983
8,F-fooof-per,P2D_GW,-0.12273967531312069,0.030697854346260895
8,F-rel,P2A_pullback,-0.22785993839809215,-0.10173930804510845
8,F-rel,P2B_stitchLDS,-0.011395356876061857,0.2014657663692695
8,F-rel,P2D_GW,-0.23868201914122222,-0.08938384804929454
8,F-asym,P2A_pullback,-0.26098799333601663,-0.2704640005271852
8,F-asym,P2B_stitchLDS,-0.21475001545282835,0.16332444043850827
8,F-asym,P2D_GW,-0.17329450904731192,-0.07359212778077313
8,F-riem,P2A_pullback,-0.16363204645479246,-0.2058950113286473
8,F-riem,P2B_stitchLDS,-0.23439100922924672,0.03811237892495595
8,F-riem,P2D_GW,-0.16183874787496544,0.0005660688577702848
9,F-band,P2A_pullback,-1.6840884988536033,-0.11535772278344901
9,F-band,P2B_stitchLDS,-0.08510259102498674,0.14716021803299686
9,F-band,P2D_GW,-0.210012146081056,-0.06839071803025239
9,F-fooof-per,P2A_pullback,-0.04473286552009026,-0.18026516906123513
9,F-fooof-per,P2B_stitchLDS,-0.15936929143109824,0.1066946843214941
9,F-fooof-per,P2D_GW,-0.20975386251532502,-0.08178570691595993
9,F-rel,P2A_pullback,-0.2555982369515346,-0.20960023903737374
9,F-rel,P2B_stitchLDS,-0.08637387238614491,0.12627092774144866
9,F-rel,P2D_GW,-0.20649534894663124,-0.060760581787839704
9,F-asym,P2A_pullback,-0.22812382834581735,-0.19559250035941733
9,F-asym,P2B_stitchLDS,-0.42297278371493396,-0.13449727753267643
9,F-asym,P2D_GW,-0.17067570686158517,-0.0049205458918085004
9,F-riem,P2A_pullback,-0.48820556424929573,-0.3048853378562709
9,F-riem,P2B_stitchLDS,-0.34906139693020277,-0.026923954959823367
9,F-riem,P2D_GW,-0.23104176374708918,-0.08198370723879359
10,F-band,P2A_pullback,-0.1806265067440067,-0.020031624101469143
10,F-band,P2B_stitchLDS,-0.4894676369997353,-0.10127233353842083
10,F-band,P2D_GW,-0.2861194498297299,-0.11018397335202872
10,F-fooof-per,P2A_pullback,-0.16939396078573754,-0.19877606765997902
10,F-fooof-per,P2B_stitchLDS,-0.4444343102241961,-0.03749650770926122
10,F-fooof-per,P2D_GW,-0.3442949843682197,-0.21501790968266865
10,F-rel,P2A_pullback,-0.3733509556721515,-0.11726667847261947
10,F-rel,P2B_stitchLDS,-0.04437918321228973,0.11144521861398668
10,F-rel,P2D_GW,-0.18282447735238505,0.04997591891981278
10,F-asym,P2A_pullback,-0.15760519072025492,-0.32707120522834254
10,F-asym,P2B_stitchLDS,-1.9260503087820466,-0.33697465490467604
10,F-asym,P2D_GW,-0.21644738458766288,-0.007318278529033551
10,F-riem,P2A_pullback,-0.045502652284566736,-0.096502192633186
10,F-riem,P2B_stitchLDS,-0.6971204737943466,-0.17616677819442667
10,F-riem,P2D_GW,-0.227803699764062,0.0014767728110393653
11,F-band,P2A_pullback,-0.1934264274385562,-0.08854809089102288
11,F-band,P2B_stitchLDS,-0.42509842563791156,-0.1953976554669758
11,F-band,P2D_GW,-0.09907720708755141,0.06400756141874876
11,F-fooof-per,P2A_pullback,-0.09020951334314464,-0.07814890210880701
11,F-fooof-per,P2B_stitchLDS,-0.3531467448380834,-0.09105573874286152
11,F-fooof-per,P2D_GW,-0.21552576696066517,-0.03876233003780321
11,F-rel,P2A_pullback,-0.35104165534197196,-0.24222556393525196
11,F-rel,P2B_stitchLDS,-0.22924607552392628,-0.14983959541341318
11,F-rel,P2D_GW,-0.19367987252921037,-0.025583092876069115
11,F-asym,P2A_pullback,-0.2356894001521468,-0.38561448735403675
11,F-asym,P2B_stitchLDS,-1.0700549125283292,-0.2577121756055721
11,F-asym,P2D_GW,-0.3031774691468163,-0.14611441709635753
11,F-riem,P2A_pullback,-0.19366956609270325,-0.2089572552947929
11,F-riem,P2B_stitchLDS,-0.6325184062889837,-0.022999847525426484
11,F-riem,P2D_GW,-0.149124242611121,0.017321875591793885
12,F-band,P2A_pullback,-0.03432778136486281,-0.11722549536748558
12,F-band,P2B_stitchLDS,-0.1083770531828061,0.12987203904487132
12,F-band,P2D_GW,-0.21547001171647961,-0.08074047440734959
12,F-fooof-per,P2A_pullback,-0.04310998808197608,-0.21875329935648063
12,F-fooof-per,P2B_stitchLDS,-0.26072449637520934,-0.168210050942398
12,F-fooof-per,P2D_GW,-0.2779337273571698,-0.1433398025506324
12,F-rel,P2A_pullback,-0.20066911487566452,-0.23256033548685473
12,F-rel,P2B_stitchLDS,-0.41601955762738574,-0.19241789472337717
12,F-rel,P2D_GW,-0.1554532276376135,0.018198607740337977
12,F-asym,P2A_pullback,-0.10533005845382837,-0.20006679366733698
12,F-asym,P2B_stitchLDS,-0.25975257460979884,-0.09565638415996594
12,F-asym,P2D_GW,-0.18598296330963193,0.009025616867018953
12,F-riem,P2A_pullback,-0.034871771530607054,-0.19032023054446134
12,F-riem,P2B_stitchLDS,-0.242477246896319,-0.0003258588399834006
12,F-riem,P2D_GW,-0.22314699621448653,-0.09886692349258713
13,F-band,P2A_pullback,-0.6009220488171392,0.0712299775353872
13,F-band,P2B_stitchLDS,-0.16172783270921087,0.1748991131137362
13,F-band,P2D_GW,-0.26605456572298203,-0.1063829845584096
13,F-fooof-per,P2A_pullback,-0.06625450522555276,-0.055050810117140754
13,F-fooof-per,P2B_stitchLDS,-0.005980968705834311,0.1811449354817617
13,F-fooof-per,P2D_GW,-0.13789864806997554,0.07757639944600153
13,F-rel,P2A_pullback,-0.17746619366101668,-0.016164171427770407
13,F-rel,P2B_stitchLDS,-0.259818922831518,0.028322962563399702
13,F-rel,P2D_GW,-0.12310187628766056,0.016810355023359643
13,F-asym,P2A_pullback,-0.09861072952652372,-0.022299891975994628
13,F-asym,P2B_stitchLDS,-0.2532299220630063,0.03812929516006965
13,F-asym,P2D_GW,-0.11879257608249438,0.04420417626425388
13,F-riem,P2A_pullback,-0.14737979494934206,-0.17254871000918603
13,F-riem,P2B_stitchLDS,-0.3249683037618005,-0.012458856741887736
13,F-riem,P2D_GW,-0.032398124002032125,0.1451375585557233
14,F-band,P2A_pullback,-0.11843053942657522,-0.06434874811974968
14,F-band,P2B_stitchLDS,-0.1546963777043997,-0.18782107528938463
14,F-band,P2D_GW,-0.23174181770938707,-0.0641233493432955
14,F-fooof-per,P2A_pullback,-0.11927036710472882,-0.06599439817618111
14,F-fooof-per,P2B_stitchLDS,-0.10196878274990051,0.04281252804602115
14,F-fooof-per,P2D_GW,-0.3135786583773794,-0.11547484347278278
14,F-rel,P2A_pullback,-0.37423206911893625,-0.0025657984312567744
14,F-rel,P2B_stitchLDS,-0.17986569514916062,-0.2064777862154923
14,F-rel,P2D_GW,-0.22811171088795135,-0.09866812178684728
14,F-asym,P2A_pullback,-0.07339633998996575,-0.2377293912788332
14,F-asym,P2B_stitchLDS,-0.6540189059087393,0.09403682205379148
14,F-asym,P2D_GW,-0.21834488378166395,-0.061981158308292435
14,F-riem,P2A_pullback,-0.8142061536431473,-0.178673800390799
14,F-riem,P2B_stitchLDS,-0.7909761909315649,-0.06995422794467085
14,F-riem,P2D_GW,-0.20357569525774943,-0.04329556437633711
15,F-band,P2A_pullback,-0.4879665633893304,0.1710218707594044
15,F-band,P2B_stitchLDS,-0.13412325340963283,0.3001679083138425
15,F-band,P2D_GW,-0.23450610212734002,-0.10415103688302677
15,F-fooof-per,P2A_pullback,-0.0774419412337295,-0.058761068365727885
15,F-fooof-per,P2B_stitchLDS,-0.1849215200719514,0.04296273929934104
15,F-fooof-per,P2D_GW,-0.14671938322357958,0.021392864386027916
15,F-rel,P2A_pullback,-0.16108790712895282,0.2744440820686147
15,F-rel,P2B_stitchLDS,0.06172073935492306,0.36718659455690206
15,F-rel,P2D_GW,-0.18098227573195302,-0.040530070243992494
15,F-asym,P2A_pullback,-0.07604616882632942,0.15973362538477376
15,F-asym,P2B_stitchLDS,-0.05835697795586814,0.43180499108324033
15,F-asym,P2D_GW,-0.18083920382278773,-0.025759844567906875
15,F-riem,P2A_pullback,-0.37012261286942594,-0.2990516845333244
15,F-riem,P2B_stitchLDS,-0.27805842191223595,0.02080262348592155
15,F-riem,P2D_GW,-0.11544232030074753,0.044499891945389475
16,F-band,P2A_pullback,-0.11034060599193185,-0.23434820418747185
16,F-band,P2B_stitchLDS,-0.7295142210087346,-0.36050672739259865
16,F-band,P2D_GW,-0.18768532699161278,-0.01768707875488186
16,F-fooof-per,P2A_pullback,-0.11127412547952376,-0.24433135343416842
16,F-fooof-per,P2B_stitchLDS,-0.4558349674085951,-0.17276643913436623
16,F-fooof-per,P2D_GW,-0.1887001206535508,-0.02967319535994377
16,F-rel,P2A_pullback,-0.11351184684280446,-0.3193513286932573
16,F-rel,P2B_stitchLDS,-0.669629038911902,-0.14929614514209125
16,F-rel,P2D_GW,-0.21261755734753152,-0.10115200042465425
16,F-asym,P2A_pullback,-0.12392793961065407,-0.3098185884248436
16,F-asym,P2B_stitchLDS,-1.1314223247827457,-0.19141416433338476
16,F-asym,P2D_GW,-0.25816569962976166,-0.08957602165166677
16,F-riem,P2A_pullback,-0.08083000471925472,-0.3328111125081924
16,F-riem,P2B_stitchLDS,-0.37651723693733374,-0.17305734800234807
16,F-riem,P2D_GW,-0.27996712334304386,-0.05578480272736511
17,F-band,P2A_pullback,-1.2458975436432347,-0.11470698717298783
17,F-band,P2B_stitchLDS,-0.42515554639293485,-0.07300567484699913
17,F-band,P2D_GW,-0.35072099791197675,-0.03401515165034734
17,F-fooof-per,P2A_pullback,-0.38658475753385546,-0.30444975415806363
17,F-fooof-per,P2B_stitchLDS,-0.14993638854271185,0.19688466020533663
17,F-fooof-per,P2D_GW,-0.14319002002254533,0.08248101204960562
17,F-rel,P2A_pullback,-0.5427502502060191,0.019904611656693202
17,F-rel,P2B_stitchLDS,-0.15494963446653176,0.05947821120978299
17,F-rel,P2D_GW,-0.13719278929781553,0.060077625631210274
17,F-asym,P2A_pullback,-0.6409134222331476,-0.30296845913507203
17,F-asym,P2B_stitchLDS,-1.0103967774937193,-0.26331241338681055
17,F-asym,P2D_GW,-0.23123935034894294,-0.07409811949612932
17,F-riem,P2A_pullback,-0.8411393306428299,-0.24271951633681876
17,F-riem,P2B_stitchLDS,-0.6674290272015089,-0.07243951767611462
17,F-riem,P2D_GW,-0.29712130866275865,-0.11048990902014966
18,F-band,P2A_pullback,-0.006461648918929086,0.021050405565342427
18,F-band,P2B_stitchLDS,-0.036882515768826174,0.24593658977754368
18,F-band,P2D_GW,-0.1812947786145105,0.01147392346313987
18,F-fooof-per,P2A_pullback,-0.0645936220740595,0.14040564820218537
18,F-fooof-per,P2B_stitchLDS,0.011467111311249556,0.22706922439520233
18,F-fooof-per,P2D_GW,-0.20685646351239906,-0.019147501054376313
18,F-rel,P2A_pullback,0.009329558935580629,0.10478741719907944
18,F-rel,P2B_stitchLDS,-0.2502184595388821,-0.04141620712109184
18,F-rel,P2D_GW,-0.22032753670762872,-0.0794081911669605
18,F-asym,P2A_pullback,-0.09394263187538265,-0.17702335901521954
18,F-asym,P2B_stitchLDS,0.05051156287718228,0.31383699604282245
18,F-asym,P2D_GW,-0.13320329879747672,0.05597466600872851
18,F-riem,P2A_pullback,-0.19525392723473511,0.0143048890091791
18,F-riem,P2B_stitchLDS,-0.1298910136982292,0.0204961776570169
18,F-riem,P2D_GW,-0.10896568041301369,0.050434306897968906
19,F-band,P2A_pullback,-0.116560695310296,-0.11766063430791869
19,F-band,P2B_stitchLDS,-0.6210442488088737,-0.27001115392187175
19,F-band,P2D_GW,-0.23679615303659896,-0.13505949522719907
19,F-fooof-per,P2A_pullback,-0.2804154672149928,-0.3115844428423866
19,F-fooof-per,P2B_stitchLDS,-0.31163114457177366,-0.19178619629478333
19,F-fooof-per,P2D_GW,-0.2199372113461835,-0.13640894011564594
19,F-rel,P2A_pullback,-0.08733583953562696,-0.31728531442975044
19,F-rel,P2B_stitchLDS,-0.28506476377480405,-0.14241057910569752
19,F-rel,P2D_GW,-0.29316716035290313,-0.17936647676591644
19,F-asym,P2A_pullback,-0.16337738951175207,-0.09502470871796312
19,F-asym,P2B_stitchLDS,-1.0065580934852587,-0.1867231025542764
19,F-asym,P2D_GW,-0.2258976506941297,-0.02340236982241839
19,F-riem,P2A_pullback,-0.044300065460503024,0.21991416516468978
19,F-riem,P2B_stitchLDS,-0.08485736382464615,-0.012526488876889324
19,F-riem,P2D_GW,-0.19969634601278496,-0.08026479101742989
20,F-band,P2A_pullback,0.02114690802683039,0.3018512082255641
20,F-band,P2B_stitchLDS,-0.5530666451558766,-0.26887359011104744
20,F-band,P2D_GW,-0.2832393362668597,-0.167044796753668
20,F-fooof-per,P2A_pullback,-0.2623993119473158,-0.3416115416991375
20,F-fooof-per,P2B_stitchLDS,-0.18530399923748275,-0.01138657837105899
20,F-fooof-per,P2D_GW,-0.35381316643734695,-0.2949499010970734
20,F-rel,P2A_pullback,-0.31599323494423137,-0.19296767506159096
20,F-rel,P2B_stitchLDS,-0.3730265919634719,-0.09212087382111979
20,F-rel,P2D_GW,-0.22086236826539873,-0.06396776220627931
20,F-asym,P2A_pullback,-0.2622568494763686,-0.23031629209064747
20,F-asym,P2B_stitchLDS,-0.9648242653827157,-0.3044739306443762
20,F-asym,P2D_GW,-0.21408795395934033,-0.07454406340842235
20,F-riem,P2A_pullback,-0.24558200419481602,-0.1392707481855805
20,F-riem,P2B_stitchLDS,-0.5007487480012747,-0.07691037426307018
20,F-riem,P2D_GW,-0.2141510690940207,-0.08793518443128122
21,F-band,P2A_pullback,-0.09336087294774575,-0.2487179974072634
21,F-band,P2B_stitchLDS,-0.17270466268597096,-0.05876187410995937
21,F-band,P2D_GW,-0.2870464618611488,-0.12137532159345782
21,F-fooof-per,P2A_pullback,-0.023367438175028843,-0.06056804951340672
21,F-fooof-per,P2B_stitchLDS,-0.20267543689631506,0.0033856468135840673
21,F-fooof-per,P2D_GW,-0.15301779124045,0.01986928108204946
21,F-rel,P2A_pullback,-0.047026943008216415,-0.22964827214572364
21,F-rel,P2B_stitchLDS,-0.5652810031507463,-0.33573113644231567
21,F-rel,P2D_GW,-0.182302166927083,0.024565092049494655
21,F-asym,P2A_pullback,-0.17833979088710916,-0.11238118006384429
21,F-asym,P2B_stitchLDS,-0.5285781094248057,0.16096938211528233
21,F-asym,P2D_GW,-0.12270219832511664,0.03397634218934397
21,F-riem,P2A_pullback,-2.226254677287521,-0.22333687073168892
21,F-riem,P2B_stitchLDS,-0.8028527382634734,0.0289738288159848
21,F-riem,P2D_GW,-0.1957666145648933,-0.05921371278483181
22,F-band,P2A_pullback,-0.4645850347083267,0.049722155056067474
22,F-band,P2B_stitchLDS,-0.11184493974563026,0.015266931584078727
22,F-band,P2D_GW,-0.30858523239574787,-0.16989047627003598
22,F-fooof-per,P2A_pullback,-0.03782802217147041,-0.26422302662601294
22,F-fooof-per,P2B_stitchLDS,-0.25159371188887003,-0.282418883433775
22,F-fooof-per,P2D_GW,-0.1423324558359551,0.04247568801856804
22,F-rel,P2A_pullback,-0.5752243904354375,0.12154543575305664
22,F-rel,P2B_stitchLDS,-0.08568025794009393,-0.0572004094680712
22,F-rel,P2D_GW,-0.2226318809486605,-0.11831769024643604
22,F-asym,P2A_pullback,-0.05560366481765011,-0.2788275891276366
22,F-asym,P2B_stitchLDS,-0.8132639234482224,0.225989520126438
22,F-asym,P2D_GW,-0.241752428172209,-0.12606602166979264
22,F-riem,P2A_pullback,-0.0066929760361098545,0.18310408503154613
22,F-riem,P2B_stitchLDS,-0.31821257282741255,0.03877373035022435
22,F-riem,P2D_GW,-0.23017727697987245,-0.02019991877900454
23,F-band,P2A_pullback,-0.24063187484266657,0.09262001044513647
23,F-band,P2B_stitchLDS,-0.06456371394077753,0.12347537736707052
23,F-band,P2D_GW,-0.15025443230126312,0.03746678392772965
23,F-fooof-per,P2A_pullback,-0.03539630020299711,-0.13498794252624907
23,F-fooof-per,P2B_stitchLDS,-0.08725707205202071,0.02255777741403797
23,F-fooof-per,P2D_GW,-0.15230739637973745,0.0440154074594523
23,F-rel,P2A_pullback,-0.04251164174301403,-0.120226975213232
23,F-rel,P2B_stitchLDS,-0.08033671614228122,0.1411317443535724
23,F-rel,P2D_GW,-0.1343969777481624,0.015323626180429486
23,F-asym,P2A_pullback,-0.041771243666482105,-0.2172202252850112
23,F-asym,P2B_stitchLDS,-0.16156185861140626,-0.15289978722296232
23,F-asym,P2D_GW,-0.0753782900012756,0.1403262641291103
23,F-riem,P2A_pullback,-0.06626381874112752,-0.25888898326134724
23,F-riem,P2B_stitchLDS,-0.5708450726422518,0.018000028215061744
23,F-riem,P2D_GW,-0.20602764104712668,-0.06562276373086609
24,F-band,P2A_pullback,-0.11702102693338468,-0.04534542106540936
24,F-band,P2B_stitchLDS,-0.36727617297175197,-0.17106391322670492
24,F-band,P2D_GW,-0.21079707085813215,-0.08605502499577228
24,F-fooof-per,P2A_pullback,-0.08800609836313145,-0.36042053062009316
24,F-fooof-per,P2B_stitchLDS,-0.2501573885350583,-0.220232466147338
24,F-fooof-per,P2D_GW,-0.22883705007849753,-0.17084735555098804
24,F-rel,P2A_pullback,-0.05530755872619442,-0.2606391454631555
24,F-rel,P2B_stitchLDS,-0.5505428496793872,-0.2824886372336504
24,F-rel,P2D_GW,-0.23246003204926513,-0.09750790133352547
24,F-asym,P2A_pullback,-0.24454064319171387,-0.3745263265302712
24,F-asym,P2B_stitchLDS,-0.9129912973503087,-0.23229204571856116
24,F-asym,P2D_GW,-0.25094784103794643,-0.12463467305421727
24,F-riem,P2A_pullback,0.01348508739424581,0.12069187722814081
24,F-riem,P2B_stitchLDS,-0.2677746298608059,-0.0956202632844682
24,F-riem,P2D_GW,-0.29862696124482135,-0.2149358173006231
25,F-band,P2A_pullback,-0.1391692126040276,0.16231191385390936
25,F-band,P2B_stitchLDS,-0.4909772531764409,-0.09797224974668615
25,F-band,P2D_GW,-0.16375273388675882,-0.014749104443454758
25,F-fooof-per,P2A_pullback,-0.6431624306158779,-0.35090827691568227
25,F-fooof-per,P2B_stitchLDS,-0.21547409491924685,-0.0782328726449708
25,F-fooof-per,P2D_GW,-0.14503789496276265,0.012416710945240363
25,F-rel,P2A_pullback,-0.22062369905156665,-0.014607084283741571
25,F-rel,P2B_stitchLDS,-0.3295691582158411,-0.16931150492101726
25,F-rel,P2D_GW,-0.26618441742547905,-0.0814078864323996
25,F-asym,P2A_pullback,-0.18368237528960574,-0.351705667839885
25,F-asym,P2B_stitchLDS,-1.7518743612147416,-0.28247195592563823
25,F-asym,P2D_GW,-0.36625115767653815,-0.13622837506023489
25,F-riem,P2A_pullback,0.021695168371731244,0.2164207525612883
25,F-riem,P2B_stitchLDS,-0.28136023719407066,-0.27282332324489644
25,F-riem,P2D_GW,-0.24005170959980737,-0.09359666343739416
26,F-band,P2A_pullback,-0.22651326063882604,0.2486244975176407
26,F-band,P2B_stitchLDS,-0.5114207728313507,-0.24589614566060852
26,F-band,P2D_GW,-0.22353378982343042,-0.07204874333342948
26,F-fooof-per,P2A_pullback,-0.0672417121018063,-0.3520330670947627
26,F-fooof-per,P2B_stitchLDS,-0.1951781919030915,-0.06825826167610449
26,F-fooof-per,P2D_GW,-0.1510374876012084,0.03336027894171364
26,F-rel,P2A_pullback,-0.46175393434318446,-0.14175667977176645
26,F-rel,P2B_stitchLDS,-0.6694143666817043,-0.42606446426541444
26,F-rel,P2D_GW,-0.1377092552871495,0.047054818957647786
26,F-asym,P2A_pullback,-0.1718498276766771,-0.008192206076600879
26,F-asym,P2B_stitchLDS,-0.7009150271152291,-0.3166493959789634
26,F-asym,P2D_GW,-0.2988710966214638,-0.21124496651932603
26,F-riem,P2A_pullback,-0.10207983842863655,-0.020631223656189815
26,F-riem,P2B_stitchLDS,-0.3802152081496084,-0.1358437991203983
26,F-riem,P2D_GW,-0.1142104443295584,0.08586082938233086
27,F-band,P2A_pullback,-0.14309140133564813,-0.2029676649866855
27,F-band,P2B_stitchLDS,-0.10713575060489733,0.16751764034862127
27,F-band,P2D_GW,-0.13912434773087612,0.03687374776788731
27,F-fooof-per,P2A_pullback,-0.11569641155719457,-0.10254491665307235
27,F-fooof-per,P2B_stitchLDS,-0.06933288219030942,0.07885294013672314
27,F-fooof-per,P2D_GW,-0.2903486884568678,-0.08619389570794951
27,F-rel,P2A_pullback,-0.08019213836802686,-0.2394495212991308
27,F-rel,P2B_stitchLDS,-0.46289794951183105,-0.13755882424623284
27,F-rel,P2D_GW,-0.22277357225625427,-0.07787469631581051
27,F-asym,P2A_pullback,-0.13092365460846667,-0.10992373153793969
27,F-asym,P2B_stitchLDS,-0.4492871776977827,0.11074091984136317
27,F-asym,P2D_GW,-0.14527051743548358,0.026320106134751782
27,F-riem,P2A_pullback,-1.174144780999098,-0.11774462534639474
27,F-riem,P2B_stitchLDS,-0.3340260284190195,0.06708501591867475
27,F-riem,P2D_GW,-0.2752923662710762,-0.17043739775780456
28,F-band,P2A_pullback,-0.06997024746506675,-0.180672236695377
28,F-band,P2B_stitchLDS,-0.5442903140718223,-0.1871684352390416
28,F-band,P2D_GW,-0.17874390527694506,0.024510569236606217
28,F-fooof-per,P2A_pullback,-0.0502523346084387,-0.17922438587766373
28,F-fooof-per,P2B_stitchLDS,-0.26009380358151946,-0.20895493693224915
28,F-fooof-per,P2D_GW,-0.4150955169904831,-0.2875747341790216
28,F-rel,P2A_pullback,-0.08606535493345135,-0.21826955626680447
28,F-rel,P2B_stitchLDS,-0.23675734059491216,-0.0633731959886957
28,F-rel,P2D_GW,-0.2552904441849875,-0.020132481374991143
28,F-asym,P2A_pullback,-0.04545226131729119,-0.21927396147834755
28,F-asym,P2B_stitchLDS,-0.5863561007427345,0.038042146609594
28,F-asym,P2D_GW,-0.10299726209818694,0.0632827761843153
28,F-riem,P2A_pullback,-0.06735555615544331,-0.04822669043743494
28,F-riem,P2B_stitchLDS,-0.15827976242762976,-0.04559588373853765
28,F-riem,P2D_GW,-0.12364601318838853,0.05303416205136822
29,F-band,P2A_pullback,-0.25120904416844336,-0.13568849696576143
29,F-band,P2B_stitchLDS,-0.3681619109167793,-0.18745956918672155
29,F-band,P2D_GW,-0.16097757855470451,-0.02019559808624212
29,F-fooof-per,P2A_pullback,-0.09149087221233021,-0.12123203298787442
29,F-fooof-per,P2B_stitchLDS,-0.3586687290300934,-0.08747678556067659
29,F-fooof-per,P2D_GW,-0.20616274022511138,-0.01994758225793524
29,F-rel,P2A_pullback,-0.082259338906566,-0.2572946591615385
29,F-rel,P2B_stitchLDS,-0.555708407745674,-0.1043619042186627
29,F-rel,P2D_GW,-0.24460697052010794,-0.0857222271807827
29,F-asym,P2A_pullback,-0.1749865085954374,-0.1454901578685797
29,F-asym,P2B_stitchLDS,-0.9723624943872722,-0.14172818470595233
29,F-asym,P2D_GW,-0.2509988180801901,-0.11273079993090787
29,F-riem,P2A_pullback,0.041511034561868776,0.22053401330746925
29,F-riem,P2B_stitchLDS,-0.32166697464921,-0.06646520136802223
29,F-riem,P2D_GW,-0.30517262343499074,-0.12742975091749123
30,F-band,P2A_pullback,-0.3947058084460915,-0.293973899902495
30,F-band,P2B_stitchLDS,-0.3689443187699353,-0.14001293707105478
30,F-band,P2D_GW,-0.3990851217784579,-0.2545573816029737
30,F-fooof-per,P2A_pullback,-0.47097287489979056,-0.3836709841472285
30,F-fooof-per,P2B_stitchLDS,-0.5108342650520841,-0.07223245653045388
30,F-fooof-per,P2D_GW,-0.21991921169993467,-0.05491436340054156
30,F-rel,P2A_pullback,-0.3189314675679318,0.0812412792857214
30,F-rel,P2B_stitchLDS,-0.09644085950433112,0.23266525801675733
30,F-rel,P2D_GW,-0.23305852918575543,-0.0518890685165168
30,F-asym,P2A_pullback,-0.15256007846238795,-0.16832973817718214
30,F-asym,P2B_stitchLDS,-1.1682193501380054,-0.0491474032488666
30,F-asym,P2D_GW,-0.22848006408263255,-0.005260056203270226
30,F-riem,P2A_pullback,-0.8203285816065196,-0.13454226628786434
30,F-riem,P2B_stitchLDS,-0.6709230781944162,-0.14490939499933478
30,F-riem,P2D_GW,-0.3294213067043581,-0.15880534816668834
31,F-band,P2A_pullback,-1.2269745104629357,-0.1920454146803115
31,F-band,P2B_stitchLDS,-0.3417312219536184,-0.07742621004653383
31,F-band,P2D_GW,-0.3799930513258547,-0.27405656734370915
31,F-fooof-per,P2A_pullback,-0.23410445525321877,-0.3802576664092293
31,F-fooof-per,P2B_stitchLDS,-0.23831917490317678,0.04762619919184183
31,F-fooof-per,P2D_GW,-0.36703891394782695,-0.2507670220064889
31,F-rel,P2A_pullback,-0.48293938145918003,-0.2968346530753234
31,F-rel,P2B_stitchLDS,-0.22710019422329508,0.062353371638779964
31,F-rel,P2D_GW,-0.2709042205829788,-0.11948479764904789
31,F-asym,P2A_pullback,-0.18020793936223023,-0.3168068364057136
31,F-asym,P2B_stitchLDS,-0.7625886536023949,-0.2020018429309437
31,F-asym,P2D_GW,-0.10816143243243803,0.07832426978849424
31,F-riem,P2A_pullback,-0.2944652577380933,-0.2544193366555316
31,F-riem,P2B_stitchLDS,-0.45745536915633256,-0.166565713484235
31,F-riem,P2D_GW,-0.2651401487046712,-0.11211894465661751
32,F-band,P2A_pullback,-0.3625195128969525,-0.21773933297304202
32,F-band,P2B_stitchLDS,-0.29750602730460973,-0.05334447812406641
32,F-band,P2D_GW,-0.2988987828008556,-0.10834145725303719
32,F-fooof-per,P2A_pullback,-0.07323483437663181,-0.10088056363283715
32,F-fooof-per,P2B_stitchLDS,-0.6837109012998093,-0.25817944229634526
32,F-fooof-per,P2D_GW,-0.24416585270405178,-0.02851541021913479
32,F-rel,P2A_pullback,-0.07306710662024618,-0.14818215062318624
32,F-rel,P2B_stitchLDS,-1.260342938798828,-0.391921830200172
32,F-rel,P2D_GW,-0.286880470032431,-0.15113110847123887
32,F-asym,P2A_pullback,-0.1700031643886213,-0.24459850492491855
32,F-asym,P2B_stitchLDS,-0.6330182912417004,-0.22045927576084695
32,F-asym,P2D_GW,-0.3125245987518692,-0.24941984409803364
32,F-riem,P2A_pullback,-1.00872332160756,-0.1806812864398773
32,F-riem,P2B_stitchLDS,-0.7542056169490898,0.07190470317889244
32,F-riem,P2D_GW,-0.16572088287730335,-0.06976075538704074
33,F-band,P2A_pullback,-0.3314697557036719,-0.15410435145971033
33,F-band,P2B_stitchLDS,-0.2345814430906623,-0.06542758176339794
33,F-band,P2D_GW,-0.29849326601981274,-0.17895833970691136
33,F-fooof-per,P2A_pullback,-0.0780843438333263,-0.19939240758584373
33,F-fooof-per,P2B_stitchLDS,-0.20700782907412774,0.204181057801834
33,F-fooof-per,P2D_GW,-0.3295344780109164,-0.1847749287155572
33,F-rel,P2A_pullback,-0.15045380626320992,-0.1372176519038985
33,F-rel,P2B_stitchLDS,-0.12155434804458376,0.04839820147149056
33,F-rel,P2D_GW,-0.32121219373488974,-0.24098780655458904
33,F-asym,P2A_pullback,-0.4208609854033878,-0.24429036396011403
33,F-asym,P2B_stitchLDS,-0.7827652014895765,-0.1873604692051049
33,F-asym,P2D_GW,-0.13701271236441248,0.017949569094104396
33,F-riem,P2A_pullback,-0.30511521361307614,-0.2839386699339575
33,F-riem,P2B_stitchLDS,-0.37836338117747803,-0.15687207704057785
33,F-riem,P2D_GW,-0.28996515024281466,-0.07406527233768123
34,F-band,P2A_pullback,-0.30087226158933267,0.09837463233374766
34,F-band,P2B_stitchLDS,-0.28591856599109655,0.011523870512182368
34,F-band,P2D_GW,-0.21940452916047493,-0.09551289328111057
34,F-fooof-per,P2A_pullback,-0.06789407750659748,-0.07090577929179095
34,F-fooof-per,P2B_stitchLDS,-0.27182373080254996,-0.15957248623806686
34,F-fooof-per,P2D_GW,-0.2804525889589391,-0.09958150549335915
34,F-rel,P2A_pullback,-0.045367355213864924,0.12803314720499012
34,F-rel,P2B_stitchLDS,-0.23802570902281928,0.0767137201936351
34,F-rel,P2D_GW,-0.10216324348336725,0.0907643371209727
34,F-asym,P2A_pullback,-0.08517583560696185,0.08800708799788545
34,F-asym,P2B_stitchLDS,-0.33146216203913337,-0.033135759022441
34,F-asym,P2D_GW,-0.18198185588922722,-0.03320781022360838
34,F-riem,P2A_pullback,-0.012366347846459513,0.01099899733018557
34,F-riem,P2B_stitchLDS,-0.38212140551730056,-0.10606573237978723
34,F-riem,P2D_GW,-0.18405063689774348,-0.006246648450723227
35,F-band,P2A_pullback,-0.1441640804628388,-0.17859917996807181
35,F-band,P2B_stitchLDS,-0.11522314814806656,-0.19820188353229862
35,F-band,P2D_GW,-0.26410690381364876,-0.11800717300999647
35,F-fooof-per,P2A_pullback,0.05545037842115508,0.2463888961093348
35,F-fooof-per,P2B_stitchLDS,-0.4617316218941856,-0.16490615764363653
35,F-fooof-per,P2D_GW,-0.2828461539301048,-0.17635668433029694
35,F-rel,P2A_pullback,-0.10427334470246685,-0.06691872571166602
35,F-rel,P2B_stitchLDS,-0.19888671662527502,-0.18787655317116936
35,F-rel,P2D_GW,-0.13467909245521192,0.0001179593654563188
35,F-asym,P2A_pullback,-0.33464033943404825,-0.239396533721356
35,F-asym,P2B_stitchLDS,-0.39465818648362383,0.18573808141487308
35,F-asym,P2D_GW,-0.10302175132445401,0.0790110563246042
35,F-riem,P2A_pullback,-0.1180656408140488,-0.21622083512300455
35,F-riem,P2B_stitchLDS,-0.18472812047452414,-0.03367393094644884
35,F-riem,P2D_GW,-0.21387206123630897,-0.09329097270612269
36,F-band,P2A_pullback,-0.13902195604787293,-0.3599052854392239
36,F-band,P2B_stitchLDS,-0.370325099431166,-0.1390259384028014
36,F-band,P2D_GW,-0.30776704700130186,-0.14631801949817871
36,F-fooof-per,P2A_pullback,-0.2310169186558646,-0.3773387039729248
36,F-fooof-per,P2B_stitchLDS,-0.37479551070270056,-0.28402036524018226
36,F-fooof-per,P2D_GW,-0.1966155154195537,-0.0699904040492393
36,F-rel,P2A_pullback,-0.08278533564378976,-0.2832207754337408
36,F-rel,P2B_stitchLDS,-0.4891927908808331,-0.2317012232372618
36,F-rel,P2D_GW,-0.18920767293743368,-0.07882129439346663
36,F-asym,P2A_pullback,-0.2207571831716575,-0.32365471702525017
36,F-asym,P2B_stitchLDS,-0.7476692678168737,-0.25541644166903893
36,F-asym,P2D_GW,-0.18012749195411204,-0.014820295481727867
36,F-riem,P2A_pullback,-0.029213219873940544,0.13134075070101187
36,F-riem,P2B_stitchLDS,-0.12901889669888922,-0.18334650783081483
36,F-riem,P2D_GW,-0.23520273980675066,-0.10073249269267116
37,F-band,P2A_pullback,-0.04301369683779832,-0.1728092043012191
37,F-band,P2B_stitchLDS,-0.08104569549426621,-0.05694706742998431
37,F-band,P2D_GW,-0.04197055232603675,0.1477624616094566
37,F-fooof-per,P2A_pullback,-1.577380327978132,-0.07817134462789542
37,F-fooof-per,P2B_stitchLDS,-0.29990402285996076,-0.14726953956803057
37,F-fooof-per,P2D_GW,-0.14603097347713634,0.056557768915381126
37,F-rel,P2A_pullback,-0.04769449983861218,-0.23259061355272898
37,F-rel,P2B_stitchLDS,-0.12394500845964052,0.01194936928435262
37,F-rel,P2D_GW,-0.11994764978297434,0.10810560911151033
37,F-asym,P2A_pullback,-0.1721604349020831,-0.39582173903395584
37,F-asym,P2B_stitchLDS,-0.16104038020671485,0.10318448293688687
37,F-asym,P2D_GW,-0.22104881817063493,-0.038109311472153344
37,F-riem,P2A_pullback,-0.03243150580806864,-0.2143531814095444
37,F-riem,P2B_stitchLDS,-0.1479513156685215,-0.10779960947927653
37,F-riem,P2D_GW,-0.27845505404390924,-0.21823503229070534
38,F-band,P2A_pullback,-0.07097926181441339,-0.3044539742091671
38,F-band,P2B_stitchLDS,-0.2843865505258776,0.002116308846831949
38,F-band,P2D_GW,-0.16777424712977518,-0.0293005871904874
38,F-fooof-per,P2A_pullback,-0.08609076262278426,-0.23551842606494394
38,F-fooof-per,P2B_stitchLDS,-0.3700737057756909,-0.07031963400311814
38,F-fooof-per,P2D_GW,-0.2590029689751181,-0.07872479021727433
38,F-rel,P2A_pullback,-0.13897465631532535,-0.0381770848621099
38,F-rel,P2B_stitchLDS,-0.31682221880547234,-0.17759053406130795
38,F-rel,P2D_GW,-0.25252695757224686,-0.09914699122922387
38,F-asym,P2A_pullback,-0.05364471782675628,-0.22642500571817895
38,F-asym,P2B_stitchLDS,-0.23169558482754216,-0.025156593652734007
38,F-asym,P2D_GW,-0.20974067633037352,-0.07445567920579027
38,F-riem,P2A_pullback,-0.0872374959137503,-0.2996687228938999
38,F-riem,P2B_stitchLDS,-0.5408715817692615,-0.009211317380118583
38,F-riem,P2D_GW,-0.15602104286598384,0.026999059584020966
39,F-band,P2A_pullback,-0.4948535939442473,-0.04893610754737575
39,F-band,P2B_stitchLDS,0.0037767659824512467,0.14892371708772317
39,F-band,P2D_GW,-0.31689347649608357,-0.13337389110584863
39,F-fooof-per,P2A_pullback,-0.025361348457662247,-0.07764076246310168
39,F-fooof-per,P2B_stitchLDS,-0.19201995887472423,-0.07132637625979421
39,F-fooof-per,P2D_GW,-0.2414892980280876,-0.09845429394296276
39,F-rel,P2A_pullback,-0.1527605129058467,-0.2288238162329977
39,F-rel,P2B_stitchLDS,-0.15932937646856815,-0.11157342975872639
39,F-rel,P2D_GW,-0.26493638452141965,-0.15041230865801367
39,F-asym,P2A_pullback,-0.042556153875220604,-0.06483716036625754
39,F-asym,P2B_stitchLDS,-0.3802003500320861,0.12546732412687828
39,F-asym,P2D_GW,-0.28710086771470156,-0.12657729498413522
39,F-riem,P2A_pullback,-0.07952394007612096,0.013196303632528328
39,F-riem,P2B_stitchLDS,-0.5477170902585224,-0.055450404248057056
39,F-riem,P2D_GW,-0.02912610780165048,0.17437183022944436
40,F-band,P2A_pullback,-0.04076405871916977,-0.24714400390125635
40,F-band,P2B_stitchLDS,-0.05349291448880811,0.03440514659166037
40,F-band,P2D_GW,-0.15415159808810985,-0.018263800551773686
40,F-fooof-per,P2A_pullback,-0.5038779500743991,0.01157132446976918
40,F-fooof-per,P2B_stitchLDS,-0.24578209751195312,-0.026150564875432887
40,F-fooof-per,P2D_GW,-0.2885807519853436,-0.18750243422114438
40,F-rel,P2A_pullback,-0.06801697483725877,-0.1863618865503604
40,F-rel,P2B_stitchLDS,-0.30179627355063987,-0.1514258732236588
40,F-rel,P2D_GW,-0.1014313708098018,0.07501301262282947
40,F-asym,P2A_pullback,-0.3388458742615821,-0.2321865165428864
40,F-asym,P2B_stitchLDS,-0.32159507396925147,0.05030356692358212
40,F-asym,P2D_GW,-0.23487993070692137,-0.029369684916141652
40,F-riem,P2A_pullback,-0.07636606393972745,-0.23154289014635407
40,F-riem,P2B_stitchLDS,-0.13650617840536272,0.04457384731539844
40,F-riem,P2D_GW,-0.3076274923290172,-0.19330670112780654
41,F-band,P2A_pullback,-0.021241127983921082,-0.1274971754321278
41,F-band,P2B_stitchLDS,-0.09894597994061827,-0.13866391074393028
41,F-band,P2D_GW,-0.04499126647009044,0.21084755023423382
41,F-fooof-per,P2A_pullback,-1.239110820920362,0.1303907201675409
41,F-fooof-per,P2B_stitchLDS,-0.25565034436440603,0.022541982038978378
41,F-fooof-per,P2D_GW,-0.27335809080006657,-0.10092742418675588
41,F-rel,P2A_pullback,-0.045985309192241974,-0.2305402693447422
41,F-rel,P2B_stitchLDS,-0.052631708403412025,0.11778688577362564
41,F-rel,P2D_GW,-0.1097473136932392,0.07058288288299654
41,F-asym,P2A_pullback,-0.07626883597986533,-0.32705495026292875
41,F-asym,P2B_stitchLDS,-0.2086292051785097,0.04343008774875026
41,F-asym,P2D_GW,-0.11820042724578461,0.10343940613176815
41,F-riem,P2A_pullback,-0.40761059300125746,-0.1069947008016244
41,F-riem,P2B_stitchLDS,-0.36212680967063693,0.006463137361668973
41,F-riem,P2D_GW,-0.13980358967515483,0.03742436189660493
42,F-band,P2A_pullback,-0.5042234481140284,-0.2084726749671088
42,F-band,P2B_stitchLDS,-0.6332642994538191,-0.07130786383713951
42,F-band,P2D_GW,-0.28152866302524626,-0.09282385713335811
42,F-fooof-per,P2A_pullback,-0.2729075969560746,-0.3576840375922338
42,F-fooof-per,P2B_stitchLDS,-0.2762709658098399,-0.01281939242033811
42,F-fooof-per,P2D_GW,-0.34558103786653604,-0.24175806609824618
42,F-rel,P2A_pullback,-0.5773256801721443,-0.10269280453923554
42,F-rel,P2B_stitchLDS,-0.06666565730259277,0.12142601067530498
42,F-rel,P2D_GW,-0.22671129159767567,-0.07043215854436209
42,F-asym,P2A_pullback,-0.3262753297519181,-0.4186847178950691
42,F-asym,P2B_stitchLDS,-2.5284055831572543,-0.25071658957334986
42,F-asym,P2D_GW,-0.23988527533072768,-0.028560022177501254
42,F-riem,P2A_pullback,-0.11422185837447563,-0.28940279102799404
42,F-riem,P2B_stitchLDS,-0.5535098416807078,-0.15596437052517895
42,F-riem,P2D_GW,-0.2104024236609876,-0.04990738027017818
43,F-band,P2A_pullback,-0.3402706985275521,-0.06967383132963674
43,F-band,P2B_stitchLDS,-0.41463749124375715,-0.09098833147351945
43,F-band,P2D_GW,-0.19668596302910468,0.013223691419780945
43,F-fooof-per,P2A_pullback,-0.32213330784129,-0.39701927388967495
43,F-fooof-per,P2B_stitchLDS,-0.45246967556251794,-0.08814325002853175
43,F-fooof-per,P2D_GW,-0.1315535432258501,0.013142631424494358
43,F-rel,P2A_pullback,-0.496646450044157,-0.20109505569827227
43,F-rel,P2B_stitchLDS,-0.2435057636007576,-0.08123127812194345
43,F-rel,P2D_GW,-0.18510713617717722,0.03293651146142993
43,F-asym,P2A_pullback,-0.3588440829378152,-0.3804442476418125
43,F-asym,P2B_stitchLDS,-1.8412183923947434,-0.24428795267907258
43,F-asym,P2D_GW,-0.21941991626711466,-0.023590369176613626
43,F-riem,P2A_pullback,-0.2515189005666463,-0.20148529962017492
43,F-riem,P2B_stitchLDS,-0.6835548427605409,-0.0362700195201795
43,F-riem,P2D_GW,-0.2669109918258754,-0.08242323651792394
44,F-band,P2A_pullback,-0.05932078811120034,-0.2378725550757314
44,F-band,P2B_stitchLDS,-0.17264214108711684,-0.14423268630724845
44,F-band,P2D_GW,-0.26959408533428664,-0.10284569882781386
44,F-fooof-per,P2A_pullback,-1.7580613950095296,0.1381639645800068
44,F-fooof-per,P2B_stitchLDS,-0.20677084534284784,-0.02041258406135061
44,F-fooof-per,P2D_GW,-0.10617743052616957,0.06189960060352037
44,F-rel,P2A_pullback,-0.07578092976823947,-0.1554473008672263
44,F-rel,P2B_stitchLDS,-0.32520270873875723,-0.174570028229401
44,F-rel,P2D_GW,-0.24835839066762255,-0.06611643229576089
44,F-asym,P2A_pullback,-0.24185668664673798,-0.20215956333889923
44,F-asym,P2B_stitchLDS,-0.4605875090590261,0.0204298115864583
44,F-asym,P2D_GW,-0.12519682227677675,0.0664553733683077
44,F-riem,P2A_pullback,-0.38126542613548886,-0.1539702489729602
44,F-riem,P2B_stitchLDS,-0.29886556611428183,-0.015159444797170357
44,F-riem,P2D_GW,-0.18432611432679913,-0.024612745066275254
45,F-band,P2A_pullback,-0.1207599421503518,-0.184458724538206
45,F-band,P2B_stitchLDS,-0.15300111053067633,0.15110983262726557
45,F-band,P2D_GW,-0.20081047896293835,-0.02716543882640683
45,F-fooof-per,P2A_pullback,-0.14309741703770307,-0.11305087076922686
45,F-fooof-per,P2B_stitchLDS,-0.12802422409223246,0.09547351536450965
45,F-fooof-per,P2D_GW,-0.21975566775417432,-0.02979041583122237
45,F-rel,P2A_pullback,-0.012671869955545034,0.03525150058916038
45,F-rel,P2B_stitchLDS,-0.45857360251456303,0.11641990434114571
45,F-rel,P2D_GW,-0.1939177426597103,-0.018098904513943817
45,F-asym,P2A_pullback,-0.08396502889393043,-0.18464124188328132
45,F-asym,P2B_stitchLDS,-0.4773049270801135,-0.016242282486190005
45,F-asym,P2D_GW,-0.05206349043633196,0.11672091133756185
45,F-riem,P2A_pullback,-0.003829982321151615,0.051380702951527205
45,F-riem,P2B_stitchLDS,-0.35210181770184135,0.12229416459297396
45,F-riem,P2D_GW,-0.20562536393331787,-0.04125956608608486
46,F-band,P2A_pullback,-0.10169718246193749,-0.17498749660685864
46,F-band,P2B_stitchLDS,-0.18331574885255741,-0.10983982247126542
46,F-band,P2D_GW,-0.1893335791440378,-0.02885444833551623
46,F-fooof-per,P2A_pullback,0.013423305966584254,0.1198950207005397
46,F-fooof-per,P2B_stitchLDS,-0.18303151984964217,-0.13208422558186794
46,F-fooof-per,P2D_GW,-0.19374519902128995,-0.09042714663071735
46,F-rel,P2A_pullback,-0.057516221960738134,-0.12732152473200342
46,F-rel,P2B_stitchLDS,-0.16968865123423194,-0.20518943507482468
46,F-rel,P2D_GW,-0.07111206765981093,0.12481273441238946
46,F-asym,P2A_pullback,-0.25299931914507146,-0.1655321617619733
46,F-asym,P2B_stitchLDS,-0.1765025545321759,-0.023558398862042133
46,F-asym,P2D_GW,-0.1357410702116444,0.06813485899857166
46,F-riem,P2A_pullback,-0.0022766964140426005,0.062087659356305454
46,F-riem,P2B_stitchLDS,-0.2720063171317326,-0.2706456939637045
46,F-riem,P2D_GW,-0.21516015907889474,-0.08725731482834007
47,F-band,P2A_pullback,-0.05508690718434894,-0.1435356210924589
47,F-band,P2B_stitchLDS,-0.423447165164216,-0.3160491576994435
47,F-band,P2D_GW,-0.3131864477042181,-0.17796511498219852
47,F-fooof-per,P2A_pullback,-0.17514395289616957,-0.3553012968879359
47,F-fooof-per,P2B_stitchLDS,-0.3245556335907087,-0.028510196630309903
47,F-fooof-per,P2D_GW,-0.20734390241731515,-0.0702513732496
47,F-rel,P2A_pullback,-0.3990674709846054,-0.17438245382631576
47,F-rel,P2B_stitchLDS,-0.20728228540675997,-0.026405680319383777
47,F-rel,P2D_GW,-0.2427064005633841,-0.15367674002411685
47,F-asym,P2A_pullback,-0.4055647708402803,-0.08667046989743965
47,F-asym,P2B_stitchLDS,-0.5992808361961022,0.10025382101967605
47,F-asym,P2D_GW,-0.2703872432253249,-0.07681007944788427
47,F-riem,P2A_pullback,-0.13340950223518755,-0.23202780439142404
47,F-riem,P2B_stitchLDS,-0.39514199752993906,-0.22624073562061173
47,F-riem,P2D_GW,-0.20244589235945498,-0.08295422059837956
48,F-band,P2A_pullback,-0.6075143484156504,0.21592340435265744
48,F-band,P2B_stitchLDS,-0.030091684195317603,0.23668955494554156
48,F-band,P2D_GW,-0.17015831207937748,-0.03355926060747204
48,F-fooof-per,P2A_pullback,-0.08130572851490969,-0.06939406551910424
48,F-fooof-per,P2B_stitchLDS,0.004762724981405064,0.27377446270783773
48,F-fooof-per,P2D_GW,-0.362597297201541,-0.24601894654352036
48,F-rel,P2A_pullback,0.009030402404365145,0.1272421586523313
48,F-rel,P2B_stitchLDS,-0.03253525011102276,0.21215201566460343
48,F-rel,P2D_GW,-0.1665796268509352,-0.003143051686409822
48,F-asym,P2A_pullback,-0.11736351994130101,-0.33198821223168296
48,F-asym,P2B_stitchLDS,-0.4745485700923713,-0.13380918328166264
48,F-asym,P2D_GW,-0.22445224907953754,-0.021020731121722286
48,F-riem,P2A_pullback,-0.11005434183022045,-0.14514644115250153
48,F-riem,P2B_stitchLDS,-0.20794213220063074,-0.06733130438398852
48,F-riem,P2D_GW,-0.23391493916010675,-0.0939701851964468
49,F-band,P2A_pullback,-0.29430787847648565,-0.1562402928223317
49,F-band,P2B_stitchLDS,-0.07906821177628864,-0.02052653665815824
49,F-band,P2D_GW,-0.071263455576287,0.16463457404769785
49,F-fooof-per,P2A_pullback,-0.06090226749710048,-0.2049847913414229
49,F-fooof-per,P2B_stitchLDS,-0.1851750658951934,-0.08991557839213739
49,F-fooof-per,P2D_GW,0.00042325803033760323,0.22159346378101472
49,F-rel,P2A_pullback,-0.05187045794674838,-0.02730021198524596
49,F-rel,P2B_stitchLDS,-0.10729787604386076,0.03724044646638484
49,F-rel,P2D_GW,-0.1607980938567264,0.03857497118546141
49,F-asym,P2A_pullback,-0.09700951709698225,-0.3401092164813784
49,F-asym,P2B_stitchLDS,-0.024527151076511267,0.09807186861152008
49,F-asym,P2D_GW,-0.1465580843903287,0.05998590419851435
49,F-riem,P2A_pullback,-0.04801506517559062,-0.22162545548886223
49,F-riem,P2B_stitchLDS,-0.12762304442426142,-0.018202226080177082
49,F-riem,P2D_GW,0.03016356787308483,0.2642305696839571
50,F-band,P2A_pullback,-0.733625670038996,-0.09219400676964054
50,F-band,P2B_stitchLDS,-0.48224732697051054,-0.03553878358931182
50,F-band,P2D_GW,-0.3738364328976622,-0.20602183281604858
50,F-fooof-per,P2A_pullback,-0.594772602398381,-0.34320840382570134
50,F-fooof-per,P2B_stitchLDS,-0.12392692032664265,0.2647947816491991
50,F-fooof-per,P2D_GW,-0.26253751530336755,-0.140317424203447
50,F-rel,P2A_pullback,-0.45457079562280445,-0.06828544352553209
50,F-rel,P2B_stitchLDS,-0.16657192560595324,0.04699759027310721
50,F-rel,P2D_GW,-0.2529304447372245,-0.07353264709883602
50,F-asym,P2A_pullback,-0.537696089008723,-0.19767302208646698
50,F-asym,P2B_stitchLDS,-1.5418920080027365,-0.2822471750598079
50,F-asym,P2D_GW,-0.1571739832634147,0.05092707490937708
50,F-riem,P2A_pullback,-0.1297680440758302,-0.3012006987754704
50,F-riem,P2B_stitchLDS,-0.7483192744308829,-0.18466126706677927
50,F-riem,P2D_GW,-0.2835453175593874,-0.057354919254134884
51,F-band,P2A_pullback,-0.3122302249679203,-0.39698972910291874
51,F-band,P2B_stitchLDS,-0.5061359171762783,-0.08614415191751273
51,F-band,P2D_GW,-0.1795998907055656,-0.005909903060660356
51,F-fooof-per,P2A_pullback,-0.1669165039783831,-0.06515315931606698
51,F-fooof-per,P2B_stitchLDS,-0.5411618455212666,0.0007719830815988149
51,F-fooof-per,P2D_GW,-0.2294474623689302,-0.06476883714370185
51,F-rel,P2A_pullback,-0.16217949393334474,-0.254638830852972
51,F-rel,P2B_stitchLDS,-1.323391323954925,-0.3148336048729333
51,F-rel,P2D_GW,-0.16353088803241178,-0.07012512694851494
51,F-asym,P2A_pullback,-0.45269327573412665,-0.27516589201186925
51,F-asym,P2B_stitchLDS,-1.3873750100404552,-0.3024149458878649
51,F-asym,P2D_GW,-0.2531518665243402,-0.08099324354879933
51,F-riem,P2A_pullback,-0.728653357353213,-0.16243250264554954
51,F-riem,P2B_stitchLDS,-0.2974305771257302,-0.2912176705602749
51,F-riem,P2D_GW,-0.11586531995398586,0.0545020740797052
52,F-band,P2A_pullback,-0.17158677324710014,-0.06394382036586722
52,F-band,P2B_stitchLDS,-0.30795962539912747,-0.06316231686342197
52,F-band,P2D_GW,-0.1525534944718827,-0.024431847177877775
52,F-fooof-per,P2A_pullback,-0.20909859957336163,-0.14917795344551024
52,F-fooof-per,P2B_stitchLDS,-0.2816796848461314,-0.052664109158456075
52,F-fooof-per,P2D_GW,-0.18410901896102438,-0.034852754207814
52,F-rel,P2A_pullback,-0.08187595896560196,-0.18463979957893759
52,F-rel,P2B_stitchLDS,-0.22575682173585765,-0.15919939210034134
52,F-rel,P2D_GW,-0.2714384760764714,-0.16721738222561622
52,F-asym,P2A_pullback,-0.05183122774036941,-0.028945754275235172
52,F-asym,P2B_stitchLDS,-0.4361776779244635,0.029611093541010207
52,F-asym,P2D_GW,-0.1371380466711396,-0.01886772385987459
52,F-riem,P2A_pullback,-1.0491110660007,-0.20808830408969292
52,F-riem,P2B_stitchLDS,-0.6110787051174305,0.024721089944179184
52,F-riem,P2D_GW,-0.21247458298695188,-0.047715543905470975
53,F-band,P2A_pullback,-0.15602395347221587,-0.04446725816137572
53,F-band,P2B_stitchLDS,-0.3238072583862357,-0.18804544909318927
53,F-band,P2D_GW,-0.26541025377715854,-0.05493394282334173
53,F-fooof-per,P2A_pullback,-0.05761496289961476,-0.1320342098317958
53,F-fooof-per,P2B_stitchLDS,-0.2738735500222744,0.04205340329505981
53,F-fooof-per,P2D_GW,-0.1436091333543834,0.04762804198304537
53,F-rel,P2A_pullback,-0.22433296943169734,-0.11532025557499737
53,F-rel,P2B_stitchLDS,-0.13214130205765118,-0.0357447864264359
53,F-rel,P2D_GW,-0.11173005586513862,0.06742454355505803
53,F-asym,P2A_pullback,-0.10097569729998135,-0.20940243269943803
53,F-asym,P2B_stitchLDS,-0.5201417685478444,-0.036827446963724135
53,F-asym,P2D_GW,-0.13461859083797156,0.041340036775980804
53,F-riem,P2A_pullback,-0.10505824523913887,-0.25529097723822786
53,F-riem,P2B_stitchLDS,-0.5992831899173814,-0.03471198516710895
53,F-riem,P2D_GW,-0.16038328924111211,0.017062607732769536
54,F-band,P2A_pullback,-0.07208107981486811,-0.2304383721340263
54,F-band,P2B_stitchLDS,-0.05025264165851584,0.04961532117782355
54,F-band,P2D_GW,-0.25009045850851863,-0.06428055372862643
54,F-fooof-per,P2A_pullback,0.0033132043589080284,0.12603657156746223
54,F-fooof-per,P2B_stitchLDS,-0.1538624268285531,-0.16621913443614283
54,F-fooof-per,P2D_GW,-0.18148793113883355,0.007705110482579096
54,F-rel,P2A_pullback,-0.058446984940459856,-0.045809329476939845
54,F-rel,P2B_stitchLDS,-0.26754832514949456,-0.15084864342611334
54,F-rel,P2D_GW,-0.21678322629265834,-0.06369110825366386
54,F-asym,P2A_pullback,-0.11257793668219263,-0.25403710077577807
54,F-asym,P2B_stitchLDS,0.006172391408455158,0.16988001309875173
54,F-asym,P2D_GW,-0.2483307644065127,-0.13312063549916722
54,F-riem,P2A_pullback,-0.1493920305451406,0.23998977775499752
54,F-riem,P2B_stitchLDS,-0.14916876505363885,0.03344436600079634
54,F-riem,P2D_GW,-0.23652675288646718,-0.06290513422650014
55,F-band,P2A_pullback,-0.13128192968313335,0.08011771619953847
55,F-band,P2B_stitchLDS,-0.24494612432306262,-0.21696515414059325
55,F-band,P2D_GW,-0.03559684860187384,0.13118593213356974
55,F-fooof-per,P2A_pullback,-0.10448647309444303,-0.12602995590774219
55,F-fooof-per,P2B_stitchLDS,-0.5353052433130203,-0.2694747762976912
55,F-fooof-per,P2D_GW,-0.06902667031403587,0.09702429360463767
55,F-rel,P2A_pullback,-1.0669529150316621,-0.21464691738744768
55,F-rel,P2B_stitchLDS,-0.14856043974277178,-0.00889450247795092
55,F-rel,P2D_GW,-0.166700341368895,-0.03330107822989266
55,F-asym,P2A_pullback,-0.0824973560514266,-0.07524229240101751
55,F-asym,P2B_stitchLDS,-0.22530285210455347,0.10679533955997386
55,F-asym,P2D_GW,-0.15739348280192655,-0.04834572546939921
55,F-riem,P2A_pullback,-0.08948151199333165,-0.21855702348827422
55,F-riem,P2B_stitchLDS,-0.5343649659782059,0.014911697584201022
55,F-riem,P2D_GW,-0.07165151073652498,0.09487939744071928
56,F-band,P2A_pullback,-0.033306217603036314,-0.18180622727239448
56,F-band,P2B_stitchLDS,-0.10363184403851777,0.05954337430081329
56,F-band,P2D_GW,-0.1720666231641006,0.06555725423365849
56,F-fooof-per,P2A_pullback,-0.03345200551640737,0.02276922055861206
56,F-fooof-per,P2B_stitchLDS,-0.4473452164679377,-0.18303460349577305
56,F-fooof-per,P2D_GW,-0.1227003860849536,0.08239274761932361
56,F-rel,P2A_pullback,-0.08765514888363857,-0.2320832640964407
56,F-rel,P2B_stitchLDS,-0.02116931421170376,0.1491811517863505
56,F-rel,P2D_GW,-0.08005991481417674,0.11030776736486712
56,F-asym,P2A_pullback,-0.04222697674499298,-0.18434920828841556
56,F-asym,P2B_stitchLDS,-0.8480105937489653,0.15318687668770287
56,F-asym,P2D_GW,-0.1731271655956339,0.008559502447241636
56,F-riem,P2A_pullback,-1.1687972703470462,0.0044170438840250015
56,F-riem,P2B_stitchLDS,-0.5313865471583363,0.044002512200104815
56,F-riem,P2D_GW,-0.2139570912440545,-0.046948720151985174
57,F-band,P2A_pullback,-0.056557323706940776,-0.00694261739230391
57,F-band,P2B_stitchLDS,-0.5613335286386023,-0.01308333589007954
57,F-band,P2D_GW,-0.11456216952249587,0.10182670038078806
57,F-fooof-per,P2A_pullback,-0.16282859636139513,0.0060058417551368745
57,F-fooof-per,P2B_stitchLDS,-0.146338363385345,0.19941945216647367
57,F-fooof-per,P2D_GW,-0.23395359099565738,-0.08620294096691687
57,F-rel,P2A_pullback,-0.18004422474701176,-0.1488285034570005
57,F-rel,P2B_stitchLDS,-0.4471167925211863,-0.0760273606312288
57,F-rel,P2D_GW,-0.2265969211058041,-0.0982128137426769
57,F-asym,P2A_pullback,-0.16160273141514958,-0.27819218495481524
57,F-asym,P2B_stitchLDS,-1.798010509091121,-0.26195707087654596
57,F-asym,P2D_GW,-0.28752387605874685,-0.1245069548007431
57,F-riem,P2A_pullback,-0.9345679409157059,-0.13768901711254816
57,F-riem,P2B_stitchLDS,-0.4372363072828582,-0.25971173229032735
57,F-riem,P2D_GW,-0.14337653461874011,0.03568377590798577
58,F-band,P2A_pullback,0.00637439026084563,0.09362167813780214
58,F-band,P2B_stitchLDS,-0.2763248896043533,-0.053318089545560665
58,F-band,P2D_GW,-0.10104313957453614,0.061125354502734236
58,F-fooof-per,P2A_pullback,-0.08981099071376919,0.061972375739974855
58,F-fooof-per,P2B_stitchLDS,-0.5140588386772573,-0.0491831635987741
58,F-fooof-per,P2D_GW,-0.1291419115144934,0.012092820838398712
58,F-rel,P2A_pullback,-0.09022357132282943,-0.2906545630124228
58,F-rel,P2B_stitchLDS,-0.15511996719733645,-0.06328604812801039
58,F-rel,P2D_GW,-0.16581212657961597,0.03245300925900112
58,F-asym,P2A_pullback,-0.2677340538583435,-0.29695829368727744
58,F-asym,P2B_stitchLDS,-1.0431884631451136,-0.3533813788890725
58,F-asym,P2D_GW,-0.21202911538100921,-0.08538611408593813
58,F-riem,P2A_pullback,-0.9102512386046646,-0.22412179515933234
58,F-riem,P2B_stitchLDS,-0.2520986298785395,-0.16770919899650003
58,F-riem,P2D_GW,-0.29521707025282695,-0.11339677729239296
59,F-band,P2A_pullback,-0.07206585110834518,0.051751188092178976
59,F-band,P2B_stitchLDS,-0.3383657886908018,0.009005531917159929
59,F-band,P2D_GW,-0.2531206725420161,-0.09859559914213173
59,F-fooof-per,P2A_pullback,-0.14947601136161115,-0.05479372076919287
59,F-fooof-per,P2B_stitchLDS,-0.14758723100018023,0.040261170159624805
59,F-fooof-per,P2D_GW,-0.14097225834786142,0.028409252726892216
59,F-rel,P2A_pullback,-0.03476299927268167,0.05239348358392003
59,F-rel,P2B_stitchLDS,-0.22766277940873625,-0.06056912369456765
59,F-rel,P2D_GW,-0.20500859740075716,-0.08027845745178896
59,F-asym,P2A_pullback,-0.06069339233098692,-0.1471129734106849
59,F-asym,P2B_stitchLDS,-0.29121371689822917,-0.1584549718478322
59,F-asym,P2D_GW,-0.203047218784713,-0.054322283333176166
59,F-riem,P2A_pullback,-0.02483237699153884,0.19058263181775573
59,F-riem,P2B_stitchLDS,-0.3431117985624976,0.061550416608965444
59,F-riem,P2D_GW,-0.11533446091623722,0.055751160440922556
60,F-band,P2A_pullback,-0.052852069198529916,-0.25682112795264406
60,F-band,P2B_stitchLDS,-0.05242961653585754,-0.04190364891306615
60,F-band,P2D_GW,-0.16281150912252174,0.05485741366052544
60,F-fooof-per,P2A_pullback,-0.14826102987806267,-0.18411093383173002
60,F-fooof-per,P2B_stitchLDS,-0.2358648458457051,-0.08221562207220495
60,F-fooof-per,P2D_GW,-0.13718894790540737,0.05563539145091975
60,F-rel,P2A_pullback,-0.06807576093382872,-0.07544268781953545
60,F-rel,P2B_stitchLDS,-0.03222646951567487,-0.006792532637650655
60,F-rel,P2D_GW,-0.05686939841709071,0.16325997153835764
60,F-asym,P2A_pullback,-0.18615203331397367,-0.33383708361752423
60,F-asym,P2B_stitchLDS,-0.3405406191589968,0.044403840656768556
60,F-asym,P2D_GW,-0.09091793335677911,0.12322430281246269
60,F-riem,P2A_pullback,-0.09685365900638976,-0.279835944568837
60,F-riem,P2B_stitchLDS,-0.20935713589719396,-0.031853976367296505
60,F-riem,P2D_GW,-0.22567213625769078,-0.10142781939484026
61,F-band,P2A_pullback,-0.04133966482088036,0.12736717519193957
61,F-band,P2B_stitchLDS,-0.42918373628271733,0.03753801777290176
61,F-band,P2D_GW,-0.17943918710869622,-0.053844304346385055
61,F-fooof-per,P2A_pullback,-0.15362632729811732,-0.280664465191639
61,F-fooof-per,P2B_stitchLDS,-0.1079264123026733,-0.004079825709941084
61,F-fooof-per,P2D_GW,-0.11351901196316772,0.030162994449750735
61,F-rel,P2A_pullback,-0.12078453049016646,-0.2744932242262398
61,F-rel,P2B_stitchLDS,-0.4734782361970902,-0.09287206999524486
61,F-rel,P2D_GW,-0.17503741813961238,0.01934203731039496
61,F-asym,P2A_pullback,-0.08039216053123788,0.04622184386117385
61,F-asym,P2B_stitchLDS,-0.637029723793898,-0.13228879095493945
61,F-asym,P2D_GW,-0.0780585770040878,0.12458512681576503
61,F-riem,P2A_pullback,-0.083639347177205,-0.2025756461973232
61,F-riem,P2B_stitchLDS,-0.4362072284043994,-0.005265709007447678
61,F-riem,P2D_GW,-0.2079675560440435,-0.02716422843581038
62,F-band,P2A_pullback,0.029531519398572237,0.21818455823268648
62,F-band,P2B_stitchLDS,-0.3557758453465343,-0.05476013552387626
62,F-band,P2D_GW,-0.18169428213831007,-0.041173530300248104
62,F-fooof-per,P2A_pullback,-0.15931579141639163,-0.12145901372248451
62,F-fooof-per,P2B_stitchLDS,-0.19560328215961675,0.0923702500710892
62,F-fooof-per,P2D_GW,-0.19733566190271978,-0.03204474720322223
62,F-rel,P2A_pullback,-0.16518343181751538,-0.36653071552853267
62,F-rel,P2B_stitchLDS,-0.701946487776079,-0.2920672707653109
62,F-rel,P2D_GW,-0.1688390892155791,0.019146279856237028
62,F-asym,P2A_pullback,-0.11720663827712263,-0.27970995566953305
62,F-asym,P2B_stitchLDS,-1.0253026409921748,-0.3413680480573307
62,F-asym,P2D_GW,-0.19127941742137278,-0.0074966439536416005
62,F-riem,P2A_pullback,-0.0799728560066848,-0.21217954943527917
62,F-riem,P2B_stitchLDS,-0.44958718599037084,-0.10359609857783807
62,F-riem,P2D_GW,-0.12796357878837772,0.049219944357150214
63,F-band,P2A_pullback,-0.04682285981923262,0.024346161909719714
63,F-band,P2B_stitchLDS,-0.18753549909395573,0.04262098506978372
63,F-band,P2D_GW,-0.1901972816075579,-0.05477879758873551
63,F-fooof-per,P2A_pullback,-0.0319143716295025,0.0852140205602187
63,F-fooof-per,P2B_stitchLDS,-0.1473128163332864,-0.08280501899354317
63,F-fooof-per,P2D_GW,-0.2793799731728628,-0.13711677629175345
63,F-rel,P2A_pullback,-0.11630214631928637,0.012694244236872765
63,F-rel,P2B_stitchLDS,-0.19341879391590577,-0.0404760558803397
63,F-rel,P2D_GW,-0.2639469145645712,-0.12325185705918945
63,F-asym,P2A_pullback,-0.051986855658708864,-0.05849479443951161
63,F-asym,P2B_stitchLDS,-0.0883531010802252,0.07775058439703457
63,F-asym,P2D_GW,-0.07760112839624034,0.11457466530793964
63,F-riem,P2A_pullback,-0.1347850306648759,0.08521864137320204
63,F-riem,P2B_stitchLDS,-0.1293626193623547,0.04321920590411378
63,F-riem,P2D_GW,-0.2183929667715363,-0.05361342443043769
64,F-band,P2A_pullback,-0.0928760384683347,-0.21958843930708163
64,F-band,P2B_stitchLDS,-0.1599502508812578,0.05809036509289055
64,F-band,P2D_GW,-0.3312205008221889,-0.20839578635663286
64,F-fooof-per,P2A_pullback,0.11374291116130986,0.3782957475891679
64,F-fooof-per,P2B_stitchLDS,-0.3077761784059174,-0.13501851501631668
64,F-fooof-per,P2D_GW,-0.14744895931691016,0.00861404645437817
64,F-rel,P2A_pullback,-0.33065478582727414,0.11031292630124616
64,F-rel,P2B_stitchLDS,-0.1826510657692184,-0.02339669526702133
64,F-rel,P2D_GW,-0.20761680912494906,-0.054964087786490326
64,F-asym,P2A_pullback,-0.13273945006850907,-0.14917728410805747
64,F-asym,P2B_stitchLDS,-0.06124218377609503,0.1404806510442212
64,F-asym,P2D_GW,-0.19882823588014897,-0.04800253396955338
64,F-riem,P2A_pullback,-0.37702892743977845,0.03226696976130706
64,F-riem,P2B_stitchLDS,-0.09280298058961822,0.1173407869201469
64,F-riem,P2D_GW,-0.2936603715301489,-0.10310033827650841
65,F-band,P2A_pullback,-0.29375338360552217,-0.15360742309968506
65,F-band,P2B_stitchLDS,-0.07721592680778233,-0.11200516791429432
65,F-band,P2D_GW,-0.19517505456171946,-0.04852324661881546
65,F-fooof-per,P2A_pullback,0.004586801294338194,0.11969928279865111
65,F-fooof-per,P2B_stitchLDS,-0.20696498591225154,-0.13053882509616668
65,F-fooof-per,P2D_GW,-0.12134966852053308,0.04410600005227404
65,F-rel,P2A_pullback,-0.09106782297001859,-0.08501021394639839
65,F-rel,P2B_stitchLDS,-0.12950986220354488,-0.18494810826151012
65,F-rel,P2D_GW,-0.24121549399896236,-0.07904784299622417
65,F-asym,P2A_pullback,-0.09061800765677286,-0.003682932842571471
65,F-asym,P2B_stitchLDS,-0.05524093914568429,-0.05577778569989469
65,F-asym,P2D_GW,-0.23549175392302057,-0.050695219583637645
65,F-riem,P2A_pullback,-0.009705860327575477,0.07760464777264386
65,F-riem,P2B_stitchLDS,-0.07236841604185629,-0.057321781254738594
65,F-riem,P2D_GW,-0.16085066875184695,-0.023567481548897855
66,F-band,P2A_pullback,-0.1822443957725437,0.0928575856746563
66,F-band,P2B_stitchLDS,-0.11935819550052029,0.10379362290099836
66,F-band,P2D_GW,-0.20657275635729033,-0.06550331336387913
66,F-fooof-per,P2A_pullback,-0.09554341182944359,-0.14305308784492113
66,F-fooof-per,P2B_stitchLDS,-0.20401679120508964,-0.04587195579774047
66,F-fooof-per,P2D_GW,-0.29539467130129893,-0.19128460520706075
66,F-rel,P2A_pullback,0.027159995815700166,0.20508828000617174
66,F-rel,P2B_stitchLDS,-0.10468879041929746,0.076661365399434
66,F-rel,P2D_GW,-0.15751884067135746,-0.0067465528509373165
66,F-asym,P2A_pullback,-0.216952026372365,-0.10274571129733306
66,F-asym,P2B_stitchLDS,0.027073836239158156,0.2743953126983971
66,F-asym,P2D_GW,-0.20074276576595507,-0.08614110865159642
66,F-riem,P2A_pullback,-0.15763980051383952,-0.2746952639713333
66,F-riem,P2B_stitchLDS,-0.3966697578309972,-0.06086082368983837
66,F-riem,P2D_GW,-0.17087614545940677,-0.000943123194020349
67,F-band,P2A_pullback,-0.055255783374599465,-0.23998132247388942
67,F-band,P2B_stitchLDS,-0.40667732375756915,-0.1860368808167447
67,F-band,P2D_GW,-0.05177678295182697,0.15628107833512356
67,F-fooof-per,P2A_pullback,-0.0607393778605696,-0.21649014948721168
67,F-fooof-per,P2B_stitchLDS,-0.2905122079258575,-0.22144277400753573
67,F-fooof-per,P2D_GW,-0.3029306528686775,-0.12869575165925679
67,F-rel,P2A_pullback,-0.09628773701372495,-0.23165451440724338
67,F-rel,P2B_stitchLDS,-0.3318989224310016,-0.046968336560052004
67,F-rel,P2D_GW,-0.16871823781821926,-0.014026347536260739
67,F-asym,P2A_pullback,-0.050337848281428066,-0.20971061743155323
67,F-asym,P2B_stitchLDS,-0.366499650278604,-0.23651195029450756
67,F-asym,P2D_GW,-0.1948770711756016,-0.054774896358674816
67,F-riem,P2A_pullback,-0.03566805638212278,-0.2250728204498962
67,F-riem,P2B_stitchLDS,-0.35667402731134334,-0.19089587738731573
67,F-riem,P2D_GW,-0.10070148790469169,0.10352122240127054
68,F-band,P2A_pullback,-0.79225556309873,0.008859783574748245
68,F-band,P2B_stitchLDS,-0.27742447049987873,0.03631070684917234
68,F-band,P2D_GW,-0.3720276515462806,-0.3093568317313814
68,F-fooof-per,P2A_pullback,-0.047139334017121115,-0.1814621180369772
68,F-fooof-per,P2B_stitchLDS,-0.3619823563122144,0.08587306447392183
68,F-fooof-per,P2D_GW,-0.18170968315791636,-0.06078314223803103
68,F-rel,P2A_pullback,-0.18010261821080054,0.12654661661360417
68,F-rel,P2B_stitchLDS,-0.34195217267156286,-0.004945116519908827
68,F-rel,P2D_GW,-0.22438384898225983,-0.11456855895912924
68,F-asym,P2A_pullback,-0.1335994191636578,0.16390844089165746
68,F-asym,P2B_stitchLDS,-0.869085994781682,-0.13356021721526423
68,F-asym,P2D_GW,-0.2018957779943491,-0.04412620605649646
68,F-riem,P2A_pullback,-0.022704096869058832,-0.0752088458588655
68,F-riem,P2B_stitchLDS,-0.33681523243857403,-0.03988428155154411
68,F-riem,P2D_GW,-0.23903524566649192,-0.08933201760810514
69,F-band,P2A_pullback,-0.026819013549829407,-0.05146819551771885
69,F-band,P2B_stitchLDS,-0.2999122506162375,0.03459484568052909
69,F-band,P2D_GW,-0.16027161974904924,-0.0024944827067789888
69,F-fooof-per,P2A_pullback,-0.001972774523370635,0.11965403781608772
69,F-fooof-per,P2B_stitchLDS,-0.360204716303016,-0.26749090127209274
69,F-fooof-per,P2D_GW,-0.20350032681529862,-0.09871194820870499
69,F-rel,P2A_pullback,-0.10855430976094627,0.08657078694076885
69,F-rel,P2B_stitchLDS,-0.15531050269123448,0.17793701054915
69,F-rel,P2D_GW,-0.13216579991742972,0.07723203870517281
69,F-asym,P2A_pullback,-0.2151763327076026,-0.21046788760956092
69,F-asym,P2B_stitchLDS,-0.5542892474066758,0.1773031593820468
69,F-asym,P2D_GW,-0.10353829885938337,0.07142327241535645
69,F-riem,P2A_pullback,-0.0418266358577597,-0.0011055945179753654
69,F-riem,P2B_stitchLDS,-0.4400701558831157,-0.22362126634060947
69,F-riem,P2D_GW,-0.27359048572135136,-0.09964686201760939
70,F-band,P2A_pullback,-0.182455796528735,-0.15800406334871736
70,F-band,P2B_stitchLDS,-0.3639520220179757,-0.11526759582260503
70,F-band,P2D_GW,-0.2945377225770298,-0.10648633885546052
70,F-fooof-per,P2A_pullback,-5.12487573364032,0.0238862687299777
70,F-fooof-per,P2B_stitchLDS,-0.5445787897829997,-0.16651218575699828
70,F-fooof-per,P2D_GW,-0.38932461555566533,-0.19480023263345378
70,F-rel,P2A_pullback,-0.18233347631203722,-0.14540078481100915
70,F-rel,P2B_stitchLDS,-0.6118037760372972,-0.20587222920366216
70,F-rel,P2D_GW,-0.29686735272238973,-0.11351317759447523
70,F-asym,P2A_pullback,-0.1387983235871033,-0.08985481181307775
70,F-asym,P2B_stitchLDS,-0.33845166973568674,0.15029779021666578
70,F-asym,P2D_GW,-0.23082221845709006,-0.09003270177589663
70,F-riem,P2A_pullback,-0.17721568490637285,-0.22314295724608924
70,F-riem,P2B_stitchLDS,-0.6511979505840291,0.06113100084778286
70,F-riem,P2D_GW,-0.25879709607919965,-0.1571852954837139
71,F-band,P2A_pullback,-0.22841168300502557,-0.23228764237742655
71,F-band,P2B_stitchLDS,-0.3896301263973905,-0.1035131545990627
71,F-band,P2D_GW,-0.2102804520286894,-0.04268502083625255
71,F-fooof-per,P2A_pullback,-0.09304367574966199,-0.07112622581370906
71,F-fooof-per,P2B_stitchLDS,-0.19876902359920345,0.06349180891779005
71,F-fooof-per,P2D_GW,-0.32924640250438864,-0.2844438892292149
71,F-rel,P2A_pullback,-0.12180635697429665,-0.25233906467350475
71,F-rel,P2B_stitchLDS,-0.15817543893250896,-0.08216954237111398
71,F-rel,P2D_GW,-0.296396105229346,-0.18042741388532543
71,F-asym,P2A_pullback,-0.2746143480684098,-0.44140732569709773
71,F-asym,P2B_stitchLDS,-1.3438514993738782,-0.28569687936913407
71,F-asym,P2D_GW,-0.18056337149197854,0.0038942186493874514
71,F-riem,P2A_pullback,-0.03656571972185474,0.011573905007895322
71,F-riem,P2B_stitchLDS,-0.22709467770136715,-0.04201797732961797
71,F-riem,P2D_GW,-0.29827919719544127,-0.14176329053288858
72,F-band,P2A_pullback,-0.13531868653848766,0.0993421752401423
72,F-band,P2B_stitchLDS,-0.9702419150286923,-0.26260956861990614
72,F-band,P2D_GW,-0.25324106998067664,-0.189241829721131
72,F-fooof-per,P2A_pullback,-0.20903354854328016,-0.44466390547864765
72,F-fooof-per,P2B_stitchLDS,-0.36684003589675607,-0.2574165549946834
72,F-fooof-per,P2D_GW,-0.27065859678560433,-0.11546877155532692
72,F-rel,P2A_pullback,-0.22609441372393757,-0.32733067047691267
72,F-rel,P2B_stitchLDS,-0.08235370578151202,0.1306171306592817
72,F-rel,P2D_GW,-0.21522385795984356,-0.14182311892047003
72,F-asym,P2A_pullback,-0.33855774228654334,-0.40317906644940366
72,F-asym,P2B_stitchLDS,-1.558761921501553,-0.2743512527427514
72,F-asym,P2D_GW,-0.2058345562835675,-0.010290816747612841
72,F-riem,P2A_pullback,-0.192581558068468,-0.28405035959096536
72,F-riem,P2B_stitchLDS,-0.41752551869490384,-0.1082635121457757
72,F-riem,P2D_GW,-0.3320205546447079,-0.21786127939732342
73,F-band,P2A_pullback,-0.19529434350475627,-0.12408132224745655
73,F-band,P2B_stitchLDS,-0.2015668517028717,-0.11755778321101662
73,F-band,P2D_GW,-0.04743454553126503,0.11605383528081575
73,F-fooof-per,P2A_pullback,-0.059690502384947,-0.22380039816211983
73,F-fooof-per,P2B_stitchLDS,-0.5008799107776485,-0.10921223023784334
73,F-fooof-per,P2D_GW,-0.12326616853644867,0.060598000421610565
73,F-rel,P2A_pullback,-0.40122737707939216,-0.28632109376459697
73,F-rel,P2B_stitchLDS,-0.12883623898992247,-0.1675078767460766
73,F-rel,P2D_GW,-0.14281652214494645,0.0013350856180367188
73,F-asym,P2A_pullback,-0.05502802230453385,-0.24809632386598995
73,F-asym,P2B_stitchLDS,-0.5150655426482378,0.31254608176372634
73,F-asym,P2D_GW,-0.21803060249789197,-0.09710738424729515
73,F-riem,P2A_pullback,-0.06811974663218723,0.009203343929572463
73,F-riem,P2B_stitchLDS,-0.6859929125404736,-0.07960079615163618
73,F-riem,P2D_GW,-0.2824751016393783,-0.2315631050364882
74,F-band,P2A_pullback,-0.03861235358600035,-0.22572350458430557
74,F-band,P2B_stitchLDS,-0.049759542546479185,0.24767095020010088
74,F-band,P2D_GW,-0.128088835765082,0.03732289901049044
74,F-fooof-per,P2A_pullback,-0.3320116189546567,-0.13686994523944696
74,F-fooof-per,P2B_stitchLDS,-0.059186043120264875,0.09072680727943118
74,F-fooof-per,P2D_GW,-0.08651502316105297,0.10334683453967372
74,F-rel,P2A_pullback,-0.06997802065695735,-0.023777181067389914
74,F-rel,P2B_stitchLDS,-0.08670342816508114,0.15542371912291064
74,F-rel,P2D_GW,-0.15639616841370696,0.0008116232180101837
74,F-asym,P2A_pullback,-0.0976611095615254,-0.1990638265052842
74,F-asym,P2B_stitchLDS,-0.3347929280487285,-0.03844279983210228
74,F-asym,P2D_GW,-0.07887911876651854,0.12613602914009253
74,F-riem,P2A_pullback,-0.009147518230579355,0.017293390980940154
74,F-riem,P2B_stitchLDS,-0.009261013160651643,0.1277785663732703
74,F-riem,P2D_GW,-0.24199597684963114,-0.07607752100003194
75,F-band,P2A_pullback,-0.16766597432538255,-0.10864597071818338
75,F-band,P2B_stitchLDS,-0.16432056493417924,-0.03937450368655469
75,F-band,P2D_GW,-0.21417905625698963,-0.05187270085134666
75,F-fooof-per,P2A_pullback,-0.97751441857776,0.09738697875712848
75,F-fooof-per,P2B_stitchLDS,-0.27528539619442816,-0.02385800640855521
75,F-fooof-per,P2D_GW,-0.17327679364445236,-0.03760639861783142
75,F-rel,P2A_pullback,-0.12069923654986536,-0.09221510498353722
75,F-rel,P2B_stitchLDS,-0.08837161611484623,-0.04554876056039929
75,F-rel,P2D_GW,-0.12872426191204323,0.08817199538561099
75,F-asym,P2A_pullback,-0.10149896922150559,-0.19306158744748497
75,F-asym,P2B_stitchLDS,-0.3719103053470738,0.1711171618533389
75,F-asym,P2D_GW,-0.15721222731222007,0.03575488937444097
75,F-riem,P2A_pullback,-0.06898641781651293,-0.24236994865208453
75,F-riem,P2B_stitchLDS,-0.38446917886865184,-0.08339998500607287
75,F-riem,P2D_GW,-0.2495148660130584,-0.09373141077512431
76,F-band,P2A_pullback,-0.08760360374106524,0.104067047506692
76,F-band,P2B_stitchLDS,-0.3610423911791558,-0.07143552049108902
76,F-band,P2D_GW,-0.28808246755084377,-0.041793567305997106
76,F-fooof-per,P2A_pullback,-0.18919954599219713,-0.42586674629860743
76,F-fooof-per,P2B_stitchLDS,-0.27307243459609465,0.007603753464816142
76,F-fooof-per,P2D_GW,-0.18064926204805265,-0.05095505462071744
76,F-rel,P2A_pullback,-0.35056099835181587,-0.38461606295148265
76,F-rel,P2B_stitchLDS,0.03724385381776285,0.25322212042925973
76,F-rel,P2D_GW,-0.22838620107523155,-0.07355223182764761
76,F-asym,P2A_pullback,-0.37898538259201753,-0.41578833819342326
76,F-asym,P2B_stitchLDS,-1.4801237128198212,-0.30981588055338083
76,F-asym,P2D_GW,-0.3084638294272295,-0.16077515052015817
76,F-riem,P2A_pullback,-0.24419887205209534,-0.383550169849393
76,F-riem,P2B_stitchLDS,-0.518339564181566,-0.005448975662150992
76,F-riem,P2D_GW,-0.2046978593812021,-0.049876598949282966
77,F-band,P2A_pullback,-0.9528243994381413,-0.201881757838525
77,F-band,P2B_stitchLDS,-0.5629966598043312,-0.10764226335814209
77,F-band,P2D_GW,-0.3007419075503266,-0.2069833786546365
77,F-fooof-per,P2A_pullback,-0.1594642476389434,-0.09296692018209361
77,F-fooof-per,P2B_stitchLDS,-0.301554466753867,0.07037879221577875
77,F-fooof-per,P2D_GW,-0.24127742594999946,-0.12448683590966714
77,F-rel,P2A_pullback,-0.1401730798974612,-0.22245391413329235
77,F-rel,P2B_stitchLDS,-0.46184336461635245,-0.07630807534989201
77,F-rel,P2D_GW,-0.2711685523410461,-0.16822977635952469
77,F-asym,P2A_pullback,-0.196245864882846,-0.33356566978891233
77,F-asym,P2B_stitchLDS,-1.5674581662283713,-0.1839550320491326
77,F-asym,P2D_GW,-0.3697732792841786,-0.2659892655195185
77,F-riem,P2A_pullback,-0.57098444993341,-0.226461872104242
77,F-riem,P2B_stitchLDS,-0.45704039718755407,-0.10080546198155305
77,F-riem,P2D_GW,-0.01950925814327964,0.15873995882656705
78,F-band,P2A_pullback,-0.06423460301890604,-0.27804438490339145
78,F-band,P2B_stitchLDS,-0.07224376709178548,0.0353776504756636
78,F-band,P2D_GW,-0.14032851747650388,0.07590819135838282
78,F-fooof-per,P2A_pullback,-0.05721624534142178,-0.047854680379636194
78,F-fooof-per,P2B_stitchLDS,-0.48850181036211593,-0.26082914099681864
78,F-fooof-per,P2D_GW,-0.18975066407987762,-0.031754889065846954
78,F-rel,P2A_pullback,-0.06705921926031855,-0.22854297410074037
78,F-rel,P2B_stitchLDS,-0.331533741864787,-0.17727790496596096
78,F-rel,P2D_GW,-0.3051457011733738,-0.15419964648985712
78,F-asym,P2A_pullback,-0.2674680491577346,-0.26760137739947004
78,F-asym,P2B_stitchLDS,-0.49337323859407656,0.21975904294560122
78,F-asym,P2D_GW,-0.13385003789917582,0.024619256579367213
78,F-riem,P2A_pullback,-0.8895753710685557,-0.17237214643193133
78,F-riem,P2B_stitchLDS,-0.6330092442713042,0.08905791504699877
78,F-riem,P2D_GW,-0.025871770106034697,0.1801068491500503
79,F-band,P2A_pullback,-0.040185568611230016,-0.18169904571901963
79,F-band,P2B_stitchLDS,-0.15206914872547528,0.01745823226614778
79,F-band,P2D_GW,-0.12281392446572048,0.058047719096145464
79,F-fooof-per,P2A_pullback,-0.034319710869934905,-0.21726830196126815
79,F-fooof-per,P2B_stitchLDS,-0.13310745976302107,-0.08553393105938775
79,F-fooof-per,P2D_GW,-0.13605984382698977,0.06514403503155787
79,F-rel,P2A_pullback,-0.029117244759340855,-0.1052421076599507
79,F-rel,P2B_stitchLDS,-0.25154948165529345,-0.13999653456528902
79,F-rel,P2D_GW,-0.24622603993212833,-0.07030575688068373
79,F-asym,P2A_pullback,-0.4000252360173906,-0.2544521299862388
79,F-asym,P2B_stitchLDS,-0.3176008929674643,-0.2645097593669766
79,F-asym,P2D_GW,-0.23439252472350613,-0.07497926037148647
79,F-riem,P2A_pullback,-0.13487630232895942,0.0712422934690011
79,F-riem,P2B_stitchLDS,-0.15015875517963573,0.05849111865135523
79,F-riem,P2D_GW,-0.26294806296587336,-0.12287004868614075
80,F-band,P2A_pullback,-0.02909930090672752,-0.06482696599261513
80,F-band,P2B_stitchLDS,-0.1321332689191983,-0.1382982301389783
80,F-band,P2D_GW,-0.17070566289977163,0.07075669150558395
80,F-fooof-per,P2A_pullback,-0.044345955857493013,-0.19266944266370248
80,F-fooof-per,P2B_stitchLDS,-0.5860016573337159,-0.34379174760730025
80,F-fooof-per,P2D_GW,-0.21666696043587375,-0.03364529334209712
80,F-rel,P2A_pullback,-0.5755752088397594,-0.02439922151254806
80,F-rel,P2B_stitchLDS,-0.33232037405683545,-0.2678135325589023
80,F-rel,P2D_GW,-0.17907357493772524,-0.0029396871641129765
80,F-asym,P2A_pullback,-0.07428479782599617,-0.21412203081784065
80,F-asym,P2B_stitchLDS,-0.5795742763019829,0.22130509007784388
80,F-asym,P2D_GW,-0.2718112270313595,-0.10874400494760511
80,F-riem,P2A_pullback,-0.063375824494174,-0.20047900723481618
80,F-riem,P2B_stitchLDS,-0.28327633516069617,0.22190817371275615
80,F-riem,P2D_GW,-0.2125939252732192,-0.010282028027754953
81,F-band,P2A_pullback,-0.058294104567696126,-0.20010951204822341
81,F-band,P2B_stitchLDS,-0.09027157260969654,-0.024009732664626988
81,F-band,P2D_GW,-0.21876964603978255,-0.07222118986030701
81,F-fooof-per,P2A_pullback,-0.008413029692547758,0.10460291364938223
81,F-fooof-per,P2B_stitchLDS,-0.0740705477019643,-0.03510320748364553
81,F-fooof-per,P2D_GW,-0.0834011402316146,0.0579635479445941
81,F-rel,P2A_pullback,-0.36023523452123385,0.022012292379310384
81,F-rel,P2B_stitchLDS,-0.00987213490896921,0.21537696973918433
81,F-rel,P2D_GW,-0.23709738960362836,-0.041614680501484036
81,F-asym,P2A_pullback,-0.24170894535048815,-0.09695832943019124
81,F-asym,P2B_stitchLDS,-0.20000664873145513,0.052704937934212145
81,F-asym,P2D_GW,-0.2056462156455554,-0.04994501998487866
81,F-riem,P2A_pullback,-0.037481810643691604,0.0005086455990136601
81,F-riem,P2B_stitchLDS,-0.24896379091195553,-0.15703436942327142
81,F-riem,P2D_GW,-0.33151852230406376,-0.13924645780701717
82,F-band,P2A_pullback,-0.019630868213904584,-0.18819397470102733
82,F-band,P2B_stitchLDS,-0.1627647379331818,-0.06652176866017886
82,F-band,P2D_GW,-0.20522720522726368,-0.0628926205908955
82,F-fooof-per,P2A_pullback,-1.3943779715867928,-0.11773587549598552
82,F-fooof-per,P2B_stitchLDS,-0.13447623719034074,-0.0007352108635684078
82,F-fooof-per,P2D_GW,-0.2704902052326488,-0.1637056325157962
82,F-rel,P2A_pullback,-0.04885843218236818,-0.1798040750450207
82,F-rel,P2B_stitchLDS,-0.4710903628870169,-0.08154750201619325
82,F-rel,P2D_GW,-0.23921035484401454,-0.09327299415864931
82,F-asym,P2A_pullback,-0.04680318977836406,-0.08662509738602411
82,F-asym,P2B_stitchLDS,-0.6221775011304529,0.19650111543557178
82,F-asym,P2D_GW,-0.18509351649066907,-0.019058395300054348
82,F-riem,P2A_pullback,-0.06648093976003344,-0.19033741357005435
82,F-riem,P2B_stitchLDS,-0.4735868096164739,-0.025591846641676276
82,F-riem,P2D_GW,-0.15855828224292878,0.028692389370537103
83,F-band,P2A_pullback,-0.17787071363827045,0.23370962823116978
83,F-band,P2B_stitchLDS,-0.8137129645003576,-0.15203977844620314
83,F-band,P2D_GW,-0.32396633425309895,-0.2649324292457431
83,F-fooof-per,P2A_pullback,-0.3644052094481003,-0.4771072837433858
83,F-fooof-per,P2B_stitchLDS,-0.08629693403111549,0.05940806891387527
83,F-fooof-per,P2D_GW,-0.17976289793307187,-0.048808125218089186
83,F-rel,P2A_pullback,-0.29812859296632443,-0.32509786938330243
83,F-rel,P2B_stitchLDS,0.06785040504099704,0.3343677849117022
83,F-rel,P2D_GW,-0.3962244302600768,-0.2514135301502327
83,F-asym,P2A_pullback,-0.39614577338799317,-0.4073075190622639
83,F-asym,P2B_stitchLDS,-1.9958788966284615,-0.3539997917705393
83,F-asym,P2D_GW,-0.3251961749408274,-0.13060597217120062
83,F-riem,P2A_pullback,-0.24919197077676203,-0.2412058829135269
83,F-riem,P2B_stitchLDS,-0.3013452428203618,-0.12203431031432102
83,F-riem,P2D_GW,-0.2510584868060888,-0.08281258428413853
84,F-band,P2A_pullback,-0.057557514698158174,-0.2660586017921205
84,F-band,P2B_stitchLDS,-0.08568589067388421,-0.022359751362466238
84,F-band,P2D_GW,-0.18496024755630525,-0.023722415969547522
84,F-fooof-per,P2A_pullback,-0.0550838128098321,-0.3410898221499884
84,F-fooof-per,P2B_stitchLDS,-0.38636341043323896,-0.05083344422562634
84,F-fooof-per,P2D_GW,-0.1847229863034756,0.0171817917003165
84,F-rel,P2A_pullback,-0.028927830518804765,-0.11414014141836956
84,F-rel,P2B_stitchLDS,-0.08050040354392407,-0.027003612477984627
84,F-rel,P2D_GW,-0.1433427316191327,0.019848609204533255
84,F-asym,P2A_pullback,-0.10115896351721099,-0.3970911695157508
84,F-asym,P2B_stitchLDS,-0.01812190080620879,0.21372881216799836
84,F-asym,P2D_GW,-0.12563038203099786,0.05356483910164999
84,F-riem,P2A_pullback,-0.03831735408382908,-0.11246161518000646
84,F-riem,P2B_stitchLDS,-0.16546243316596132,0.06610196988977403
84,F-riem,P2D_GW,-0.21338121689767542,-0.04116621021731421
85,F-band,P2A_pullback,-0.13110362266543896,0.2179324379005969
85,F-band,P2B_stitchLDS,-0.31106915948008695,-0.1355894020462814
85,F-band,P2D_GW,-0.268544673057981,-0.10081670844400446
85,F-fooof-per,P2A_pullback,-0.2520620351667813,-0.23688397726424687
85,F-fooof-per,P2B_stitchLDS,-0.23091913880362136,0.2021627262265211
85,F-fooof-per,P2D_GW,-0.3069921473797117,-0.2120600749468911
85,F-rel,P2A_pullback,-0.16614030774400512,0.033714957870830675
85,F-rel,P2B_stitchLDS,-0.0005192817080492684,0.21563874235311392
85,F-rel,P2D_GW,-0.13756654700912807,0.000907134436590129
85,F-asym,P2A_pullback,-0.5708361124857457,-0.21313554501462806
85,F-asym,P2B_stitchLDS,-0.8234115657446361,0.01624477966111238
85,F-asym,P2D_GW,-0.10586451307275957,0.04536676726505619
85,F-riem,P2A_pullback,-0.10290853125445465,-0.17152768216023645
85,F-riem,P2B_stitchLDS,-0.5943756537716458,-0.05050510471294822
85,F-riem,P2D_GW,-0.22966787873825467,-0.12491074234289061
86,F-band,P2A_pullback,-0.17473143558360382,-0.10537636129066053
86,F-band,P2B_stitchLDS,-0.10942398461047897,-0.01013828884480783
86,F-band,P2D_GW,-0.18675625847822896,-0.0952201607898488
86,F-fooof-per,P2A_pullback,-0.08479472856987647,-0.11984354124095484
86,F-fooof-per,P2B_stitchLDS,-0.12848052829191547,-0.07020386648227403
86,F-fooof-per,P2D_GW,-0.24054483997807297,-0.09529517804467713
86,F-rel,P2A_pullback,-0.24798296171679834,-0.1739416765626694
86,F-rel,P2B_stitchLDS,-0.1794177924399809,-0.17776955803254657
86,F-rel,P2D_GW,-0.18077621749228023,-0.0452015261523186
86,F-asym,P2A_pullback,-0.1138422858622683,-0.17999567368156486
86,F-asym,P2B_stitchLDS,-0.32495387424020605,0.193919874940885
86,F-asym,P2D_GW,-0.23114517880754604,-0.062480359904721165
86,F-riem,P2A_pullback,-0.033086827655359974,0.03200232636128998
86,F-riem,P2B_stitchLDS,-0.4342965678429751,-0.2227069629726504
86,F-riem,P2D_GW,-0.2262287928063509,-0.08678578562486437
87,F-band,P2A_pullback,-0.054193413024994586,-0.3647358159957139
87,F-band,P2B_stitchLDS,-0.43252769378529776,-0.25546745542025906
87,F-band,P2D_GW,-0.34070254999147087,-0.2201468212265438
87,F-fooof-per,P2A_pullback,-0.15802878157615674,-0.1523780521581627
87,F-fooof-per,P2B_stitchLDS,-0.4693647711078268,-0.17769640631923161
87,F-fooof-per,P2D_GW,-0.20589630180925744,-0.056235772915663854
87,F-rel,P2A_pullback,-0.2140408936807312,-0.2649867689329503
87,F-rel,P2B_stitchLDS,-0.34532762440164766,-0.14143428066612412
87,F-rel,P2D_GW,-0.16828185001240104,0.00022994753389238287
87,F-asym,P2A_pullback,-0.11678356712158178,-0.3037216393418086
87,F-asym,P2B_stitchLDS,-0.9892426997007429,-0.25309087198068037
87,F-asym,P2D_GW,-0.1786120884887501,-0.03847977788735689
87,F-riem,P2A_pullback,-0.03842027443654583,-0.17313278404292443
87,F-riem,P2B_stitchLDS,-0.28891563506873785,-0.2215768332542159
87,F-riem,P2D_GW,-0.1600477311236963,0.0032473097613216866
88,F-band,P2A_pullback,-0.03538786390452664,-0.06294450338308387
88,F-band,P2B_stitchLDS,-0.14846470835117165,-0.25303086043496253
88,F-band,P2D_GW,-0.15065858711964264,0.06435297326171112
88,F-fooof-per,P2A_pullback,-0.047430456992570535,-0.060707977738076575
88,F-fooof-per,P2B_stitchLDS,-0.28970759323435313,-0.17765583497823764
88,F-fooof-per,P2D_GW,-0.21650556067888416,-0.09084293149890074
88,F-rel,P2A_pullback,-0.0477686953168186,-0.23877487532593145
88,F-rel,P2B_stitchLDS,-0.09896324023712877,-0.14832764413200286
88,F-rel,P2D_GW,-0.12643035553612192,0.05941099932547577
88,F-asym,P2A_pullback,-0.07591315204656213,-0.16098513813234222
88,F-asym,P2B_stitchLDS,-0.19022516572059112,0.04165925974175991
88,F-asym,P2D_GW,-0.09843063148218656,0.10124960504872503
88,F-riem,P2A_pullback,-0.837649531086609,-0.217243551819495
88,F-riem,P2B_stitchLDS,-0.2483126234046502,-0.01818544800608958
88,F-riem,P2D_GW,-0.1026515573410609,0.1032408099077454
89,F-band,P2A_pullback,-0.04429814314632252,-0.11219779023157361
89,F-band,P2B_stitchLDS,-0.02794029265079101,0.31422983889298783
89,F-band,P2D_GW,-0.09881424290036511,0.11516095079461443
89,F-fooof-per,P2A_pullback,-0.4426518413875067,0.03354736890317135
89,F-fooof-per,P2B_stitchLDS,-0.05624851636357753,0.10996218144945422
89,F-fooof-per,P2D_GW,-0.08437299404241161,0.1300428949957684
89,F-rel,P2A_pullback,0.06402549501250354,0.2783731893782003
89,F-rel,P2B_stitchLDS,-0.11652538384209787,0.1548101819177188
89,F-rel,P2D_GW,-0.2154952504733776,-0.08453670880646907
89,F-asym,P2A_pullback,-0.09916436650772087,0.03780141339914688
89,F-asym,P2B_stitchLDS,0.0056789587692605,0.2938099231772184
89,F-asym,P2D_GW,-0.10147379139570245,0.09152699050002168
89,F-riem,P2A_pullback,-0.026579994729429623,-0.07498811913919075
89,F-riem,P2B_stitchLDS,-0.16970449820326405,0.08596081622809132
89,F-riem,P2D_GW,-0.21985205695037013,-0.05535538472634699
90,F-band,P2A_pullback,-0.48297857593594795,0.1492344244043731
90,F-band,P2B_stitchLDS,-0.5890899083344898,-0.2489690373987614
90,F-band,P2D_GW,-0.18334223145670325,-0.028076087408771933
90,F-fooof-per,P2A_pullback,-0.11716338140747573,0.005559582702369749
90,F-fooof-per,P2B_stitchLDS,-0.1782948854307469,0.05081062503425541
90,F-fooof-per,P2D_GW,-0.17129125104269805,-0.03240651319241989
90,F-rel,P2A_pullback,-0.31926228819017854,0.2023285684879766
90,F-rel,P2B_stitchLDS,-0.23594754095206993,-0.10490230310595006
90,F-rel,P2D_GW,-0.21648491041281592,-0.038563753742181635
90,F-asym,P2A_pullback,-0.4121830580729673,-0.308633333746973
90,F-asym,P2B_stitchLDS,-0.8219193849555928,-0.24215003996451184
90,F-asym,P2D_GW,-0.22427001675956104,-0.06949756612552155
90,F-riem,P2A_pullback,-1.0521110456739118,-0.20503600793370708
90,F-riem,P2B_stitchLDS,-0.5232722936767391,-0.11524839536929461
90,F-riem,P2D_GW,-0.3056442048693213,-0.1780485725050343
91,F-band,P2A_pullback,-0.06957503967952094,-0.2396335268275931
91,F-band,P2B_stitchLDS,-0.1635770174352582,-0.09018015903451623
91,F-band,P2D_GW,-0.16182664347005282,0.02576381363573915
91,F-fooof-per,P2A_pullback,-0.05129110850597374,-0.17251181307349933
91,F-fooof-per,P2B_stitchLDS,-0.3892215945153765,-0.23569589658947743
91,F-fooof-per,P2D_GW,-0.1821192212976943,0.020892503341148658
91,F-rel,P2A_pullback,-0.08402911985340156,-0.3511923264680118
91,F-rel,P2B_stitchLDS,-0.342629612279304,-0.25253911226359793
91,F-rel,P2D_GW,-0.18482088446760692,-0.015216760321575581
91,F-asym,P2A_pullback,-0.07833452536768082,-0.3206143183717072
91,F-asym,P2B_stitchLDS,-0.4282269790115816,0.2623182653053902
91,F-asym,P2D_GW,-0.23136728240063809,-0.06480810288183511
91,F-riem,P2A_pullback,-0.302589818455929,-0.15513793009358223
91,F-riem,P2B_stitchLDS,-0.8180677724979997,-0.10595616565409025
91,F-riem,P2D_GW,-0.11760964731538648,0.08724045925140438
92,F-band,P2A_pullback,-0.15887529800407663,-0.07229795301283479
92,F-band,P2B_stitchLDS,-0.16269090309379575,-0.01681171208855224
92,F-band,P2D_GW,-0.20704665711930725,-0.030925572454151992
92,F-fooof-per,P2A_pullback,-0.03391527108091208,0.09486395080306183
92,F-fooof-per,P2B_stitchLDS,-0.3923757436444326,-0.03232263823855888
92,F-fooof-per,P2D_GW,-0.1327943111108727,0.06652611158195931
92,F-rel,P2A_pullback,-0.053757516590581256,-0.18487952597365173
92,F-rel,P2B_stitchLDS,-0.06640916984925638,0.04900650820129999
92,F-rel,P2D_GW,-0.2040235329791471,-0.0511338297285617
92,F-asym,P2A_pullback,-0.41087158113760536,-0.2230083578343051
92,F-asym,P2B_stitchLDS,-0.9402347053326929,-0.15619511053572596
92,F-asym,P2D_GW,-0.18761355797714296,-0.01815852095500624
92,F-riem,P2A_pullback,-0.057826876895655355,-0.13506226073469485
92,F-riem,P2B_stitchLDS,-0.5117901063691157,0.03173815034401595
92,F-riem,P2D_GW,-0.2637123504205481,-0.1418111648171976
93,F-band,P2A_pullback,-0.12221842630421254,-0.18815076642360518
93,F-band,P2B_stitchLDS,-0.14352698175565526,-0.06346617066352281
93,F-band,P2D_GW,-0.18206587368852056,0.012635708764655936
93,F-fooof-per,P2A_pullback,-0.2452014751266398,0.0016860974213108865
93,F-fooof-per,P2B_stitchLDS,-0.24935296945716212,-0.06571094099189026
93,F-fooof-per,P2D_GW,-0.40324980187569803,-0.23532078347684632
93,F-rel,P2A_pullback,-0.05669163180598402,-0.2827186768406685
93,F-rel,P2B_stitchLDS,-0.10424364249557971,-0.07268753781962345
93,F-rel,P2D_GW,-0.16460935766728624,-0.009836671743926835
93,F-asym,P2A_pullback,-0.09846724268591167,-0.37795255075823164
93,F-asym,P2B_stitchLDS,-0.03710472945927035,0.1615461084395095
93,F-asym,P2D_GW,-0.24833469380481787,-0.08238618560731675
93,F-riem,P2A_pullback,-0.073797530844246,-0.23685899545173333
93,F-riem,P2B_stitchLDS,-0.18288572468077446,-0.05380042155522535
93,F-riem,P2D_GW,-0.16352747082564845,0.03534220001605663
94,F-band,P2A_pullback,-0.43061091311000466,0.11403256092323451
94,F-band,P2B_stitchLDS,-0.08714538384532133,0.0816332436698363
94,F-band,P2D_GW,-0.13896040554060018,0.037065355021533145
94,F-fooof-per,P2A_pullback,-0.04337449093158585,-0.08992838969272485
94,F-fooof-per,P2B_stitchLDS,-0.12159234259221585,-0.031977016258594324
94,F-fooof-per,P2D_GW,-0.06632884157850527,0.14874484432905477
94,F-rel,P2A_pullback,-0.046979750166152856,-0.292300248696855
94,F-rel,P2B_stitchLDS,-0.06736669872690193,0.014963904319660448
94,F-rel,P2D_GW,-0.2732000961079226,-0.14275234786293667
94,F-asym,P2A_pullback,-0.1837921532683069,-0.07721810585919686
94,F-asym,P2B_stitchLDS,-0.43470923983313137,0.17120984333906208
94,F-asym,P2D_GW,-0.07867025951627604,0.12084793146123005
94,F-riem,P2A_pullback,-0.5725900558033366,-0.004144671410485648
94,F-riem,P2B_stitchLDS,-0.5219459540238147,0.059831685532092616
94,F-riem,P2D_GW,-0.2081916189203714,-0.0781705376659147
95,F-band,P2A_pullback,-0.09297729504736596,-0.32256519481081775
95,F-band,P2B_stitchLDS,-0.39713142400281654,-0.3810241711381886
95,F-band,P2D_GW,-0.168137752943756,0.002158781124202855
95,F-fooof-per,P2A_pullback,-0.12815879724802626,-0.33925247324917757
95,F-fooof-per,P2B_stitchLDS,-0.2863181733901212,-0.16274232444240547
95,F-fooof-per,P2D_GW,-0.16982466966286447,-0.03788963292934905
95,F-rel,P2A_pullback,-0.07789506531381485,-0.32261026034983775
95,F-rel,P2B_stitchLDS,-0.7327119642997093,-0.35861778957725626
95,F-rel,P2D_GW,-0.12605842109143084,0.018238613838314544
95,F-asym,P2A_pullback,-0.17918755387167207,-0.3369587463016975
95,F-asym,P2B_stitchLDS,-0.7513982863617634,-0.34824304728951405
95,F-asym,P2D_GW,-0.17790399225649622,-0.05003614705108349
95,F-riem,P2A_pullback,-0.01973059214203987,-0.06083060833244111
95,F-riem,P2B_stitchLDS,-0.6320229837379248,-0.06268052977358499
95,F-riem,P2D_GW,-0.22309469995020348,-0.08049247023824198
96,F-band,P2A_pullback,-0.8511052361303615,-0.19886325624119752
96,F-band,P2B_stitchLDS,-0.35650679110181116,-0.17793371958280688
96,F-band,P2D_GW,-0.21966182359896247,-0.021951515061989946
96,F-fooof-per,P2A_pullback,-0.15159376589459694,-0.16868657510641305
96,F-fooof-per,P2B_stitchLDS,-0.04746319920801856,0.2418409461725937
96,F-fooof-per,P2D_GW,-0.3579876681448835,-0.19344633607822093
96,F-rel,P2A_pullback,-0.7625944405032823,-0.26707066378686933
96,F-rel,P2B_stitchLDS,-0.4265828425691076,-0.2466822600883942
96,F-rel,P2D_GW,-0.2570311376451049,-0.12370401997153994
96,F-asym,P2A_pullback,-0.501616559279288,-0.2072204065216504
96,F-asym,P2B_stitchLDS,-0.9198840500742202,-0.1106124185236647
96,F-asym,P2D_GW,-0.27201997493239505,-0.11170301102502989
96,F-riem,P2A_pullback,-0.12276462116184517,-0.2866232156886548
96,F-riem,P2B_stitchLDS,-0.7452051301703717,-0.22695144403475143
96,F-riem,P2D_GW,-0.3598563184532271,-0.2104390388067858
97,F-band,P2A_pullback,-0.5957907094195343,0.19198334419251809
97,F-band,P2B_stitchLDS,-0.18182476005658343,0.1918953791429383
97,F-band,P2D_GW,-0.27548042345062607,-0.028270454403468988
97,F-fooof-per,P2A_pullback,-0.24873525721859258,-0.1793370751322445
97,F-fooof-per,P2B_stitchLDS,-0.1021488184915662,0.3154199037877572
97,F-fooof-per,P2D_GW,-0.012425934592523946,0.2281303277721538
97,F-rel,P2A_pullback,-0.01775242142407496,0.15469660848937067
97,F-rel,P2B_stitchLDS,-0.18851456136300437,0.12873983778274672
97,F-rel,P2D_GW,-0.19289692629799382,0.02797521492809671
97,F-asym,P2A_pullback,-0.499023801883002,-0.2072368334493057
97,F-asym,P2B_stitchLDS,-0.3316858057316787,0.15764585229826256
97,F-asym,P2D_GW,-0.20936484847610015,0.031276901874654116
97,F-riem,P2A_pullback,-0.08939642650586421,-0.22701932273345177
97,F-riem,P2B_stitchLDS,-0.5255030746008915,-0.07994726348702377
97,F-riem,P2D_GW,-0.2403862320462944,-0.05941144244531059
98,F-band,P2A_pullback,-2.6310685453199527,-0.1599308914205932
98,F-band,P2B_stitchLDS,-0.198987207996425,0.13554313071156165
98,F-band,P2D_GW,-0.22573692591803285,-0.07120887425978148
98,F-fooof-per,P2A_pullback,-0.13057805535803135,-0.3243460476164519
98,F-fooof-per,P2B_stitchLDS,-0.21849515267850372,0.022652857863725236
98,F-fooof-per,P2D_GW,-0.13847717445499286,0.058403808300328715
98,F-rel,P2A_pullback,-0.022997829628457866,-0.03706381291841138
98,F-rel,P2B_stitchLDS,-0.24475721574596698,0.1164197938759954
98,F-rel,P2D_GW,-0.23154142229320263,-0.04436940936967333
98,F-asym,P2A_pullback,-0.06380420732267722,-0.19868444074002736
98,F-asym,P2B_stitchLDS,0.044585929875356034,0.3360884682681706
98,F-asym,P2D_GW,-0.3241596169200085,-0.18784376802464037
98,F-riem,P2A_pullback,-0.2531486850904201,0.03737597802163974
98,F-riem,P2B_stitchLDS,-0.0455492097244532,0.07472246889005335
98,F-riem,P2D_GW,-0.1715220840807976,0.002993435701373441
99,F-band,P2A_pullback,-0.05131271239300639,-0.21928171608126923
99,F-band,P2B_stitchLDS,-0.08749403452235494,-0.013510566855522904
99,F-band,P2D_GW,-0.20735410591539516,-0.009383704545170693
99,F-fooof-per,P2A_pullback,-0.055375648997614046,-0.08997582675791863
99,F-fooof-per,P2B_stitchLDS,-0.2569339793762344,-0.21946270908728782
99,F-fooof-per,P2D_GW,-0.0905132146517813,0.1002837786767844
99,F-rel,P2A_pullback,-0.05427268756151027,-0.247410626532294
99,F-rel,P2B_stitchLDS,-0.1081098317581779,-0.08562862853678681
99,F-rel,P2D_GW,-0.10779095713594833,0.09407081694814817
99,F-asym,P2A_pullback,-0.04362829961464665,-0.24214230724436797
99,F-asym,P2B_stitchLDS,-0.5532590833128233,0.06595244460665416
99,F-asym,P2D_GW,-0.30251363581986146,-0.17815195599535216
99,F-riem,P2A_pullback,-0.42456342970242167,-0.1323257259390613
99,F-riem,P2B_stitchLDS,-0.0495261468326853,-0.02594106779747386
99,F-riem,P2D_GW,-0.17847824370421494,0.010854647938767156
