family,method,n,R2,r,MAE,R2_901,r_901,R2_903,r_903,R2_905,r_905,R2_906,r_906,R2_907,r_907,R2_908,r_908
F-asym,P2A_pullback,139,-0.19718336316865614,-0.023395172592679404,0.2082172697928889,-0.6981396983867041,-0.3339446280608692,-0.22800172198087698,0.0072997775756781964,-0.4716780764880517,0.12755076466612472,0.004588415684223857,0.299572179033866,0.020851853388619723,0.29924627349907684,-0.16890007453512101,-0.47895796419170167
F-asym,P2B_stitchLDS,139,-0.5604209102480733,0.062960979689869,0.23972518848088575,-1.5666618559172925,-0.45978189311412687,-1.3462086169555576,-0.19119889553701094,-0.5714899523646537,-0.8846546198124247,-0.7272443173061365,-0.4579324359061049,-0.01955896364132692,0.13045278936560423,-0.404029756023073,-0.4633464696156161
F-asym,P2D_GW,139,-0.1673618964401533,-0.007430196407428291,0.21432920415566498,-0.7479075979700676,-0.08507871434080849,-0.9580966114279255,-0.1704322328917515,0.055675858077066986,0.3565439996231018,-0.3059642034631296,0.13572716343531835,-0.58694510990566,-0.36462720234023255,-0.12829737169227018,0.16985903256008728
F-band,P2A_pullback,139,-0.395351471593993,0.056868504907136325,0.20825948730471183,-0.7225210862228189,0.2823022017726836,-0.011771760895807892,0.15698374828224548,-1.1013217461801008,-0.34476106484799274,-0.042611618486209535,0.021324377444178217,-0.0048821602020969745,0.07228499341932113,-0.02982095147478514,-0.08942864967775868
F-band,P2B_stitchLDS,139,-0.6801247281690586,-0.048123513316105426,0.23446676020850782,0.1028245858088831,0.3456253445710269,-3.394977357463622,-0.39599784381553416,-0.5783725808178386,-0.5567654387801024,-1.2933292487182708,-0.3541256171322112,-0.27267656756640557,-0.3132990734730742,-2.37754374064479,-0.2742492722944262
F-band,P2D_GW,139,-0.22699562471093082,-0.0044986643085152545,0.21504427775082127,-0.5816779603964986,0.4383492510839915,-1.255351029741382,-0.11994011477476864,-0.10623070562523673,-0.03728414123755014,-1.5244765856159095,-0.3542183004983874,-0.029025708774571113,0.2896168393198746,-0.06508006942857114,0.19688219932776618
F-fooof-per,P2A_pullback,139,-2.44942802191792,0.003080461983272419,0.30799799064573796,-0.3057471511570553,0.14013266102524338,-0.2994680022647176,0.1380774163299043,0.06984996837051927,0.6149020865988041,-44.315994299594834,-0.238514893295652,-0.0566747860923178,0.5394531158194794,-0.2601137425549229,0.3695235231534473
F-fooof-per,P2B_stitchLDS,139,-0.5322755792580813,-0.05465192042813755,0.22275951735152816,-0.6266768456606793,-0.14640779469093912,-0.8496394804524401,-0.2057913623012291,-1.0979735030102677,-0.8337923699554648,-0.6299689485356923,-0.09732731341538364,-0.22550456570818067,-0.32711437307715074,-0.27043602886358853,0.42105077270960867
F-fooof-per,P2D_GW,139,-0.2160537228401349,-0.019256135901287108,0.22223797327743766,-0.7055968087509774,0.27049635648103065,-0.9125813920327326,-0.06206749979669421,-0.08488426168772545,-4.504351903188153e-05,-0.8758708218255742,-0.17852197331162045,-0.5665360080129809,-0.1943597468009225,0.08815331032308016,0.39383128603607126
F-rel,P2A_pullback,139,-1.3338210703094107,0.25816872796837276,0.29107112538365104,-0.5837601603881355,-0.4336208310224618,-3.9251032741913914,0.019260504144362478,-2.5651649049983525,0.7004683790671001,-0.783525287755785,-0.3282552901888357,-0.01204178954146462,0.02237597543600365,-0.4918326841404599,0.27312050209979205
F-rel,P2B_stitchLDS,139,-0.43693200707704016,0.07105521428662477,0.21453897782147915,-0.9554194918515657,-0.38961338456848615,-0.5184876660131956,0.009579983719069984,-0.49619889117714,-0.4358227416653202,-1.917552282103994,-0.3404713891133054,-0.04807793074920874,0.12183297132825045,-0.6593431976259736,0.3653051234374993
F-rel,P2D_GW,139,-0.25894186732814295,-0.08930291021541983,0.2230419025614536,-0.9067669084656036,0.009455449124176979,-1.004908166293283,0.09927328043906136,-0.11884217780634176,-0.18139622947016418,-0.14402373093049858,0.13442037829492126,-0.614909966087642,-0.19597220225264184,-0.16793871336606214,0.07662932122493869
F-riem,P2A_pullback,139,-0.023283537574905644,0.20032729007442596,0.20291854201225432,-0.7330432153541231,0.10599791994921044,-0.004822539198239939,0.17484756109072186,-0.043651165370994116,0.3027218560116407,-0.10081057288427075,-0.07730620828052293,0.04033588954641765,0.227383070978606,-0.016020234172065217,0.05975659944112435
F-riem,P2B_stitchLDS,139,-0.6381654933274885,0.00601578960077237,0.2570680486664646,-1.7909535411082382,0.24703353872705167,0.04791189714229549,0.36824417533611503,-0.2315586793481692,-0.29903689126391114,-6.425801325795612,-0.1551945801010196,0.12461996334588488,0.37653715716508385,-0.19743488022461353,0.16063639789975764
F-riem,P2D_GW,139,-0.30340997452248053,-0.12170427735481122,0.2250267932793474,-0.9383276778505538,-0.03852148173175947,-1.094541991113784,-0.3143181689845661,-0.07853405277759617,0.08397667575478607,-0.7440542555028657,-0.09722228602528696,-0.36243140589161804,-0.08248482628762993,-0.6001821634620774,-0.22707069303190652
