held_out,auc_segment,auc_session,contrast,model,nHDRS_gap
905,0.04193061840120663,0.0,sick vs stable (paper),MLP,0.0011590494477983215
906,0.38628088553126033,0.33333333333333337,sick vs stable (paper),MLP,0.0011590494477983215
907,0.8533668974197608,1.0,sick vs stable (paper),MLP,0.0011590494477983215
908,0.4504770612091802,0.0,sick vs stable (paper),MLP,0.0011590494477983215
905,0.06968325791855204,0.0,sick vs stable (paper),LR,0.0011590494477983215
906,0.974473802060009,1.0,sick vs stable (paper),LR,0.0011590494477983215
907,0.9343577372211733,1.0,sick vs stable (paper),LR,0.0011590494477983215
908,0.8379398457463019,1.0,sick vs stable (paper),LR,0.0011590494477983215
905,0.4866113316492241,0.3333333333333333,B01-04 vs C01-04 (both sick),MLP,-0.14473947243420093
906,0.6364555565768912,0.6666666666666666,B01-04 vs C01-04 (both sick),MLP,-0.14473947243420093
907,0.1475534081758325,0.0,B01-04 vs C01-04 (both sick),MLP,-0.14473947243420093
908,0.8871770086759713,0.9166666666666666,B01-04 vs C01-04 (both sick),MLP,-0.14473947243420093
905,0.9130759052087092,1.0,B01-04 vs C01-04 (both sick),LR,-0.14473947243420093
906,0.5581027667984191,0.6666666666666666,B01-04 vs C01-04 (both sick),LR,-0.14473947243420093
907,0.43676282506750036,0.5,B01-04 vs C01-04 (both sick),LR,-0.14473947243420093
908,0.817883188733811,0.75,B01-04 vs C01-04 (both sick),LR,-0.14473947243420093
905,0.832832532051282,1.0,C13-16 vs C21-24 (both late),MLP,0.10242232852382332
906,0.2686656671664168,0.11111111111111112,C13-16 vs C21-24 (both late),MLP,0.10242232852382332
907,0.7887584257447271,1.0,C13-16 vs C21-24 (both late),MLP,0.10242232852382332
908,0.7468797047253655,1.0,C13-16 vs C21-24 (both late),MLP,0.10242232852382332
905,0.43736645299145305,0.4444444444444445,C13-16 vs C21-24 (both late),LR,0.10242232852382332
906,0.34219318911972585,0.22222222222222224,C13-16 vs C21-24 (both late),LR,0.10242232852382332
907,0.8942161339421613,1.0,C13-16 vs C21-24 (both late),LR,0.10242232852382332
908,0.4363395010765221,0.25,C13-16 vs C21-24 (both late),LR,0.10242232852382332
905,0.571764705882353,0.33333333333333337,C01-04 vs C05-08 (both early),MLP,-0.09680438889722925
906,0.6364424251178549,1.0,C01-04 vs C05-08 (both early),MLP,-0.09680438889722925
907,1.0,1.0,C01-04 vs C05-08 (both early),MLP,-0.09680438889722925
908,0.5056441844282363,0.5833333333333334,C01-04 vs C05-08 (both early),MLP,-0.09680438889722925
905,0.6875070028011204,0.6666666666666667,C01-04 vs C05-08 (both early),LR,-0.09680438889722925
906,0.8916260685724792,1.0,C01-04 vs C05-08 (both early),LR,-0.09680438889722925
907,1.0,1.0,C01-04 vs C05-08 (both early),LR,-0.09680438889722925
908,0.804541120074225,0.8333333333333334,C01-04 vs C05-08 (both early),LR,-0.09680438889722925
905,0.17610189374895255,0.0,"sick vs stable, nuisance features only",MLP,0.0011590494477983215
906,0.7391304347826088,1.0,"sick vs stable, nuisance features only",MLP,0.0011590494477983215
907,0.7400181805468148,0.7777777777777778,"sick vs stable, nuisance features only",MLP,0.0011590494477983215
908,0.6396839909041893,0.6666666666666667,"sick vs stable, nuisance features only",MLP,0.0011590494477983215
905,0.3048600636835931,0.0,"sick vs stable, nuisance features only",LR,0.0011590494477983215
906,0.8189801203294457,1.0,"sick vs stable, nuisance features only",LR,0.0011590494477983215
907,0.6048178449059507,0.7777777777777779,"sick vs stable, nuisance features only",LR,0.0011590494477983215
908,0.7081135569777528,0.8333333333333334,"sick vs stable, nuisance features only",LR,0.0011590494477983215
