feature,auc_segment_mean,auc_905,auc_906,auc_907,auc_908
pw_L_alpha,0.8408614506762282,0.7778280542986427,0.9897194260012852,0.8974197608558843,0.6984785615491009
pw_R_alpha,0.7994739638467452,0.28330819507290095,0.9734807920714967,0.9439200055940145,0.9971868626485688
pw_R_lbeta,0.7533739362807483,0.21525054466230936,0.9386670301213029,0.8942032025732466,0.9653749677661344
pw_R_delta,0.7222116098141109,0.19656443774090834,0.9333709768492378,0.7596846374379415,0.9992263872283563
pw_L_theta,0.7075124498711529,0.34374057315233786,0.9678537354699274,0.7906265296133137,0.7278289612490331
pw_R_theta,0.6978616205175234,0.049740237975532085,0.8768278198563056,0.9060205580029369,0.958857866235319
pw_R_hbeta,0.6785924764099408,0.17737556561085974,0.9154189139196636,0.9012481644640236,0.7203272616452164
pw_L_lbeta,0.6600121548329361,0.167353779118485,0.9960474308300395,0.8095587721138382,0.6670886372693814
pac_L,0.6127435331109791,0.4885704709234121,0.9333515060651493,0.495821970491574,0.5332301849637808
pw_L_delta,0.5958300547385615,0.19708396178984416,0.8237699332152105,0.6017236556884135,0.7607426682607779
coh_gamma,0.52248083950385,0.4989274342215519,0.4750287194065305,0.5729144815047899,0.543052722882528
coh_theta,0.48329296650170817,0.5080274844980728,0.464027726396542,0.4843367596671561,0.4767798954450618
coh_alpha,0.48287256825983993,0.44484665661136247,0.5039428337779162,0.4743199776239424,0.5083808050261387
coh_lbeta,0.4813192813522501,0.483308195072901,0.46334624895344534,0.4772043913013076,0.5014182900813465
pac_R,0.4764565825219602,0.48795039383274674,0.4864775404505539,0.48816516327529547,0.44323323252924485
coh_hbeta,0.46759075775873105,0.48590581531758004,0.4485289822621157,0.46690790853786446,0.469020324917364
coh_delta,0.4395189846240803,0.5419976537623596,0.384216982417882,0.33452206139430807,0.49733924092177134
pw_L_hbeta,0.3403792311326382,0.015987933634992454,0.004536692692614732,0.6769981120201385,0.663994186182807
pw_L_gamma,0.3233968305346836,0.0029160382101558547,0.05105239587998209,0.5917767988252569,0.6478420892233396
pw_R_gamma,0.21374724150149887,0.03403720462543992,0.0765201814677077,0.25419551080344027,0.49023606910940765
