model,n,R2,r,MAE,mean_pt_r,norm
M0_persistence,66,0.20134999912077645,0.6299045700886887,0.15365011531237124,0.4565729965125786,raw
M1_time,66,-0.09305300052464838,-0.25050721453393365,0.19487415059022964,-0.17776761022839704,raw
M2_ENR,66,-0.014580273058178106,0.10935855187550828,0.18022915663154987,0.24743074583391472,raw
M3_ENR+time,66,-0.08192333260399787,-0.15402256389020486,0.19165824699756429,0.017028179117507144,raw
M4_mixed,66,-1.4144138764478424,0.2241677513907484,0.2515733498780321,0.17465700762324318,raw
M5_SVR,66,-0.09835009518859938,0.1573520928332894,0.17675194386776594,0.30113435657132326,raw
M6_SVR+time,66,0.012198913546040191,0.21654681472105286,0.17665235260121998,0.24179379259551848,raw
M0_persistence,66,0.20134999912077645,0.6299045700886887,0.15365011531237124,0.4565729965125786,baseline
M1_time,66,-0.09305300052464838,-0.25050721453393365,0.19487415059022964,-0.17776761022839704,baseline
M2_ENR,66,0.15511634855831902,0.461471599673109,0.15787237937906762,0.3394274201122302,baseline
M3_ENR+time,66,0.22571238994217913,0.5512598722026567,0.15215553917117555,0.4769759167099514,baseline
M4_mixed,66,0.07952522426087716,0.6077966631302252,0.14747551589612576,0.48643517897837407,baseline
M5_SVR,66,0.05937483690431944,0.36377841504323716,0.1657507000235067,0.43783321061659697,baseline
M6_SVR+time,66,-0.028884062402202648,0.3751186448288487,0.17562915769071585,0.344505011331708,baseline
