draw,norm,model,R2,gain
0,raw,M2_ENR,-0.011717770103539138,-0.2639347418768766
0,raw,M3_ENR+time,-0.004974323519542745,-0.2571912952928802
0,raw,M4_mixed,-0.2501827786008659,-0.5023997503742034
0,raw,M5_SVR,-0.008214171468944098,-0.26043114324228156
0,raw,M6_SVR+time,-0.07986892718409311,-0.33208589895743057
0,baseline,M2_ENR,0.06797099851916821,-0.18424597325416925
0,baseline,M3_ENR+time,0.02172679086017404,-0.23049018091316342
0,baseline,M4_mixed,-0.44215969646468567,-0.6943766682380231
0,baseline,M5_SVR,0.21606628375799308,-0.03615068801534438
0,baseline,M6_SVR+time,0.1229454242099608,-0.12927154756337667
1,raw,M2_ENR,-0.0462992379489604,-0.22982107918445283
1,raw,M3_ENR+time,-0.040357995828486315,-0.22387983706397874
1,raw,M4_mixed,-1.0451576252515502,-1.2286794664870426
1,raw,M5_SVR,-0.12278630680802971,-0.30630814804352213
1,raw,M6_SVR+time,-0.1967948708685361,-0.3803167121040285
1,baseline,M2_ENR,-0.21538356591371222,-0.39890540714920464
1,baseline,M3_ENR+time,0.0011629629815571585,-0.18235887825393526
1,baseline,M4_mixed,-2.9622788090473273,-3.14580065028282
1,baseline,M5_SVR,-0.03203266442408603,-0.21555450565957845
1,baseline,M6_SVR+time,-0.06740458783572811,-0.25092642907122054
2,raw,M2_ENR,-0.025189436525833164,-0.23768121944642417
2,raw,M3_ENR+time,-0.0237538219347202,-0.2362456048553112
2,raw,M4_mixed,-1.4966917573725125,-1.7091835402931035
2,raw,M5_SVR,0.08566010013670178,-0.12683168278388923
2,raw,M6_SVR+time,0.03018730293368077,-0.18230447998691024
2,baseline,M2_ENR,-0.05532385706541332,-0.26781563998600433
2,baseline,M3_ENR+time,-0.047597667782104836,-0.26008945070269585
2,baseline,M4_mixed,-0.6836717914911763,-0.8961635744117673
2,baseline,M5_SVR,-0.07105140420136813,-0.28354318712195914
2,baseline,M6_SVR+time,-0.06964697349344706,-0.28213875641403807
3,raw,M2_ENR,-0.006667273604356039,-0.2316822682572357
3,raw,M3_ENR+time,0.0007358605634419924,-0.22427913408943767
3,raw,M4_mixed,-0.35370589842229516,-0.5787208930751748
3,raw,M5_SVR,-0.09708303233593729,-0.32209802698881695
3,raw,M6_SVR+time,-0.06313509529145112,-0.2881500899443308
3,baseline,M2_ENR,-0.07812028846379859,-0.30313528311667826
3,baseline,M3_ENR+time,-0.02270668992486269,-0.24772168457774235
3,baseline,M4_mixed,-0.7989270835554623,-1.023942078208342
3,baseline,M5_SVR,-0.022997911356692047,-0.2480129060095717
3,baseline,M6_SVR+time,5.6524441192085106e-05,-0.22495847021168758
4,raw,M2_ENR,-0.04391328990247789,-0.211687017548004
4,raw,M3_ENR+time,-0.036584120596430125,-0.20435784824195624
4,raw,M4_mixed,-1.621574591266508,-1.789348318912034
4,raw,M5_SVR,-0.004093984661327266,-0.17186771230685338
4,raw,M6_SVR+time,0.04107876349396,-0.12669496415156611
4,baseline,M2_ENR,0.03374973278046389,-0.13402399486506222
4,baseline,M3_ENR+time,0.005101406320278445,-0.16267232132524767
4,baseline,M4_mixed,-1.319879642671518,-1.487653370317044
4,baseline,M5_SVR,-0.09624863891387103,-0.26402236655939715
4,baseline,M6_SVR+time,-0.07893007067370794,-0.24670379831923406
5,raw,M2_ENR,-0.038373952959946944,-0.2250156332258011
5,raw,M3_ENR+time,-0.04478149222031358,-0.23142317248616773
5,raw,M4_mixed,-1.3657942648491876,-1.5524359451150418
5,raw,M5_SVR,-0.025923738744028757,-0.2125654190098829
5,raw,M6_SVR+time,-0.07641816889190278,-0.26305984915775693
5,baseline,M2_ENR,-0.8422070148714034,-1.0288486951372575
5,baseline,M3_ENR+time,-0.7585987335378885,-0.9452404138037427
5,baseline,M4_mixed,-0.8501481167706757,-1.0367897970365298
5,baseline,M5_SVR,0.02823594798248652,-0.15840573228336763
5,baseline,M6_SVR+time,0.05592587978988517,-0.13071580047596898
6,raw,M2_ENR,-0.029304292765112816,-0.20853199218203755
6,raw,M3_ENR+time,-0.02672079015470441,-0.20594848957162915
6,raw,M4_mixed,-1.3215906633192813,-1.5008183627362062
6,raw,M5_SVR,-0.008358006667989804,-0.18758570608491454
6,raw,M6_SVR+time,-0.03986206967098482,-0.21908976908790956
6,baseline,M2_ENR,0.03493177463804764,-0.1442959247788771
6,baseline,M3_ENR+time,-0.05017656237731716,-0.2294042617942419
6,baseline,M4_mixed,-0.9682727862210503,-1.1475004856379751
6,baseline,M5_SVR,0.011242029373856544,-0.1679856700430682
6,baseline,M6_SVR+time,-0.0830206758094556,-0.26224837522638034
7,raw,M2_ENR,-0.026902906834006757,-0.28684202729257824
7,raw,M3_ENR+time,-0.031009406344459922,-0.2909485268030314
7,raw,M4_mixed,-0.6063278390946276,-0.8662669595531991
7,raw,M5_SVR,0.006910615606828374,-0.2530285048517431
7,raw,M6_SVR+time,0.044945683111594414,-0.21499343734697707
7,baseline,M2_ENR,-0.023588822073449256,-0.28352794253202074
7,baseline,M3_ENR+time,-0.027533344185873165,-0.28747246464444465
7,baseline,M4_mixed,-0.3671632209597371,-0.6271023414183086
7,baseline,M5_SVR,-0.04380200611422058,-0.30374112657279206
7,baseline,M6_SVR+time,-0.004763558174632587,-0.26470267863320407
8,raw,M2_ENR,-0.06341948325698454,-0.27819322072045505
8,raw,M3_ENR+time,-0.03409446946240702,-0.24886820692587752
8,raw,M4_mixed,-0.856739076931218,-1.0715128143946884
8,raw,M5_SVR,-0.14820342092685967,-0.3629771583903302
8,raw,M6_SVR+time,-0.07637835766490886,-0.29115209512837936
8,baseline,M2_ENR,-0.022853717794106165,-0.23762745525757667
8,baseline,M3_ENR+time,0.030505703464511535,-0.18426803399895897
8,baseline,M4_mixed,-1.378138566683337,-1.5929123041468074
8,baseline,M5_SVR,0.10445369238242819,-0.11032004508104232
8,baseline,M6_SVR+time,0.2100322080474184,-0.004741529416052104
9,raw,M2_ENR,-0.02775685622747992,-0.15889193953648306
9,raw,M3_ENR+time,-0.04617944798325824,-0.17731453129226138
9,raw,M4_mixed,-0.8447520772252208,-0.975887160534224
9,raw,M5_SVR,-0.19377798771221477,-0.3249130710212179
9,raw,M6_SVR+time,-0.19737043701606716,-0.3285055203250703
9,baseline,M2_ENR,-0.02915872159724442,-0.16029380490624756
9,baseline,M3_ENR+time,-0.21508534960865355,-0.3462204329176567
9,baseline,M4_mixed,-3.5086772961110944,-3.6398123794200976
9,baseline,M5_SVR,-0.1424922931065653,-0.27362737641556845
9,baseline,M6_SVR+time,-0.023322264418572214,-0.15445734772757536
10,raw,M2_ENR,-0.04051522880063141,-0.24880616919080312
10,raw,M3_ENR+time,-0.031566656836427454,-0.23985759722659916
10,raw,M4_mixed,-0.9838715986709483,-1.19216253906112
10,raw,M5_SVR,-0.0590199051249487,-0.2673108455151204
10,raw,M6_SVR+time,0.1187138932299765,-0.08957704716019521
10,baseline,M2_ENR,0.007337706535344823,-0.20095323385482688
10,baseline,M3_ENR+time,0.013246989557401445,-0.19504395083277026
10,baseline,M4_mixed,-1.1561921708702738,-1.3644831112604456
10,baseline,M5_SVR,-0.17963417877366195,-0.38792511916383365
10,baseline,M6_SVR+time,-0.10215179183981893,-0.31044273222999064
11,raw,M2_ENR,-0.025572433568750386,-0.3924481032518824
11,raw,M3_ENR+time,-0.020043063587844134,-0.38691873327097615
11,raw,M4_mixed,-0.698035246810268,-1.0649109164934
11,raw,M5_SVR,-0.06521542537059188,-0.4320910950537239
11,raw,M6_SVR+time,-0.08145871920072967,-0.4483343888838617
11,baseline,M2_ENR,0.0071646055789770235,-0.359711064104155
11,baseline,M3_ENR+time,-0.01484394645998699,-0.381719616143119
11,baseline,M4_mixed,-1.0061154031487436,-1.3729910728318755
11,baseline,M5_SVR,0.0302096164147726,-0.3366660532683594
11,baseline,M6_SVR+time,0.056031869880157736,-0.3108437998029743
12,raw,M2_ENR,-0.09072479475909523,-0.30641444333932444
12,raw,M3_ENR+time,-0.06953596899666259,-0.2852256175768918
12,raw,M4_mixed,-1.6261587530477444,-1.8418484016279737
12,raw,M5_SVR,-0.1486026046525255,-0.3642922532327547
12,raw,M6_SVR+time,-0.02223120324635297,-0.23792085182658218
12,baseline,M2_ENR,-0.05736727559463839,-0.2730569241748676
12,baseline,M3_ENR+time,-0.025772472107465028,-0.24146212068769424
12,baseline,M4_mixed,-0.9646748895576924,-1.1803645381379217
12,baseline,M5_SVR,-0.06150820675067159,-0.2771978553309008
12,baseline,M6_SVR+time,0.021078892137530225,-0.19461075644269898
13,raw,M2_ENR,-0.01761008727461344,-0.16093505833432897
13,raw,M3_ENR+time,-0.03688806902805908,-0.1802130400877746
13,raw,M4_mixed,-0.5638969056475502,-0.7072218767072658
13,raw,M5_SVR,0.03142577629239529,-0.11189919476732024
13,raw,M6_SVR+time,-0.16999354539708822,-0.31331851645680375
13,baseline,M2_ENR,0.13422686646719106,-0.00909810459252447
13,baseline,M3_ENR+time,0.13683897306026716,-0.0064859979994483785
13,baseline,M4_mixed,-1.054637906753142,-1.1979628778128575
13,baseline,M5_SVR,-0.12049936083525847,-0.263824331894974
13,baseline,M6_SVR+time,0.015438812421238901,-0.12788615863847663
14,raw,M2_ENR,-0.026852385503199905,-0.293557310611575
14,raw,M3_ENR+time,-0.11528152730003871,-0.3819864524084138
14,raw,M4_mixed,-0.956726804844654,-1.223431729953029
14,raw,M5_SVR,-0.028542834597053757,-0.2952477597054288
14,raw,M6_SVR+time,-0.1265235712104813,-0.39322849631885637
14,baseline,M2_ENR,-0.026732114170378685,-0.29343703927875375
14,baseline,M3_ENR+time,-0.0290413714797344,-0.29574629658810947
14,baseline,M4_mixed,-1.77634887495915,-2.043053800067525
14,baseline,M5_SVR,0.029648090155516615,-0.23705683495285845
14,baseline,M6_SVR+time,0.11569623341757784,-0.15100869169079723
15,raw,M2_ENR,-0.12828724814111236,-0.3710868303701109
15,raw,M3_ENR+time,-0.09011631842423284,-0.3329159006532314
15,raw,M4_mixed,-0.6119435671341977,-0.8547431493631963
15,raw,M5_SVR,0.023231642507889005,-0.21956793972110955
15,raw,M6_SVR+time,-0.07167675770766047,-0.314476339936659
15,baseline,M2_ENR,-0.03065207320052621,-0.27345165542952476
15,baseline,M3_ENR+time,-0.025586481321562937,-0.2683860635505615
15,baseline,M4_mixed,-2.831217849223118,-3.0740174314521167
15,baseline,M5_SVR,0.025692959209860367,-0.2171066230191382
15,baseline,M6_SVR+time,-0.0010991831283642117,-0.24389876535736277
16,raw,M2_ENR,-0.0225400176708892,-0.3451692314030037
16,raw,M3_ENR+time,-0.030959750792355356,-0.35358896452446986
16,raw,M4_mixed,-2.482434131820942,-2.805063345553057
16,raw,M5_SVR,-0.09911735247299802,-0.4217465662051125
16,raw,M6_SVR+time,-0.1248653371308972,-0.4474945508630117
16,baseline,M2_ENR,-0.025782407027394427,-0.34841162075950893
16,baseline,M3_ENR+time,-0.02581184963126959,-0.3484410633633841
16,baseline,M4_mixed,-0.9214813135246922,-1.2441105272568067
16,baseline,M5_SVR,-0.09575642949391883,-0.41838564322603333
16,baseline,M6_SVR+time,-0.05291532755576256,-0.37554454128787707
17,raw,M2_ENR,-0.0028448459133603166,-0.16769989012051434
17,raw,M3_ENR+time,0.062219345514738955,-0.10263569869241507
17,raw,M4_mixed,-0.4853208783078393,-0.6501759225149933
17,raw,M5_SVR,-0.15891608624901088,-0.3237711304561649
17,raw,M6_SVR+time,-0.05897238069762123,-0.22382742490477525
17,baseline,M2_ENR,0.09578440479026518,-0.06907063941688885
17,baseline,M3_ENR+time,-0.06403385471182821,-0.22888889891898223
17,baseline,M4_mixed,-0.8790042215437777,-1.0438592657509318
17,baseline,M5_SVR,-0.04858006600643994,-0.21343511021359396
17,baseline,M6_SVR+time,-0.03268427074908109,-0.1975393149562351
18,raw,M2_ENR,-0.0025988185065810576,-0.2147632464345649
18,raw,M3_ENR+time,0.014833873113848428,-0.19733055481413542
18,raw,M4_mixed,-0.9940162247964457,-1.2061806527244294
18,raw,M5_SVR,-0.07337536388546062,-0.28553979181344447
18,raw,M6_SVR+time,0.08089145011878152,-0.13127297780920233
18,baseline,M2_ENR,0.09904780785847722,-0.11311662006950662
18,baseline,M3_ENR+time,0.18375723222608087,-0.028407195701902976
18,baseline,M4_mixed,-0.36196086600754995,-0.5741252939355338
18,baseline,M5_SVR,0.08379542512044069,-0.12836900280754315
18,baseline,M6_SVR+time,0.14169788652582938,-0.07046654140215447
19,raw,M2_ENR,-0.04315250736555032,-0.23441585642474128
19,raw,M3_ENR+time,-0.04315250736555032,-0.23441585642474128
19,raw,M4_mixed,-1.4683838974838803,-1.6596472465430714
19,raw,M5_SVR,-0.10597046785497999,-0.29723381691417095
19,raw,M6_SVR+time,-0.08058770519384373,-0.2718510542530347
19,baseline,M2_ENR,-0.09680385595241225,-0.2880672050116032
19,baseline,M3_ENR+time,-0.08237560886711548,-0.27363895792630644
19,baseline,M4_mixed,-2.778481669272934,-2.9697450183321252
19,baseline,M5_SVR,0.06596751572350346,-0.1252958333356875
19,baseline,M6_SVR+time,0.12602247832136793,-0.06524087073782303
20,raw,M2_ENR,0.010734793656867914,-0.28752883494349535
20,raw,M3_ENR+time,0.1776152917554441,-0.12064833684491916
20,raw,M4_mixed,-0.6631978822260316,-0.9614615108263949
20,raw,M5_SVR,-0.17368712830685173,-0.471950756907215
20,raw,M6_SVR+time,0.2955749998289622,-0.0026886287714010804
20,baseline,M2_ENR,-0.04139978972627123,-0.3396634183266345
20,baseline,M3_ENR+time,0.20202356092739626,-0.096240067672967
20,baseline,M4_mixed,-0.24389917752695833,-0.5421628061273216
20,baseline,M5_SVR,-0.07211902115836133,-0.3703826497587246
20,baseline,M6_SVR+time,0.24261348589927278,-0.05565014270109048
21,raw,M2_ENR,-0.015614023211597994,-0.23113229104348432
21,raw,M3_ENR+time,-0.024128137168131225,-0.23964640500001755
21,raw,M4_mixed,-0.48585865135785555,-0.7013769191897419
21,raw,M5_SVR,0.026825234034045575,-0.18869303379784075
21,raw,M6_SVR+time,0.08428046848489112,-0.1312377993469952
21,baseline,M2_ENR,-0.013109825277148657,-0.22862809310903498
21,baseline,M3_ENR+time,-0.012621794731534353,-0.22814006256342068
21,baseline,M4_mixed,-1.4019153321702071,-1.6174336000020935
21,baseline,M5_SVR,0.17872427882854136,-0.03679398900334496
21,baseline,M6_SVR+time,0.2637292561939282,0.04821098836204185
22,raw,M2_ENR,-0.01892748512583986,-0.2697260135291496
22,raw,M3_ENR+time,-0.03383391756420129,-0.284632445967511
22,raw,M4_mixed,-3.4517280068124263,-3.702526535215736
22,raw,M5_SVR,-0.021918702224789532,-0.27271723062809927
22,raw,M6_SVR+time,-0.11047983274275541,-0.36127836114606515
22,baseline,M2_ENR,-0.043107294113825745,-0.2939058225171355
22,baseline,M3_ENR+time,-0.058585782734729586,-0.3093843111380393
22,baseline,M4_mixed,-2.1881500858659275,-2.438948614269237
22,baseline,M5_SVR,-0.026682954573956863,-0.2774814829772666
22,baseline,M6_SVR+time,0.055967134236349914,-0.19483139416695983
23,raw,M2_ENR,-0.019805272643195426,-0.2979122698180917
23,raw,M3_ENR+time,-0.05884177986847616,-0.33694877704337245
23,raw,M4_mixed,-1.0933791131229005,-1.3714861102977967
23,raw,M5_SVR,-0.08283023064343431,-0.3609372278183306
23,raw,M6_SVR+time,0.0259764160215592,-0.2521305811533371
23,baseline,M2_ENR,-0.02417691309771275,-0.30228391027260904
23,baseline,M3_ENR+time,-0.14196485028651873,-0.420071847461415
23,baseline,M4_mixed,-0.5362110105333566,-0.8143180077082529
23,baseline,M5_SVR,0.062007627318022895,-0.2160993698568734
23,baseline,M6_SVR+time,-0.009005952069907508,-0.2871129492448038
24,raw,M2_ENR,-0.01071957190098538,-0.26769907892590794
24,raw,M3_ENR+time,0.18474513800965486,-0.0722343690152677
24,raw,M4_mixed,-0.3537419134954427,-0.6107214205203653
24,raw,M5_SVR,-0.27723397747984646,-0.534213484504769
24,raw,M6_SVR+time,0.1281617577931793,-0.12881774923174327
24,baseline,M2_ENR,-0.016336160789564458,-0.273315667814487
24,baseline,M3_ENR+time,0.24595963223247463,-0.011019874792447926
24,baseline,M4_mixed,-0.39681295572170305,-0.6537924627466256
24,baseline,M5_SVR,-0.08040603598623375,-0.3373855430111563
24,baseline,M6_SVR+time,0.19347745578429065,-0.06350205124063191
25,raw,M2_ENR,-0.034088551912308196,-0.20524818938909561
25,raw,M3_ENR+time,-0.037870481817186,-0.20903011929397342
25,raw,M4_mixed,-1.5371329108542953,-1.7082925483310827
25,raw,M5_SVR,-0.08845325351871414,-0.25961289099550156
25,raw,M6_SVR+time,-0.08006703062724174,-0.25122666810402916
25,baseline,M2_ENR,-0.03496115261369237,-0.2061207900904798
25,baseline,M3_ENR+time,-0.039050098138872835,-0.21020973561566025
25,baseline,M4_mixed,-4.796306122187578,-4.967465759664365
25,baseline,M5_SVR,-0.07960252496737019,-0.2507621624441576
25,baseline,M6_SVR+time,-0.07152583892880426,-0.24268547640559168
26,raw,M2_ENR,0.010551952050961266,-0.2847504417710528
26,raw,M3_ENR+time,-0.010959971361795384,-0.30626236518380945
26,raw,M4_mixed,-0.7848420844531578,-1.080144478275172
26,raw,M5_SVR,0.01959363326140362,-0.27570876056061044
26,raw,M6_SVR+time,-0.005599827377806177,-0.30090222119982024
26,baseline,M2_ENR,-0.037047627800389726,-0.3323500216224038
26,baseline,M3_ENR+time,-0.023512981319840476,-0.31881537514185454
26,baseline,M4_mixed,-0.9837811609646703,-1.2790835547866843
26,baseline,M5_SVR,0.04554762793799927,-0.2497547658840148
26,baseline,M6_SVR+time,0.10287551670555595,-0.19242687711645812
27,raw,M2_ENR,-0.014805101440974466,-0.2828396415270773
27,raw,M3_ENR+time,-0.03006876961867233,-0.29810330970477517
27,raw,M4_mixed,-0.9257973908543642,-1.193831930940467
27,raw,M5_SVR,0.03501554849320876,-0.23301899159289408
27,raw,M6_SVR+time,-0.10606222348545802,-0.37409676357156085
27,baseline,M2_ENR,-0.06162341075078248,-0.3296579508368853
27,baseline,M3_ENR+time,-0.02425215508665257,-0.2922866951727554
27,baseline,M4_mixed,-0.41608046590542247,-0.6841150059915253
27,baseline,M5_SVR,0.08031737888842172,-0.18771716119768111
27,baseline,M6_SVR+time,0.15337857478387062,-0.11465596530223221
28,raw,M2_ENR,-0.03860653475261855,-0.2355415092441594
28,raw,M3_ENR+time,-0.039167885920543544,-0.2361028604120844
28,raw,M4_mixed,-3.1393145511166676,-3.3362495256082085
28,raw,M5_SVR,-0.14154977397039392,-0.33848474846193477
28,raw,M6_SVR+time,-0.11376696110936257,-0.3107019356009034
28,baseline,M2_ENR,-0.028138602059999185,-0.22507357655154003
28,baseline,M3_ENR+time,-0.029043268907071207,-0.22597824339861206
28,baseline,M4_mixed,-1.4393035642488385,-1.6362385387403795
28,baseline,M5_SVR,-0.14336229103165254,-0.3402972655231934
28,baseline,M6_SVR+time,-0.07634680779947134,-0.2732817822910122
29,raw,M2_ENR,-0.017907878848213432,-0.27422187063634484
29,raw,M3_ENR+time,-0.03402246315690194,-0.29033645494503335
29,raw,M4_mixed,-0.9524554043970119,-1.2087693961851433
29,raw,M5_SVR,-0.18045670496915767,-0.4367706967572891
29,raw,M6_SVR+time,-0.07880130465366708,-0.3351152964417985
29,baseline,M2_ENR,-0.034888380103847316,-0.29120237189197873
29,baseline,M3_ENR+time,-0.03033503977098939,-0.2866490315591208
29,baseline,M4_mixed,-0.8465642378143496,-1.102878229602481
29,baseline,M5_SVR,-0.004847346084273729,-0.26116133787240514
29,baseline,M6_SVR+time,0.07705397925766777,-0.17926001253046364
30,raw,M2_ENR,0.0812559626031879,-0.030117325579369414
30,raw,M3_ENR+time,0.04389776244237609,-0.06747552574018123
30,raw,M4_mixed,-0.9766444115146828,-1.0880176996972402
30,raw,M5_SVR,-0.025158892605489314,-0.13653218078804663
30,raw,M6_SVR+time,0.0648145222658072,-0.04655876591675012
30,baseline,M2_ENR,-0.1289308635904709,-0.24030415177302822
30,baseline,M3_ENR+time,-0.17733583442341283,-0.28870912260597015
30,baseline,M4_mixed,-1.476607225315722,-1.5879805134982794
30,baseline,M5_SVR,-0.09267732542687179,-0.2040506136094291
30,baseline,M6_SVR+time,-0.009064521172057916,-0.12043780935461523
31,raw,M2_ENR,-0.0832555005215112,-0.2870470737511487
31,raw,M3_ENR+time,-0.07417216626871292,-0.2779637394983504
31,raw,M4_mixed,-0.37462695734775364,-0.5784185305773911
31,raw,M5_SVR,-0.05117198627348429,-0.2549635595031218
31,raw,M6_SVR+time,-0.08505429850622637,-0.28884587173586385
31,baseline,M2_ENR,-0.20522160095684838,-0.40901317418648586
31,baseline,M3_ENR+time,-0.1913298813830966,-0.39512145461273407
31,baseline,M4_mixed,-0.655344700241979,-0.8591362734716165
31,baseline,M5_SVR,-0.0959657133538685,-0.299757286583506
31,baseline,M6_SVR+time,0.0025030812874814456,-0.20128849194215603
32,raw,M2_ENR,0.02671466011552326,-0.3982887887857256
32,raw,M3_ENR+time,-0.04626212360620818,-0.47126557250745704
32,raw,M4_mixed,-0.6366957424146658,-1.0616991913159146
32,raw,M5_SVR,0.023122410161069085,-0.4018810387401798
32,raw,M6_SVR+time,0.16495002247470614,-0.2600534264265427
32,baseline,M2_ENR,-0.08636752289442051,-0.5113709717956694
32,baseline,M3_ENR+time,-0.11784337230522923,-0.5428468212064781
32,baseline,M4_mixed,-0.3364993006848469,-0.7615027495860958
32,baseline,M5_SVR,0.09386189986309323,-0.3311415490381556
32,baseline,M6_SVR+time,0.1820897592803673,-0.24291368962088156
33,raw,M2_ENR,-0.018783817249379497,-0.3457757309830676
33,raw,M3_ENR+time,0.021260815888097806,-0.30573109784559027
33,raw,M4_mixed,-0.5509252638483626,-0.8779171775820507
33,raw,M5_SVR,-0.11822246401030401,-0.4452143777439921
33,raw,M6_SVR+time,-0.036204154542029965,-0.36319606827571804
33,baseline,M2_ENR,-0.013327650643984557,-0.34031956437767263
33,baseline,M3_ENR+time,-0.08819941757638694,-0.415191331310075
33,baseline,M4_mixed,-1.18478018126802,-1.5117720950017082
33,baseline,M5_SVR,-0.1324544944844963,-0.4594464082181844
33,baseline,M6_SVR+time,0.05593816732562895,-0.2710537464080591
34,raw,M2_ENR,-0.06818925345340521,-0.3190776419361715
34,raw,M3_ENR+time,-0.05610417360077413,-0.3069925620835404
34,raw,M4_mixed,-2.589054984336846,-2.8399433728196124
34,raw,M5_SVR,-0.08129133855207482,-0.3321797270348411
34,raw,M6_SVR+time,-0.019890551406109624,-0.2707789398888759
34,baseline,M2_ENR,-0.02017488026221481,-0.2710632687449811
34,baseline,M3_ENR+time,-0.052169800202453764,-0.30305818868522005
34,baseline,M4_mixed,-0.6978665564187216,-0.9487549449014879
34,baseline,M5_SVR,-0.008472156244348827,-0.2593605447271151
34,baseline,M6_SVR+time,-0.0075010077282233745,-0.25838939621098966
35,raw,M2_ENR,-0.02351786156298008,-0.2327249124824463
35,raw,M3_ENR+time,-0.010771806755952795,-0.21997885767541903
35,raw,M4_mixed,-0.5871484436761825,-0.7963554945956487
35,raw,M5_SVR,-0.24917280793450947,-0.4583798588539757
35,raw,M6_SVR+time,-0.17688929000437148,-0.3860963409238377
35,baseline,M2_ENR,-0.030577144630876907,-0.23978419555034314
35,baseline,M3_ENR+time,0.031207232354296677,-0.17799981856516955
35,baseline,M4_mixed,-0.8811917017932738,-1.0903987527127401
35,baseline,M5_SVR,-0.10397892612829573,-0.31318597704776197
35,baseline,M6_SVR+time,-0.000710343196832941,-0.20991739411629917
36,raw,M2_ENR,-0.017283751117584067,-0.2524746084436379
36,raw,M3_ENR+time,-0.03960535148345912,-0.27479620880951294
36,raw,M4_mixed,-0.4454438642556007,-0.6806347215816545
36,raw,M5_SVR,-0.24845322787500512,-0.48364408520105895
36,raw,M6_SVR+time,-0.03683381068770131,-0.27202466801375513
36,baseline,M2_ENR,-0.023375713674615994,-0.2585665710006698
36,baseline,M3_ENR+time,0.032422877235471215,-0.2027679800905826
36,baseline,M4_mixed,-0.7476862420103432,-0.982877099336397
36,baseline,M5_SVR,-0.15595695721440195,-0.3911478145404558
36,baseline,M6_SVR+time,0.039875878165973044,-0.19531497916008078
37,raw,M2_ENR,-0.034753535176614614,-0.25224797446756764
37,raw,M3_ENR+time,-0.030805470293353787,-0.2482999095843068
37,raw,M4_mixed,-0.5629932354843437,-0.7804876747752967
37,raw,M5_SVR,-0.032771209629147036,-0.25026564892010006
37,raw,M6_SVR+time,-0.037541633481549264,-0.2550360727725023
37,baseline,M2_ENR,-0.0358031215913337,-0.2532975608822867
37,baseline,M3_ENR+time,-0.03737603566107839,-0.2548704749520314
37,baseline,M4_mixed,-0.5724993369558311,-0.7899937762467841
37,baseline,M5_SVR,-0.08525972791790926,-0.3027541672088623
37,baseline,M6_SVR+time,-0.039008975739670326,-0.25650341503062335
38,raw,M2_ENR,-0.03522303607505384,-0.27349062105207345
38,raw,M3_ENR+time,0.06337373486735276,-0.17489385010966685
38,raw,M4_mixed,-0.5536256744116876,-0.7918932593887072
38,raw,M5_SVR,-0.044773803299480885,-0.2830413882765005
38,raw,M6_SVR+time,0.02388616327318871,-0.2143814217038309
38,baseline,M2_ENR,-0.08100255915134258,-0.3192701441283622
38,baseline,M3_ENR+time,-0.03277400609768355,-0.27104159107470316
38,baseline,M4_mixed,-1.7992251005898408,-2.0374926855668605
38,baseline,M5_SVR,-0.05326720240286931,-0.2915347873798889
38,baseline,M6_SVR+time,0.22634102239237164,-0.01192656258464797
39,raw,M2_ENR,-0.2963640061623489,-0.43126439684442186
39,raw,M3_ENR+time,-0.12371008401620132,-0.25861047469827425
39,raw,M4_mixed,-0.8823166856976472,-1.0172170763797201
39,raw,M5_SVR,-0.16888103589222214,-0.3037814265742951
39,raw,M6_SVR+time,-0.12768930529738243,-0.26258969597945536
39,baseline,M2_ENR,-0.04920006758018691,-0.18410045826225985
39,baseline,M3_ENR+time,-0.06046740475557688,-0.19536779543764982
39,baseline,M4_mixed,-2.626565027359257,-2.76146541804133
39,baseline,M5_SVR,-0.046509950821313595,-0.18141034150338653
39,baseline,M6_SVR+time,0.08593937951846098,-0.048961011163611956
40,raw,M2_ENR,-0.04049489502193371,-0.27008132674579266
40,raw,M3_ENR+time,-0.03928511128893852,-0.2688715430127975
40,raw,M4_mixed,-0.9751069841506748,-1.2046934158745337
40,raw,M5_SVR,-0.11069770675610613,-0.3402841384799651
40,raw,M6_SVR+time,-0.05910162868906532,-0.2886880604129243
40,baseline,M2_ENR,-0.03241170814655314,-0.2619981398704121
40,baseline,M3_ENR+time,0.027364285477028405,-0.20222214624683055
40,baseline,M4_mixed,-0.46053838736716357,-0.6901248190910225
40,baseline,M5_SVR,-0.011323678370711798,-0.24091011009457075
40,baseline,M6_SVR+time,0.01905702916190899,-0.21052940256194996
41,raw,M2_ENR,-0.03774440887965547,-0.22293804242564053
41,raw,M3_ENR+time,-0.04152796165859329,-0.22672159520457835
41,raw,M4_mixed,-0.8512219890386192,-1.0364156225846042
41,raw,M5_SVR,-0.16025842124918266,-0.3454520547951677
41,raw,M6_SVR+time,-0.14175042259205073,-0.3269440561380358
41,baseline,M2_ENR,0.005504366222161106,-0.17968926732382395
41,baseline,M3_ENR+time,-0.019188989188919203,-0.20438262273490426
41,baseline,M4_mixed,-1.3118462754164186,-1.4970399089624036
41,baseline,M5_SVR,-0.05635470505202633,-0.2415483385980114
41,baseline,M6_SVR+time,-0.06139097496249102,-0.24658460850847608
42,raw,M2_ENR,-0.01728428023585349,-0.18986194399813827
42,raw,M3_ENR+time,-0.061329032326752575,-0.23390669608903736
42,raw,M4_mixed,-1.6180319346719365,-1.7906095984342212
42,raw,M5_SVR,-0.023645515633740954,-0.19622317939602574
42,raw,M6_SVR+time,0.09531219355286036,-0.07726547020942443
42,baseline,M2_ENR,0.17124691538751757,-0.00133074837476721
42,baseline,M3_ENR+time,0.17496917113601096,0.002391507373726176
42,baseline,M4_mixed,-2.336975866175713,-2.509553529937998
42,baseline,M5_SVR,0.0004054250074621013,-0.17217223875482268
42,baseline,M6_SVR+time,-0.020334103022591643,-0.19291176678487643
43,raw,M2_ENR,-0.03909624442024029,-0.1794218849060627
43,raw,M3_ENR+time,-0.12276967079429757,-0.26309531128012
43,raw,M4_mixed,-1.1023640787769042,-1.2426897192627266
43,raw,M5_SVR,-0.13744701017410987,-0.2777726506599323
43,raw,M6_SVR+time,-0.049125046960934116,-0.18945068744675653
43,baseline,M2_ENR,-0.020094745926585,-0.1604203864124074
43,baseline,M3_ENR+time,-0.011353743705237118,-0.15167938419105953
43,baseline,M4_mixed,-1.9118115423472277,-2.05213718283305
43,baseline,M5_SVR,0.09760326294317845,-0.04272237754264396
43,baseline,M6_SVR+time,0.042257858791999614,-0.0980677816938228
44,raw,M2_ENR,-0.02542111612999265,-0.2274701108190732
44,raw,M3_ENR+time,-0.028700178164950296,-0.23074917285403085
44,raw,M4_mixed,-0.6585614881128397,-0.8606104828019202
44,raw,M5_SVR,-0.16619756062400448,-0.36824655531308503
44,raw,M6_SVR+time,-0.10035321822919907,-0.3024022129182796
44,baseline,M2_ENR,-0.06180768003947357,-0.2638566747285541
44,baseline,M3_ENR+time,-0.06276890094475851,-0.26481789563383906
44,baseline,M4_mixed,-1.5025489238616467,-1.7045979185507272
44,baseline,M5_SVR,-0.027115132454437862,-0.22916412714351841
44,baseline,M6_SVR+time,-0.010458141787178521,-0.21250713647625907
45,raw,M2_ENR,-0.017893758100738788,-0.30607944179830915
45,raw,M3_ENR+time,-0.02839068411891743,-0.3165763678164878
45,raw,M4_mixed,-1.2302992237843884,-1.5184849074819589
45,raw,M5_SVR,0.09466101892061807,-0.1935246647769523
45,raw,M6_SVR+time,-0.10455742025941728,-0.39274310395698764
45,baseline,M2_ENR,0.021571963650684145,-0.2666137200468862
45,baseline,M3_ENR+time,0.037476223421448074,-0.2507094602761223
45,baseline,M4_mixed,-0.6405946716515636,-0.928780355349134
45,baseline,M5_SVR,-0.0736882950970934,-0.36187397879466376
45,baseline,M6_SVR+time,-0.06297419648703162,-0.351159880184602
46,raw,M2_ENR,-0.03297901162027794,-0.25782024968226314
46,raw,M3_ENR+time,-0.02880426771618394,-0.25364550577816913
46,raw,M4_mixed,-1.267285444219898,-1.4921266822818833
46,raw,M5_SVR,-0.13606039022978655,-0.36090162829177175
46,raw,M6_SVR+time,-0.15153384954584093,-0.3763750876078261
46,baseline,M2_ENR,-0.01938894145017178,-0.24423017951215698
46,baseline,M3_ENR+time,-0.02109353568287875,-0.24593477374486394
46,baseline,M4_mixed,-3.3792456380520823,-3.6040868761140676
46,baseline,M5_SVR,0.0028426774133336608,-0.22199856064865153
46,baseline,M6_SVR+time,0.004782839929193039,-0.22005839813279215
47,raw,M2_ENR,0.07606751281145996,-0.04254940490712522
47,raw,M3_ENR+time,0.01014465766174677,-0.10847226005683841
47,raw,M4_mixed,-0.8706703217889606,-0.9892872395075458
47,raw,M5_SVR,-0.07306046434866653,-0.1916773820672517
47,raw,M6_SVR+time,-0.20140678268433065,-0.32002370040291583
47,baseline,M2_ENR,-0.08912927645595814,-0.20774619417454332
47,baseline,M3_ENR+time,-0.1257046975259759,-0.24432161524456109
47,baseline,M4_mixed,-1.7259714865838407,-1.8445884043024259
47,baseline,M5_SVR,-0.07351966545188593,-0.1921365831704711
47,baseline,M6_SVR+time,-0.05176266839062271,-0.1703795861092079
48,raw,M2_ENR,-0.05110573945711083,-0.2389919689086989
48,raw,M3_ENR+time,-0.015395035734710127,-0.2032812651862982
48,raw,M4_mixed,-0.6753460296592488,-0.8632322591108369
48,raw,M5_SVR,-0.2397933600390063,-0.42767958949059437
48,raw,M6_SVR+time,0.03296174004021912,-0.15492448941136894
48,baseline,M2_ENR,-0.0651129446278722,-0.25299917407946027
48,baseline,M3_ENR+time,-0.05037536806246656,-0.23826159751405462
48,baseline,M4_mixed,-0.6812938377965674,-0.8691800672481554
48,baseline,M5_SVR,0.04313911902696432,-0.14474711042462374
48,baseline,M6_SVR+time,0.0752594632515804,-0.11262676620000767
49,raw,M2_ENR,-0.017021834938722114,-0.33110618262873404
49,raw,M3_ENR+time,-0.006838489856794583,-0.3209228375468065
49,raw,M4_mixed,-0.7520466906912366,-1.0661310383812486
49,raw,M5_SVR,-0.13855664696902115,-0.45264099465903307
49,raw,M6_SVR+time,-0.11304029141805239,-0.4271246391080643
49,baseline,M2_ENR,-0.03225463982817489,-0.3463389875181868
49,baseline,M3_ENR+time,-0.021705403032115544,-0.33578975072212747
49,baseline,M4_mixed,-2.0832807104000617,-2.397365058090074
49,baseline,M5_SVR,-0.18285309953211026,-0.4969374472221222
49,baseline,M6_SVR+time,-0.06762086833780834,-0.38170521602782026
50,raw,M2_ENR,-0.025228081855773965,-0.2528292507753529
50,raw,M3_ENR+time,-0.025005839261790674,-0.2526070081813696
50,raw,M4_mixed,-1.4963935639749888,-1.7239947328945677
50,raw,M5_SVR,-0.0990647046940365,-0.32666587361361543
50,raw,M6_SVR+time,-0.060596324777058896,-0.28819749369663783
50,baseline,M2_ENR,-0.03660678823508179,-0.2642079571546607
50,baseline,M3_ENR+time,-0.11820751322431855,-0.3458086821438975
50,baseline,M4_mixed,-2.2008038826686804,-2.4284050515882596
50,baseline,M5_SVR,-0.05483192462451303,-0.28243309354409196
50,baseline,M6_SVR+time,-0.058757585265672985,-0.2863587541852519
51,raw,M2_ENR,-0.06875018586639792,-0.4555502797658737
51,raw,M3_ENR+time,-0.15099120877067884,-0.5377913026701546
51,raw,M4_mixed,-1.1546526016495906,-1.5414526955490664
51,raw,M5_SVR,-0.1366193140867431,-0.5234194079862189
51,raw,M6_SVR+time,0.12998987510223936,-0.2568102187972364
51,baseline,M2_ENR,-0.06792463056719078,-0.45472472446666656
51,baseline,M3_ENR+time,-0.5261384382317451,-0.9129385321312209
51,baseline,M4_mixed,-1.7845804481890797,-2.1713805420885555
51,baseline,M5_SVR,0.22297712993559826,-0.16382296396387752
51,baseline,M6_SVR+time,0.20847413023879324,-0.17832596366068254
52,raw,M2_ENR,-0.03508567954414654,-0.21019081905831216
52,raw,M3_ENR+time,-0.04892688966000436,-0.22403202917416998
52,raw,M4_mixed,-1.018176432486054,-1.1932815720002197
52,raw,M5_SVR,0.006285059626407352,-0.16882007988775827
52,raw,M6_SVR+time,-0.07600026384173031,-0.25110540335589593
52,baseline,M2_ENR,-0.041235227277409914,-0.21634036679157553
52,baseline,M3_ENR+time,-0.07099839853814882,-0.24610353805231444
52,baseline,M4_mixed,-2.931732531645024,-3.106837671159189
52,baseline,M5_SVR,-0.04048937657291973,-0.21559451608708535
52,baseline,M6_SVR+time,-0.01447869695548909,-0.1895838364696547
53,raw,M2_ENR,-0.03663451461259504,-0.2030659234709301
53,raw,M3_ENR+time,-0.05205531848420253,-0.2184867273425376
53,raw,M4_mixed,-1.0057385427140155,-1.1721699515723505
53,raw,M5_SVR,-0.013562917207599723,-0.1799943260659348
53,raw,M6_SVR+time,0.08500755976017182,-0.08142384909816325
53,baseline,M2_ENR,-0.080854728350368,-0.24728613720870307
53,baseline,M3_ENR+time,-0.005377353316875277,-0.17180876217521035
53,baseline,M4_mixed,-0.7016374981486027,-0.8680689070069377
53,baseline,M5_SVR,-0.043935962306658416,-0.2103673711649935
53,baseline,M6_SVR+time,-0.037459376818414825,-0.2038907856767499
54,raw,M2_ENR,-0.02064096469903931,-0.3766559023434646
54,raw,M3_ENR+time,-0.02064096469903931,-0.3766559023434646
54,raw,M4_mixed,-0.16895528955585482,-0.5249702272002801
54,raw,M5_SVR,-0.1623071567559402,-0.5183220944003655
54,raw,M6_SVR+time,-0.16932746155208034,-0.5253423991965056
54,baseline,M2_ENR,0.027262250904316998,-0.32875268674010827
54,baseline,M3_ENR+time,-0.005985362932030336,-0.3620003005764556
54,baseline,M4_mixed,-0.5139419141463144,-0.8699568517907397
54,baseline,M5_SVR,0.06424879550765938,-0.2917661421367659
54,baseline,M6_SVR+time,0.17527310921878658,-0.18074182842563868
55,raw,M2_ENR,-0.06653693823663942,-0.3310072708027003
55,raw,M3_ENR+time,-0.020897188316379323,-0.2853675208824402
55,raw,M4_mixed,-1.1304526499370917,-1.3949229825031526
55,raw,M5_SVR,-0.17899430486195045,-0.44346463742801134
55,raw,M6_SVR+time,0.2844190402362393,0.019948707670178423
55,baseline,M2_ENR,-0.06175235953651437,-0.32622269210257526
55,baseline,M3_ENR+time,-0.025613215167938463,-0.29008354773399936
55,baseline,M4_mixed,-1.5879269435890189,-1.8523972761550798
55,baseline,M5_SVR,-0.059598630332590385,-0.3240689628986513
55,baseline,M6_SVR+time,-0.033363801277755734,-0.29783413384381663
56,raw,M2_ENR,-0.059515725675465925,-0.25968741120633
56,raw,M3_ENR+time,-0.061690504178330885,-0.26186218970919495
56,raw,M4_mixed,-1.0140764371668656,-1.2142481226977297
56,raw,M5_SVR,-0.3443221926289557,-0.5444938781598198
56,raw,M6_SVR+time,-0.19319900736758266,-0.3933706928984467
56,baseline,M2_ENR,-0.04485927710651083,-0.2450309626373749
56,baseline,M3_ENR+time,-0.04030868106834662,-0.24048036659921068
56,baseline,M4_mixed,-0.8458274351051633,-1.0459991206360275
56,baseline,M5_SVR,-0.14840782969039612,-0.3485795152212602
56,baseline,M6_SVR+time,-0.14476741422881712,-0.3449390997596812
57,raw,M2_ENR,-0.0767003965048556,-0.34038978373373074
57,raw,M3_ENR+time,-0.02009824321158571,-0.28378763044046085
57,raw,M4_mixed,-0.8632979555760116,-1.1269873428048869
57,raw,M5_SVR,-0.05852739952164199,-0.3222167867505171
57,raw,M6_SVR+time,0.09118293889782081,-0.17250644833105433
57,baseline,M2_ENR,-0.027165665763033475,-0.2908550529919086
57,baseline,M3_ENR+time,-0.0362201122966368,-0.29990949952551194
57,baseline,M4_mixed,-1.0198963575693987,-1.2835857447982737
57,baseline,M5_SVR,0.12004194268847879,-0.14364744454039635
57,baseline,M6_SVR+time,0.09500903821699425,-0.1686803490118809
58,raw,M2_ENR,-0.030173758810849716,-0.23407566922891965
58,raw,M3_ENR+time,-0.0529969695522543,-0.25689887997032423
58,raw,M4_mixed,-1.4630606381383973,-1.6669625485564672
58,raw,M5_SVR,-0.07714828122977213,-0.28105019164784206
58,raw,M6_SVR+time,-0.006499597933441237,-0.21040150835151117
58,baseline,M2_ENR,-0.039123837713838094,-0.24302574813190803
58,baseline,M3_ENR+time,-0.02590561802450475,-0.22980752844257468
58,baseline,M4_mixed,-0.8262906186198709,-1.0301925290379408
58,baseline,M5_SVR,0.12602280503835783,-0.0778791053797121
58,baseline,M6_SVR+time,0.164713028957997,-0.03918888146007293
59,raw,M2_ENR,0.008308700827322935,-0.32894425254613435
59,raw,M3_ENR+time,-0.02824784584373985,-0.36550079921719714
59,raw,M4_mixed,-0.6607069597929729,-0.9979599131664302
59,raw,M5_SVR,-0.09934241722319359,-0.4365953705966509
59,raw,M6_SVR+time,-0.09498558866050066,-0.43223854203395795
59,baseline,M2_ENR,-0.04568715978267868,-0.38294011315613596
59,baseline,M3_ENR+time,-0.06389836461910137,-0.40115131799255865
59,baseline,M4_mixed,-0.8999967796298487,-1.2372497330033059
59,baseline,M5_SVR,-0.07409902385484335,-0.41135197722830064
59,baseline,M6_SVR+time,-0.08401500514850047,-0.42126795852195775
60,raw,M2_ENR,-0.026526284175517834,-0.19099271723483047
60,raw,M3_ENR+time,-0.014468241488325706,-0.17893467454763834
60,raw,M4_mixed,-0.389023324174395,-0.5534897572337076
60,raw,M5_SVR,-0.21525732517121798,-0.3797237582305306
60,raw,M6_SVR+time,-0.1162775098131088,-0.28074394287242144
60,baseline,M2_ENR,0.027599677150912383,-0.13686675590840025
60,baseline,M3_ENR+time,-0.027660819316688068,-0.1921272523760007
60,baseline,M4_mixed,-0.5946494219391207,-0.7591158549984334
60,baseline,M5_SVR,-0.03974463960823038,-0.20421107266754301
60,baseline,M6_SVR+time,-0.04997843240658861,-0.21444486546590125
61,raw,M2_ENR,-0.034841408707556365,-0.2763815971237723
61,raw,M3_ENR+time,-0.027327110479814953,-0.2688672988960309
61,raw,M4_mixed,-0.7712124958615829,-1.0127526842777987
61,raw,M5_SVR,-0.018769337068424097,-0.26030952548464004
61,raw,M6_SVR+time,-0.06526901843348143,-0.30680920684969737
61,baseline,M2_ENR,-0.08926766102238703,-0.330807849438603
61,baseline,M3_ENR+time,-0.05184081494080428,-0.2933810033570202
61,baseline,M4_mixed,-2.2115023796886644,-2.4530425681048804
61,baseline,M5_SVR,-0.15442148142431145,-0.3959616698405274
61,baseline,M6_SVR+time,-0.06903321484641967,-0.3105734032626356
62,raw,M2_ENR,-0.026690255605749336,-0.28450200477937027
62,raw,M3_ENR+time,-0.018437129135133068,-0.276248878308754
62,raw,M4_mixed,-2.3283305499589426,-2.5861422991325638
62,raw,M5_SVR,0.03458979776485094,-0.22322195140877
62,raw,M6_SVR+time,-0.08739306643687605,-0.345204815610497
62,baseline,M2_ENR,-0.01570392673481158,-0.2735156759084325
62,baseline,M3_ENR+time,-0.016597230026708543,-0.2744089792003295
62,baseline,M4_mixed,-1.4488977244742025,-1.7067094736478234
62,baseline,M5_SVR,-0.07231706676186533,-0.33012881593548626
62,baseline,M6_SVR+time,0.034321511127272,-0.22349023804634893
63,raw,M2_ENR,-0.024146369849733285,-0.2651168715502663
63,raw,M3_ENR+time,-0.026778951447017807,-0.26774945314755083
63,raw,M4_mixed,-1.8115545310514318,-2.052525032751965
63,raw,M5_SVR,-0.008491672551839802,-0.24946217425237283
63,raw,M6_SVR+time,0.01787543727824581,-0.22309506442228721
63,baseline,M2_ENR,-0.0228785830585283,-0.2638490847590613
63,baseline,M3_ENR+time,-0.061465762416188285,-0.3024362641167213
63,baseline,M4_mixed,-1.2049536327823938,-1.4459241344829268
63,baseline,M5_SVR,-0.045341490252251315,-0.28631199195278434
63,baseline,M6_SVR+time,0.014556762923121247,-0.22641373877741178
64,raw,M2_ENR,-0.03726658248271075,-0.2583664186072694
64,raw,M3_ENR+time,0.08925646955307087,-0.13184336657148776
64,raw,M4_mixed,-0.3907267786122224,-0.611826614736781
64,raw,M5_SVR,-0.08764614086565414,-0.3087459769902128
64,raw,M6_SVR+time,0.0108845236817805,-0.21021531244277813
64,baseline,M2_ENR,0.06342452131751752,-0.1576753148070411
64,baseline,M3_ENR+time,0.009910719583054228,-0.2111891165415044
64,baseline,M4_mixed,-1.5071024517237634,-1.728202287848322
64,baseline,M5_SVR,0.0024099087398100627,-0.21868992738474857
64,baseline,M6_SVR+time,0.06395041614559838,-0.15714941997896026
65,raw,M2_ENR,-0.037180645364085496,-0.16823403661341396
65,raw,M3_ENR+time,0.045192855934326315,-0.08586053531500215
65,raw,M4_mixed,-1.3310823063069073,-1.4621356975562358
65,raw,M5_SVR,-0.2732127595470426,-0.40426615079637107
65,raw,M6_SVR+time,-0.18127106034358587,-0.31232445159291433
65,baseline,M2_ENR,-0.04229755328484419,-0.17335094453417266
65,baseline,M3_ENR+time,0.015097112651249467,-0.115956278598079
65,baseline,M4_mixed,-1.2754030771144067,-1.4064564683637353
65,baseline,M5_SVR,-0.17537316010213444,-0.3064265513514629
65,baseline,M6_SVR+time,-0.08384912056774341,-0.21490251181707187
66,raw,M2_ENR,-0.08461137183610101,-0.2953763534854814
66,raw,M3_ENR+time,-0.09514739398592953,-0.30591237563530993
66,raw,M4_mixed,-1.5741704911989816,-1.784935472848362
66,raw,M5_SVR,0.05825845067866453,-0.15250653097071587
66,raw,M6_SVR+time,-0.09369775120265356,-0.30446273285203396
66,baseline,M2_ENR,-0.04986249815898036,-0.26062747980836076
66,baseline,M3_ENR+time,-0.027814574284755533,-0.23857955593413593
66,baseline,M4_mixed,-3.9444614486955585,-4.155226430344939
66,baseline,M5_SVR,-0.04460815320359557,-0.25537313485297597
66,baseline,M6_SVR+time,-0.06631991123043557,-0.27708489287981597
67,raw,M2_ENR,-0.042195644345933925,-0.2407041099653986
67,raw,M3_ENR+time,-0.040840314366411334,-0.239348779985876
67,raw,M4_mixed,-1.240455596129007,-1.4389640617484716
67,raw,M5_SVR,-0.26848679380284657,-0.46699525942231124
67,raw,M6_SVR+time,-0.22347738502407832,-0.421985850643543
67,baseline,M2_ENR,-0.08184894420726718,-0.28035740982673185
67,baseline,M3_ENR+time,-0.059366515654859064,-0.25787498127432373
67,baseline,M4_mixed,-1.7720019378225076,-1.9705104034419723
67,baseline,M5_SVR,-0.06952446396826129,-0.26803292958772595
67,baseline,M6_SVR+time,-0.0079979395659453,-0.20650640518540997
68,raw,M2_ENR,-0.017560953616572172,-0.2946528680419592
68,raw,M3_ENR+time,0.22364427544739263,-0.05344763897799443
68,raw,M4_mixed,-0.036774671193318786,-0.31386658561870584
68,raw,M5_SVR,0.13281488754704585,-0.1442770268783412
68,raw,M6_SVR+time,0.23016635781994632,-0.04692555660544073
68,baseline,M2_ENR,-0.030128874972261244,-0.3072207893976483
68,baseline,M3_ENR+time,0.19472440654028267,-0.08236750788510439
68,baseline,M4_mixed,-1.390863539907354,-1.6679554543327408
68,baseline,M5_SVR,0.05434266263545673,-0.22274925178993032
68,baseline,M6_SVR+time,0.15958481012989756,-0.1175071042954895
69,raw,M2_ENR,-0.016199789445395796,-0.3257526772544025
69,raw,M3_ENR+time,-0.02281734912958,-0.3323702369385867
69,raw,M4_mixed,-1.6986856076798693,-2.008238495488876
69,raw,M5_SVR,0.013207563941116773,-0.2963453238678899
69,raw,M6_SVR+time,0.02006764072933742,-0.2894852470796693
69,baseline,M2_ENR,-0.019941999898057894,-0.3294948877070646
69,baseline,M3_ENR+time,-0.019941999898057894,-0.3294948877070646
69,baseline,M4_mixed,-2.4982774749920367,-2.8078303628010435
69,baseline,M5_SVR,-0.03754613090208192,-0.3470990187110886
69,baseline,M6_SVR+time,-0.00519804858986328,-0.31475093639887
70,raw,M2_ENR,-0.08703565440996086,-0.4513859033496842
70,raw,M3_ENR+time,-0.013029229264210018,-0.37737947820393336
70,raw,M4_mixed,-0.4836652756001034,-0.8480155245398268
70,raw,M5_SVR,-0.044636474086283684,-0.408986723026007
70,raw,M6_SVR+time,0.18271763860692947,-0.18163261033279388
70,baseline,M2_ENR,-0.028910057083223473,-0.3932603060229468
70,baseline,M3_ENR+time,-0.024857003205256856,-0.3892072521449802
70,baseline,M4_mixed,0.05683838250407525,-0.3075118664356481
70,baseline,M5_SVR,-0.007391114677814059,-0.3717413636175374
70,baseline,M6_SVR+time,0.018095629437307914,-0.34625461950241543
71,raw,M2_ENR,-0.10033902928006388,-0.3067115028927748
71,raw,M3_ENR+time,-0.05440545719400758,-0.2607779308067185
71,raw,M4_mixed,-0.5650345611228977,-0.7714070347356087
71,raw,M5_SVR,-0.28009161082545764,-0.4864640844381686
71,raw,M6_SVR+time,-0.2823550626798974,-0.48872753629260834
71,baseline,M2_ENR,0.004281592628579078,-0.20209088098413186
71,baseline,M3_ENR+time,0.0015047833936258082,-0.20486769021908513
71,baseline,M4_mixed,-0.3949633091469513,-0.6013357827596623
71,baseline,M5_SVR,-0.11093246101532483,-0.3173049346280358
71,baseline,M6_SVR+time,-0.06950557239773025,-0.2758780460104412
72,raw,M2_ENR,-0.006249171023916089,-0.39848580624394847
72,raw,M3_ENR+time,-0.08510705948936925,-0.47734369470940163
72,raw,M4_mixed,-0.49759835368447725,-0.8898349889045096
72,raw,M5_SVR,0.12951285227297005,-0.26272378294706233
72,raw,M6_SVR+time,-0.030720695228961592,-0.422957330448994
72,baseline,M2_ENR,-0.08669867163726064,-0.478935306857293
72,baseline,M3_ENR+time,-0.022131040849878048,-0.41436767606991043
72,baseline,M4_mixed,-0.08291382333476616,-0.47515045855479854
72,baseline,M5_SVR,0.15554044048279736,-0.23669619473723502
72,baseline,M6_SVR+time,0.12202247580589365,-0.27021415941413873
73,raw,M2_ENR,-0.023647416841834357,-0.32103017888525787
73,raw,M3_ENR+time,-0.001224749606926867,-0.2986075116503504
73,raw,M4_mixed,-1.239409905364639,-1.5367926674080625
73,raw,M5_SVR,-0.008685938526873382,-0.3060687005702969
73,raw,M6_SVR+time,0.01680448932190426,-0.28057827272151925
73,baseline,M2_ENR,-0.4004423313547687,-0.6978250933981922
73,baseline,M3_ENR+time,-0.010833853487335787,-0.3082166155307593
73,baseline,M4_mixed,-2.053809840080256,-2.351192602123679
73,baseline,M5_SVR,0.20266995946580502,-0.0947128025776185
73,baseline,M6_SVR+time,0.19326596482565195,-0.10411679721777156
74,raw,M2_ENR,-0.04126465553560621,-0.15895088955044967
74,raw,M3_ENR+time,-0.043234334454878676,-0.16092056846972214
74,raw,M4_mixed,-2.2360406405585187,-2.353726874573362
74,raw,M5_SVR,-0.17817589273980072,-0.2958621267546442
74,raw,M6_SVR+time,-0.11556556906126292,-0.23325180307610638
74,baseline,M2_ENR,-0.04922326532928545,-0.1669094993441289
74,baseline,M3_ENR+time,-0.04277027394326205,-0.1604565079581055
74,baseline,M4_mixed,-1.1713855310359826,-1.289071765050826
74,baseline,M5_SVR,-0.16673983693212135,-0.2844260709469648
74,baseline,M6_SVR+time,-0.12251184763261946,-0.24019808164746292
75,raw,M2_ENR,-0.029044140903091487,-0.20648065312463892
75,raw,M3_ENR+time,-0.028401616096226823,-0.20583812831777426
75,raw,M4_mixed,-3.4173321728002124,-3.59476868502176
75,raw,M5_SVR,-0.07785173391118749,-0.25528824613273493
75,raw,M6_SVR+time,0.057251200832529214,-0.12018531138901822
75,baseline,M2_ENR,-0.03784501521547634,-0.21528152743702378
75,baseline,M3_ENR+time,-0.033422379444828954,-0.2108588916663764
75,baseline,M4_mixed,-1.7446751055137955,-1.922111617735343
75,baseline,M5_SVR,-0.07366857759283296,-0.2511050898143804
75,baseline,M6_SVR+time,-0.063807917472126,-0.24124442969367343
76,raw,M2_ENR,0.006049991362496621,-0.15818717804638094
76,raw,M3_ENR+time,0.00604859962056481,-0.15818856978831275
76,raw,M4_mixed,-1.148556094920656,-1.3127932643295335
76,raw,M5_SVR,-0.20038264713554366,-0.3646198165444212
76,raw,M6_SVR+time,-0.1735667902038347,-0.33780395961271226
76,baseline,M2_ENR,0.0587233486579678,-0.10551382075090976
76,baseline,M3_ENR+time,0.047259998159815186,-0.11697717124906237
76,baseline,M4_mixed,-0.6971862832365596,-0.8614234526454372
76,baseline,M5_SVR,-0.3089533058223024,-0.47319047523117996
76,baseline,M6_SVR+time,-0.16008812210495993,-0.3243252915138375
77,raw,M2_ENR,-0.03190922750144254,-0.32203257739269187
77,raw,M3_ENR+time,-0.022575097438342517,-0.31269844732959184
77,raw,M4_mixed,-0.45793597438676903,-0.7480593242780184
77,raw,M5_SVR,-0.08239500898883945,-0.3725183588800888
77,raw,M6_SVR+time,-0.01381409613805995,-0.3039374460293093
77,baseline,M2_ENR,0.03865971860068307,-0.25146363129056626
77,baseline,M3_ENR+time,0.07202118296391768,-0.21810216692733164
77,baseline,M4_mixed,-0.6700947287979417,-0.9602180786891911
77,baseline,M5_SVR,0.026294563995043707,-0.2638287858962056
77,baseline,M6_SVR+time,-0.0327501608167684,-0.32287351070801773
78,raw,M2_ENR,-0.056954677699795786,-0.24880189637619277
78,raw,M3_ENR+time,-0.0320273399133002,-0.22387455858969718
78,raw,M4_mixed,-0.25814493315453224,-0.4499921518309292
78,raw,M5_SVR,-0.046050192729235606,-0.2378974114056326
78,raw,M6_SVR+time,-0.0793441217951798,-0.2711913404715768
78,baseline,M2_ENR,-0.027811303415149258,-0.21965852209154624
78,baseline,M3_ENR+time,-0.03205244980768396,-0.22389966848408094
78,baseline,M4_mixed,-1.8736529211760358,-2.065500139852433
78,baseline,M5_SVR,-0.03769006370301442,-0.2295372823794114
78,baseline,M6_SVR+time,0.0023047932822494177,-0.18954242539414756
79,raw,M2_ENR,-0.023251206080594944,-0.23799830500949581
79,raw,M3_ENR+time,-0.018514775245677795,-0.23326187417457867
79,raw,M4_mixed,-1.1745907033250078,-1.3893378022539087
79,raw,M5_SVR,-0.09647552512365709,-0.31122262405255796
79,raw,M6_SVR+time,-0.05187601643140716,-0.266623115360308
79,baseline,M2_ENR,-0.07987674398799549,-0.29462384291689636
79,baseline,M3_ENR+time,-0.06818392375547244,-0.2829310226843733
79,baseline,M4_mixed,-2.2097157032016903,-2.4244628021305914
79,baseline,M5_SVR,-0.00929998933687437,-0.22404708826577524
79,baseline,M6_SVR+time,0.01283941049358972,-0.20190768843531115
80,raw,M2_ENR,-0.0192109227849393,-0.278129859951441
80,raw,M3_ENR+time,-0.019210922784939077,-0.2781298599514408
80,raw,M4_mixed,-0.37226755370680675,-0.6311864908733085
80,raw,M5_SVR,-0.09532599589006496,-0.3542449330565667
80,raw,M6_SVR+time,-0.1140559639708123,-0.372974901137314
80,baseline,M2_ENR,-0.060965884417789384,-0.3198848215842911
80,baseline,M3_ENR+time,-0.050081156922441084,-0.3090000940889428
80,baseline,M4_mixed,-1.408200625692516,-1.6671195628590176
80,baseline,M5_SVR,-0.06794344456932722,-0.32686238173582893
80,baseline,M6_SVR+time,-0.03669616292622235,-0.29561510009272407
81,raw,M2_ENR,0.001623555530828491,-0.23680321378676217
81,raw,M3_ENR+time,-0.04018340497201578,-0.27861017428960644
81,raw,M4_mixed,-0.9048646662605861,-1.1432914355781767
81,raw,M5_SVR,0.05642305607884257,-0.1820037132387481
81,raw,M6_SVR+time,-0.04217915564309216,-0.2806059249606828
81,baseline,M2_ENR,-0.04887306405458114,-0.2872998333721718
81,baseline,M3_ENR+time,-0.028875450992173146,-0.2673022203097638
81,baseline,M4_mixed,-1.3193326168667907,-1.5577593861843813
81,baseline,M5_SVR,-0.07079981320683038,-0.30922658252442103
81,baseline,M6_SVR+time,0.058555759205732305,-0.17987101011185835
82,raw,M2_ENR,-0.08408493495693303,-0.23833423662804032
82,raw,M3_ENR+time,-0.07329799003064541,-0.2275472917017527
82,raw,M4_mixed,-1.8511924150177155,-2.0054417166888228
82,raw,M5_SVR,-0.19464035920703315,-0.34888966087814044
82,raw,M6_SVR+time,-0.14024342088223518,-0.29449272255334247
82,baseline,M2_ENR,-0.04950010113357828,-0.20374940280468556
82,baseline,M3_ENR+time,-0.03021480815635491,-0.1844641098274622
82,baseline,M4_mixed,-0.4620078476270264,-0.6162571492981337
82,baseline,M5_SVR,0.02721273004126923,-0.12703657162983806
82,baseline,M6_SVR+time,0.0694346789291147,-0.08481462274199258
83,raw,M2_ENR,-0.01922785605909505,-0.3401176745390758
83,raw,M3_ENR+time,-0.03381269926459285,-0.3547025177445736
83,raw,M4_mixed,-0.6437730150704613,-0.964662833550442
83,raw,M5_SVR,-0.09406272678381367,-0.41495254526379444
83,raw,M6_SVR+time,0.13146916360736216,-0.1894206548726186
83,baseline,M2_ENR,-0.01697359069184201,-0.3378634091718228
83,baseline,M3_ENR+time,-0.03594984585965455,-0.3568396643396353
83,baseline,M4_mixed,-1.1257163103796746,-1.4466061288596554
83,baseline,M5_SVR,-0.10144180713065509,-0.42233162561063586
83,baseline,M6_SVR+time,-0.028972825604746122,-0.3498626440847269
84,raw,M2_ENR,-0.04634305255952653,-0.23235310010115262
84,raw,M3_ENR+time,-0.031270348315482366,-0.21728039585710845
84,raw,M4_mixed,-1.8426616399837021,-2.0286716875253283
84,raw,M5_SVR,0.0389583403948911,-0.147051707146735
84,raw,M6_SVR+time,0.0748746550891769,-0.11113539245244919
84,baseline,M2_ENR,-0.05933380993387227,-0.24534385747549836
84,baseline,M3_ENR+time,-0.5860597538266141,-0.7720698013682402
84,baseline,M4_mixed,-1.9537934676685849,-2.139803515210211
84,baseline,M5_SVR,-0.0675048958076252,-0.2535149433492513
84,baseline,M6_SVR+time,-0.04273559534410709,-0.22874564288573318
85,raw,M2_ENR,-0.028928232537545284,-0.3012063358013456
85,raw,M3_ENR+time,-0.006076445073719405,-0.2783545483375197
85,raw,M4_mixed,-1.5549040335886786,-1.8271821368524788
85,raw,M5_SVR,-0.08583372663389044,-0.35811182989769075
85,raw,M6_SVR+time,-0.10319910654923059,-0.3754772098130309
85,baseline,M2_ENR,-0.04632894759405004,-0.31860705085785035
85,baseline,M3_ENR+time,-0.06851813330487677,-0.3407962365686771
85,baseline,M4_mixed,-1.135386844895843,-1.4076649481596433
85,baseline,M5_SVR,-0.008133526311432826,-0.28041162957523313
85,baseline,M6_SVR+time,0.07914915323019056,-0.19312895003360975
86,raw,M2_ENR,-0.02678904237944324,-0.21743751205160333
86,raw,M3_ENR+time,-0.02678904237944324,-0.21743751205160333
86,raw,M4_mixed,-1.7098478121849814,-1.9004962818571416
86,raw,M5_SVR,-0.12212868864162552,-0.3127771583137856
86,raw,M6_SVR+time,-0.11176952002402207,-0.30241798969618217
86,baseline,M2_ENR,-0.14910889068261834,-0.33975736035477844
86,baseline,M3_ENR+time,-0.12737699036131112,-0.3180254600334712
86,baseline,M4_mixed,-1.168699816450303,-1.3593482861224633
86,baseline,M5_SVR,-0.10487945578043045,-0.29552792545259055
86,baseline,M6_SVR+time,-0.09786714383650663,-0.2885156135086667
87,raw,M2_ENR,-0.09045232510095502,-0.33165218692481646
87,raw,M3_ENR+time,-0.05083390971081703,-0.29203377153467847
87,raw,M4_mixed,-0.4243563124376586,-0.66555617426152
87,raw,M5_SVR,-0.16362248455806827,-0.4048223463819297
87,raw,M6_SVR+time,-0.1003368694534883,-0.34153673127734974
87,baseline,M2_ENR,-0.02177346079174436,-0.2629733226156058
87,baseline,M3_ENR+time,-0.029695704579588256,-0.2708955664034497
87,baseline,M4_mixed,0.0018991467192923661,-0.23930071510456907
87,baseline,M5_SVR,0.03143947307434636,-0.20976038874951508
87,baseline,M6_SVR+time,0.10060085132498575,-0.1405990104988757
88,raw,M2_ENR,-0.02266822858322226,-0.38213435135267504
88,raw,M3_ENR+time,-0.02072181090091796,-0.38018793367037074
88,raw,M4_mixed,-1.0983050011622835,-1.4577711239317361
88,raw,M5_SVR,-0.10762962631863426,-0.46709574908808704
88,raw,M6_SVR+time,0.16011697410551762,-0.19934914866393516
88,baseline,M2_ENR,0.0388163682976882,-0.3206497544717646
88,baseline,M3_ENR+time,0.03196830694103048,-0.3274978158284223
88,baseline,M4_mixed,-0.959044923977139,-1.318511046746592
88,baseline,M5_SVR,0.011299299495752035,-0.34816682327370074
88,baseline,M6_SVR+time,0.11834653263557215,-0.24111959013388062
89,raw,M2_ENR,-0.043408093122835556,-0.4870336088878052
89,raw,M3_ENR+time,-0.028413390978399233,-0.4720389067433689
89,raw,M4_mixed,-0.7409875623973585,-1.1846130781623283
89,raw,M5_SVR,-0.08955196997369863,-0.5331774857386683
89,raw,M6_SVR+time,-0.08734274650667118,-0.5309682622716408
89,baseline,M2_ENR,-0.1581109162397003,-0.60173643200467
89,baseline,M3_ENR+time,-0.014529206490429658,-0.4581547222553993
89,baseline,M4_mixed,-0.5575720223749461,-1.0011975381399156
89,baseline,M5_SVR,-0.027378880335857447,-0.4710043961008271
89,baseline,M6_SVR+time,0.06275817062716993,-0.38086734513779974
90,raw,M2_ENR,-0.013022571052735632,-0.2616487230860295
90,raw,M3_ENR+time,-0.013022571052735632,-0.2616487230860295
90,raw,M4_mixed,-0.8324493078675805,-1.0810754599008745
90,raw,M5_SVR,-0.06146318797872374,-0.3100893400120176
90,raw,M6_SVR+time,-0.06627384033821948,-0.31489999237151334
90,baseline,M2_ENR,0.04268251950638158,-0.20594363252691228
90,baseline,M3_ENR+time,0.02085878870550717,-0.2277673633277867
90,baseline,M4_mixed,-1.471980129024307,-1.7206062810576008
90,baseline,M5_SVR,-0.06984123533823694,-0.3184673873715308
90,baseline,M6_SVR+time,-0.10030448214838494,-0.3489306341816788
91,raw,M2_ENR,-0.03157660525643036,-0.40238502549913047
91,raw,M3_ENR+time,-0.01693767470816776,-0.38774609495086787
91,raw,M4_mixed,-0.23116299573662036,-0.6019714159793205
91,raw,M5_SVR,-0.04493693097485241,-0.4157453512175525
91,raw,M6_SVR+time,0.05193460689608853,-0.3188738133466116
91,baseline,M2_ENR,-0.005176396272010386,-0.3759848165147105
91,baseline,M3_ENR+time,-0.012572504448439936,-0.38338092469114005
91,baseline,M4_mixed,-1.7995865615134736,-2.1703949817561736
91,baseline,M5_SVR,-0.055626308859874074,-0.4264347291025742
91,baseline,M6_SVR+time,0.203742665923759,-0.1670657543189411
92,raw,M2_ENR,-0.03170791967101949,-0.26378431933077917
92,raw,M3_ENR+time,0.02076723224159238,-0.2113091674181673
92,raw,M4_mixed,-1.3359679457867295,-1.5680443454464892
92,raw,M5_SVR,-0.07661874292947135,-0.30869514258923103
92,raw,M6_SVR+time,0.19406193914036318,-0.0380144605193965
92,baseline,M2_ENR,-0.14494901896285595,-0.3770254186226156
92,baseline,M3_ENR+time,-0.23421469932073768,-0.46629109898049736
92,baseline,M4_mixed,-0.9317126283816286,-1.1637890280413883
92,baseline,M5_SVR,0.08250815968149872,-0.14956823997826096
92,baseline,M6_SVR+time,0.13741430911625052,-0.09466209054350916
93,raw,M2_ENR,-0.01458043403275222,-0.23140647823422855
93,raw,M3_ENR+time,0.0788261811252483,-0.13799986307622802
93,raw,M4_mixed,-0.600081675129982,-0.8169077193314583
93,raw,M5_SVR,-0.18090122704317335,-0.3977272712446497
93,raw,M6_SVR+time,0.005756610318914168,-0.21106943388256216
93,baseline,M2_ENR,-0.09479692503900683,-0.31162296924048316
93,baseline,M3_ENR+time,-0.25577163471591025,-0.4725976789173866
93,baseline,M4_mixed,-1.4889460815281264,-1.7057721257296028
93,baseline,M5_SVR,0.07529591844592154,-0.1415301257555548
93,baseline,M6_SVR+time,0.10043349578498062,-0.11639254841649571
94,raw,M2_ENR,-0.005536493048576396,-0.21225200327922666
94,raw,M3_ENR+time,-0.015736828390835456,-0.22245233862148572
94,raw,M4_mixed,-1.4416341588360035,-1.6483496690666537
94,raw,M5_SVR,-0.020876044446425546,-0.2275915546770758
94,raw,M6_SVR+time,-0.03207684624597973,-0.23879235647663
94,baseline,M2_ENR,-0.05805672371081094,-0.2647722339414612
94,baseline,M3_ENR+time,-0.06654592291919625,-0.2732614331498465
94,baseline,M4_mixed,-1.0477888810954452,-1.2545043913260954
94,baseline,M5_SVR,-0.10894339092084349,-0.31565890115149375
94,baseline,M6_SVR+time,-0.056342719343971615,-0.2630582295746219
95,raw,M2_ENR,-0.038852543133352624,-0.2681890523420596
95,raw,M3_ENR+time,-0.05809002233364269,-0.28742653154234965
95,raw,M4_mixed,-0.5187162801266529,-0.7480527893353599
95,raw,M5_SVR,-0.11250203938457304,-0.34183854859328
95,raw,M6_SVR+time,-0.13862068551821838,-0.36795719472692534
95,baseline,M2_ENR,0.012476582445166251,-0.2168599267635407
95,baseline,M3_ENR+time,-0.004819317368020437,-0.2341558265767274
95,baseline,M4_mixed,-0.9068435408354028,-1.1361800500441097
95,baseline,M5_SVR,-0.04577263149015254,-0.2751091406988595
95,baseline,M6_SVR+time,-0.035042665208779855,-0.2643791744174868
96,raw,M2_ENR,-0.03145089743394003,-0.19606472031648403
96,raw,M3_ENR+time,-0.032130087623792436,-0.19674391050633644
96,raw,M4_mixed,-1.602728239810018,-1.767342062692562
96,raw,M5_SVR,-0.11061247196381663,-0.27522629484636063
96,raw,M6_SVR+time,-0.07811805439326713,-0.24273187727581114
96,baseline,M2_ENR,-0.12141535836220996,-0.28602918124475396
96,baseline,M3_ENR+time,-0.1667529116329749,-0.3313667345155189
96,baseline,M4_mixed,-0.8396749879730252,-1.0042888108555692
96,baseline,M5_SVR,-0.15048971179743487,-0.31510353467997887
96,baseline,M6_SVR+time,-0.14940885258872405,-0.31402267547126805
97,raw,M2_ENR,-0.016519908504636138,-0.2216336133097614
97,raw,M3_ENR+time,-0.026826449726216728,-0.23194015453134198
97,raw,M4_mixed,-0.8497883591533424,-1.0549020639584676
97,raw,M5_SVR,-0.06429596451257047,-0.2694096693176957
97,raw,M6_SVR+time,-0.11541894037533407,-0.3205326451804593
97,baseline,M2_ENR,-0.01317239552271432,-0.21828610032783957
97,baseline,M3_ENR+time,-0.045945317514271666,-0.2510590223193969
97,baseline,M4_mixed,-0.24854009888667195,-0.4536538036917972
97,baseline,M5_SVR,-0.028083469281424023,-0.23319717408654927
97,baseline,M6_SVR+time,0.0021314428188332624,-0.202982261986292
98,raw,M2_ENR,-0.03664690056184794,-0.20521885378031068
98,raw,M3_ENR+time,-0.03817583739163144,-0.20674779061009418
98,raw,M4_mixed,-1.582868329116169,-1.7514402823346318
98,raw,M5_SVR,-0.12767090697214156,-0.2962428601906043
98,raw,M6_SVR+time,-0.12240581106027415,-0.2909777642787369
98,baseline,M2_ENR,-0.014124653273717813,-0.18269660649218056
98,baseline,M3_ENR+time,-0.011389418710860522,-0.17996137192932327
98,baseline,M4_mixed,-0.5039926599493048,-0.6725646131677675
98,baseline,M5_SVR,-0.005925620790996344,-0.1744975740094591
98,baseline,M6_SVR+time,-0.09120018803017982,-0.25977214124864256
99,raw,M2_ENR,-0.040671264514745564,-0.3567259791728834
99,raw,M3_ENR+time,-0.025230361914956534,-0.34128507657309437
99,raw,M4_mixed,-0.8032379705685169,-1.1192926852266547
99,raw,M5_SVR,-0.10340729919520042,-0.41946201385333826
99,raw,M6_SVR+time,0.04534189080381368,-0.27071282385432416
99,baseline,M2_ENR,-0.03951802229189405,-0.3555727369500319
99,baseline,M3_ENR+time,-0.034645956363116515,-0.35070067102125435
99,baseline,M4_mixed,-0.6387574856653631,-0.9548122003235009
99,baseline,M5_SVR,0.015139605907607545,-0.3009151087505303
99,baseline,M6_SVR+time,0.10166395963220665,-0.2143907550259312
