feature,rho_mean,rho_min,rho_max,n_validated_pts,validated,rho_GCr_mean,n_GCr_sig_pts
dr_LDelta,0.07405944159040134,-0.10784313725490197,0.2087912087912088,0,False,0.09005999160797917,0
dr_LTheta,-0.021595703058551362,-0.6813186813186813,0.5588235294117647,0,False,-0.1642392888329421,0
dr_LAlpha,0.10111768391567154,-0.27669172932330827,0.35714285714285715,0,False,-0.20894111693260298,1
dr_LBeta*,0.14880994908084694,-0.14215686274509806,0.5604395604395606,0,False,0.0323908612027807,0
dr_LGamma1,0.24991735560621012,0.0879120879120879,0.3911764705882353,0,False,0.2652408736774062,0
dr_RDelta,0.20268934496875676,-0.22352941176470587,0.6936274509803922,0,False,0.18150551718663172,0
dr_RTheta,0.06396661903627845,-0.33333333333333337,0.2692307692307692,0,False,-0.09196669558511662,1
dr_RAlpha,0.12595778189818438,-0.15384615384615383,0.30637254901960786,0,False,-0.15650254028736998,0
dr_RBeta*,-0.03812004558908581,-0.4970588235294117,0.26470588235294124,0,False,-0.19322712890824345,0
dr_RGamma1,-0.09301626521053763,-0.41208791208791207,0.16421568627450983,0,False,-0.30008002188729743,0
fo_L_offset,-0.00769280384218466,-0.49754901960784315,0.4010989010989011,0,False,-0.1657262500141757,1
fo_L_exponent,0.05163857040792025,-0.34065934065934067,0.3382352941176471,0,False,0.24951724616972293,0
fo_L_Delta,0.029907347554406362,-0.32843137254901966,0.3205882352941176,0,False,0.11133879665226414,0
fo_L_Theta,-0.004474350468932509,-0.1264705882352941,0.10539215686274511,0,False,0.19424175540661606,0
fo_L_Alpha,0.10080936220642105,-0.14285714285714285,0.39560439560439564,0,False,-0.11006064369067461,0
fo_L_Beta*,-0.038581394096099966,-0.2857142857142857,0.12990196078431374,0,False,-0.020078405856269688,1
fo_L_Gamma1,0.10055526259086633,-0.25274725274725274,0.5637254901960785,0,False,-0.16029751981764365,1
fo_R_offset,0.36175053017158276,-0.15686274509803924,0.6616541353383457,0,False,-0.038346998718515796,0
fo_R_exponent,0.1876615322242257,-0.2692307692307692,0.7233082706766917,1,False,0.19496336996336994,1
fo_R_Delta,0.14264287698885225,-0.22527472527472525,0.4534313725490197,0,False,-0.028656199321834,0
fo_R_Theta,0.1522739966431917,-0.09068627450980393,0.5352941176470588,0,False,-0.18645581714467166,1
fo_R_Alpha,0.08092020208893277,-0.24661654135338343,0.5147058823529412,0,False,-0.1701767852890144,0
fo_R_Beta*,-0.06353411810068157,-0.5323529411764706,0.4676691729323308,0,False,0.09744695449029815,0
fo_R_Gamma1,0.029571099694938707,-0.6411764705882352,0.34586466165413526,0,False,4.295240363352826e-05,0
