feature,pt,n_weeks,rho_off_vs_home,p,rho_home_vs_GCr,p_GCr,q,q_GCr
dr_LDelta,905,16,0.008823529411764706,0.9741279946623942,-0.5617647058823529,0.023537016474280824,0.9843819735535773,0.14122209884568493
dr_LDelta,906,17,-0.10784313725490197,0.6803504180481621,-0.28921568627450983,0.2602032490665047,0.8490992519571304,0.5430328676170533
dr_LDelta,907,13,0.2087912087912088,0.493621819356885,0.6593406593406593,0.014225578511456706,0.8490992519571304,0.09754682407856027
dr_LDelta,908,20,0.18646616541353384,0.43119491043425096,0.5518796992481202,0.011642373367085757,0.8278942280337618,0.0859744494800179
dr_LTheta,905,16,0.5588235294117647,0.02443651142450573,0.2529411764705882,0.34456303133749866,0.2888868525099809,0.5958124389619857
dr_LTheta,906,17,0.13235294117647062,0.6125925983674196,-0.26715686274509803,0.2999179120959026,0.8490992519571304,0.5758423912241329
dr_LTheta,907,13,-0.6813186813186813,0.010340409451492895,-0.6758241758241759,0.011225245577668611,0.16544655122388632,0.0859744494800179
dr_LTheta,908,20,-0.09624060150375939,0.6864870716570238,0.03308270676691729,0.889875964885619,0.8490992519571304,0.9387702486705432
dr_LAlpha,905,16,0.07647058823529412,0.7783409809607029,0.3764705882352941,0.1506481152876309,0.8490992519571304,0.43824906265492625
dr_LAlpha,906,17,0.24754901960784317,0.3380876478588809,0.08088235294117649,0.7576329086921563,0.791619858401282,0.8869848687127683
dr_LAlpha,907,13,0.35714285714285715,0.23092986230203402,-0.6043956043956044,0.02867270567140696,0.6912548090501578,0.16191645555618048
dr_LAlpha,908,20,-0.27669172932330827,0.23761884061099176,-0.6887218045112782,0.0007852045694487572,0.6912548090501578,0.018844909666770174
dr_LBeta*,905,16,0.08823529411764705,0.7452220943671326,0.5264705882352941,0.036166514972245475,0.8490992519571304,0.18992089366306808
dr_LBeta*,906,17,-0.14215686274509806,0.586262862651232,0.10049019607843139,0.7011667687510688,0.8490992519571304,0.8629744846167
dr_LBeta*,907,13,0.5604395604395606,0.04634590589406461,-0.38461538461538464,0.19441291997748622,0.29661379772201346,0.48832170098390415
dr_LBeta*,908,20,0.08872180451127819,0.7099206278927328,-0.11278195488721804,0.6359170579042353,0.8490992519571304,0.8470487869673407
dr_LGamma1,905,16,0.3911764705882353,0.1340712861972552,0.4970588235294117,0.05013355780377417,0.6833802600430307,0.22918197853153907
dr_LGamma1,906,17,0.34313725490196084,0.1775307396809928,0.16176470588235298,0.5350755062766513,0.6912548090501578,0.7902653631162851
dr_LGamma1,907,13,0.0879120879120879,0.7751954088891221,-0.18131868131868134,0.5532950092839335,0.8490992519571304,0.7927809088247405
dr_LGamma1,908,20,0.17744360902255638,0.4542034838793192,0.5834586466165413,0.006922690881578285,0.8319489377660483,0.07384203607016837
dr_RDelta,905,16,-0.22352941176470587,0.40529834728275893,0.14705882352941177,0.5867933937012053,0.8278942280337618,0.8164081999321118
dr_RDelta,906,17,0.6936274509803922,0.002014143975899796,-0.22549019607843138,0.38419665076181897,0.06445260722879347,0.6147146412189104
dr_RDelta,907,13,0.054945054945054944,0.8585042942308735,0.4450549450549451,0.12752383613843676,0.9056748598479545,0.3985807324707893
dr_RDelta,908,20,0.2857142857142857,0.22203494893940093,0.35939849624060144,0.11963250632903898,0.6912548090501578,0.3985807324707893
dr_RTheta,905,16,0.21470588235294116,0.4245592336201027,-0.3029411764705882,0.25406688060961147,0.8278942280337618,0.5420093453005045
dr_RTheta,906,17,-0.33333333333333337,0.191057627345904,0.06127450980392158,0.8152828502754565,0.6912548090501578,0.8996224554763659
dr_RTheta,907,13,0.2692307692307692,0.37373304228189164,0.5384615384615384,0.057634433470466075,0.8154175467968545,0.2514957096893065
dr_RTheta,908,20,0.10526315789473684,0.6587277693915812,-0.6646616541353383,0.0013887947848759102,0.8490992519571304,0.02407125137613549
dr_RAlpha,905,16,0.15882352941176472,0.5568612810855389,-0.3941176470588235,0.13091285429899105,0.8490992519571304,0.3985807324707893
dr_RAlpha,906,17,0.30637254901960786,0.23168960494057989,0.32843137254901966,0.19806893186877195,0.6912548090501578,0.48832170098390415
dr_RAlpha,907,13,-0.15384615384615383,0.6157988686488814,-0.30769230769230765,0.3064470525125291,0.8490992519571304,0.5768415106118194
dr_RAlpha,908,20,0.19248120300751878,0.4162064734197989,-0.2526315789473684,0.2825500572639195,0.8278942280337618,0.565100114527839
dr_RBeta*,905,16,-0.4970588235294117,0.05013355780377417,-0.08823529411764705,0.7452220943671326,0.30080134682264503,0.8869848687127683
dr_RBeta*,906,17,0.26470588235294124,0.3045422200057608,0.0,1.0,0.769369818961922,1.0
dr_RBeta*,907,13,0.0934065934065934,0.7615000227827016,-0.43956043956043955,0.13286024415692976,0.8490992519571304,0.3985807324707893
dr_RBeta*,908,20,-0.013533834586466165,0.9548397533571387,-0.24511278195488717,0.2976005003886618,0.9832519918863292,0.5758423912241329
dr_RGamma1,905,16,0.10588235294117648,0.6963341050381157,-0.2911764705882353,0.27388704841914874,0.8490992519571304,0.5594288648561336
dr_RGamma1,906,17,0.16421568627450983,0.5288225629141268,0.03186274509803922,0.9033768447188891,0.8490992519571304,0.9426540988371016
dr_RGamma1,907,13,-0.41208791208791207,0.16175105277252633,-0.38461538461538464,0.19441291997748622,0.6912548090501578,0.48832170098390415
dr_RGamma1,908,20,-0.2300751879699248,0.3291382464700846,-0.556390977443609,0.010841753245056875,0.789931791528203,0.0859744494800179
fo_L_offset,905,16,-0.11176470588235293,0.6802736949858406,0.25588235294117645,0.33878990807124576,0.8490992519571304,0.5958124389619857
fo_L_offset,906,17,-0.49754901960784315,0.04212933265770555,-0.08333333333333334,0.750504450153402,0.2888868525099809,0.8869848687127683
fo_L_offset,907,13,0.4010989010989011,0.17435746494503282,-0.18131868131868134,0.5532950092839335,0.6912548090501578,0.7927809088247405
fo_L_offset,908,20,0.17744360902255638,0.4542034838793192,-0.6541353383458646,0.0017551954128432125,0.8319489377660483,0.02407125137613549
fo_L_exponent,905,16,0.13529411764705881,0.6173674089706418,0.3323529411764706,0.2084998279822084,0.8490992519571304,0.48832170098390415
fo_L_exponent,906,17,0.3382352941176471,0.18421188285210166,0.10539215686274511,0.6872658389566565,0.6912548090501578,0.8568509161018054
fo_L_exponent,907,13,-0.34065934065934067,0.2547064607541252,0.4505494505494505,0.12233188767803571,0.7191711833057652,0.3985807324707893
fo_L_exponent,908,20,0.07368421052631578,0.757528699864343,0.10977443609022557,0.6450049409876997,0.8490992519571304,0.8470487869673407
fo_L_Delta,905,16,0.3205882352941176,0.2260454222079824,-0.4441176470588235,0.08482274417741585,0.6912548090501578,0.3432941224384302
fo_L_Delta,906,17,-0.32843137254901966,0.19806893186877195,0.11029411764705883,0.6734589975422935,0.6912548090501578,0.8506850495271078
fo_L_Delta,907,13,-0.1868131868131868,0.5411235235098939,0.21978021978021978,0.47061485147214255,0.8490992519571304,0.7171273927194554
fo_L_Delta,908,20,0.3142857142857143,0.17716966765175673,0.5593984962406015,0.010333258461010714,0.6912548090501578,0.0859744494800179
fo_L_Theta,905,16,-0.1264705882352941,0.6406944408168836,0.30882352941176466,0.24449869579851796,0.8490992519571304,0.5334516999240392
fo_L_Theta,906,17,0.10539215686274511,0.6872658389566565,0.32598039215686275,0.20163694355296383,0.8490992519571304,0.48832170098390415
fo_L_Theta,907,13,-0.049450549450549455,0.8725444288811492,-0.0879120879120879,0.7751954088891221,0.9104811431803297,0.8962361708228438
fo_L_Theta,908,20,0.05263157894736842,0.825581450455932,0.2300751879699248,0.3291382464700846,0.890514822963702,0.5958124389619857
fo_L_Alpha,905,16,0.13823529411764704,0.6096659407501825,0.4382352941176471,0.08953003199187995,0.8490992519571304,0.34379532284881903
fo_L_Alpha,906,17,0.012254901960784315,0.9627675753886973,0.11764705882352941,0.6529334399539918,0.9832519918863292,0.8470487869673407
fo_L_Alpha,907,13,0.39560439560439564,0.1808891631049407,-0.39010989010989006,0.1875741161338378,0.6912548090501578,0.48832170098390415
fo_L_Alpha,908,20,-0.14285714285714285,0.5479501508336087,-0.6060150375939849,0.004622614670722059,0.8490992519571304,0.055471376048664714
fo_L_Beta*,905,16,0.10588235294117648,0.6963341050381157,0.3147058823529411,0.23515831926634445,0.8490992519571304,0.5250046197574202
fo_L_Beta*,906,17,0.12990196078431374,0.6192473366524134,-0.012254901960784315,0.9627675753886973,0.8490992519571304,0.9832519918863292
fo_L_Beta*,907,13,-0.1043956043956044,0.7343037452877026,0.3736263736263736,0.20855405979520908,0.8490992519571304,0.48832170098390415
fo_L_Beta*,908,20,-0.2857142857142857,0.22203494893940093,-0.7563909774436091,0.00011384195119063901,0.6912548090501578,0.005464413657150673
fo_L_Gamma1,905,16,0.08823529411764705,0.7452220943671326,0.06764705882352941,0.8034203137966691,0.8490992519571304,0.896841280517212
fo_L_Gamma1,906,17,0.5637254901960785,0.018434989515692276,-0.04411764705882353,0.8664832749198724,0.2528227133580655,0.9346336448573905
fo_L_Gamma1,907,13,-0.25274725274725274,0.40477407127094656,-0.8406593406593407,0.00031907124069371434,0.8278942280337618,0.010210279702198859
fo_L_Gamma1,908,20,0.003007518796992481,0.9899597295184989,0.17593984962406017,0.45809865870248545,0.9899597295184989,0.7093140521844935
fo_R_offset,905,16,0.6235294117647059,0.009855650390922007,-0.2411764705882353,0.36820660804263405,0.16544655122388632,0.5991158368151334
fo_R_offset,906,17,-0.15686274509803924,0.5476805847029371,-0.13725490196078433,0.5993690521648235,0.8490992519571304,0.8219918429689008
fo_R_offset,907,13,0.3186813186813187,0.2885831614447202,-0.2802197802197803,0.35376363563367896,0.7642430116463809,0.5958124389619857
fo_R_offset,908,20,0.6616541353383457,0.0014862222546038791,0.5052631578947367,0.023059229474174193,0.06445260722879347,0.14122209884568493
fo_R_exponent,905,16,0.5294117647058824,0.0349520067895181,-0.2647058823529412,0.3218043958686153,0.2888868525099809,0.594100423142059
fo_R_exponent,906,17,-0.232843137254902,0.36845965485437604,-0.06862745098039216,0.7935424429160597,0.8154175467968545,0.8962361708228438
fo_R_exponent,907,13,-0.2692307692307692,0.37373304228189164,0.45604395604395603,0.11728306543614495,0.8154175467968545,0.3985807324707893
fo_R_exponent,908,20,0.7233082706766917,0.00031340341734179537,0.6571428571428571,0.0016430876042342415,0.030086728064812357,0.02407125137613549
fo_R_Delta,905,16,0.15294117647058825,0.5717446192454616,0.15,0.5792486306642535,0.8490992519571304,0.8164081999321118
fo_R_Delta,906,17,0.4534313725490197,0.06754818013371684,-0.11274509803921569,0.666592049963725,0.38144854663745986,0.8506850495271078
fo_R_Delta,907,13,-0.22527472527472525,0.4593051427250058,0.0,1.0,0.8319489377660483,1.0
fo_R_Delta,908,20,0.1894736842105263,0.42366525592686277,-0.1518796992481203,0.5226819111403139,0.8278942280337618,0.784022866710471
fo_R_Theta,905,16,0.5352941176470588,0.03261586329402191,-0.5029411764705883,0.047063140467273036,0.2888868525099809,0.2259030742429106
fo_R_Theta,906,17,-0.09068627450980393,0.7292353374489888,0.06862745098039216,0.7935424429160597,0.8490992519571304,0.8962361708228438
fo_R_Theta,907,13,0.12087912087912088,0.6940473279966857,0.4945054945054945,0.08582353060960755,0.8490992519571304,0.3432941224384302
fo_R_Theta,908,20,0.04360902255639097,0.8551479470173743,-0.806015037593985,1.7834589054195242e-05,0.9056748598479545,0.0017121205492027433
fo_R_Alpha,905,16,0.5147058823529412,0.04134580644224894,-0.3970588235294118,0.1278060090882619,0.2888868525099809,0.3985807324707893
fo_R_Alpha,906,17,0.17647058823529413,0.49806765732373415,0.09558823529411767,0.7151579154299805,0.8490992519571304,0.8690526567250397
fo_R_Alpha,907,13,-0.12087912087912088,0.6940473279966857,-0.06043956043956044,0.8445023706449684,0.8490992519571304,0.9212753134308745
fo_R_Alpha,908,20,-0.24661654135338343,0.29455199407204263,-0.31879699248120297,0.1706978721400242,0.7642430116463809,0.48197046251300946
fo_R_Beta*,905,16,-0.5323529411764706,0.033768622960234626,-0.0411764705882353,0.8796536149318311,0.2888868525099809,0.9382971892606199
fo_R_Beta*,906,17,0.11274509803921569,0.666592049963725,-0.12745098039215688,0.6259301508467394,0.8490992519571304,0.8463280912857322
fo_R_Beta*,907,13,-0.3021978021978022,0.3156083662499549,0.2802197802197803,0.35376363563367896,0.7768821323075813,0.5958124389619857
fo_R_Beta*,908,20,0.4676691729323308,0.03758851020414889,0.2781954887218045,0.23497379059889356,0.2888868525099809,0.5250046197574202
fo_R_Gamma1,905,16,-0.6411764705882352,0.007434419082533941,-0.014705882352941175,0.956891924031642,0.16544655122388632,0.9832519918863292
fo_R_Gamma1,906,17,0.07843137254901962,0.7647798831352097,0.23529411764705882,0.363295114375383,0.8490992519571304,0.5991158368151334
fo_R_Gamma1,907,13,0.33516483516483514,0.2629431403593601,0.24725274725274726,0.4154051197255382,0.7212154706999593,0.6537523195680601
fo_R_Gamma1,908,20,0.34586466165413526,0.1352523431335165,-0.4676691729323308,0.03758851020414889,0.6833802600430307,0.18992089366306808
