feature,pt,n_sessions,off_mean,on_mean,on_minus_off,off_week_sd,effect_in_week_sd,rho_diff_vs_stimV
dr_LDelta,905,15,-1.8851717383753204,3.416152562727764,5.301324301103085,0.4759927329083817,11.137405961455036,-0.07034344784205225
dr_LDelta,906,16,-0.38170622667491383,3.046260822425375,3.427967049100289,0.69473746138405,4.934190596648009,0.32796802467631514
dr_LDelta,907,12,-0.6564466032998771,2.9131339964386136,3.56958059973849,0.7361297869418455,4.849118542761112,0.820767734294955
dr_LDelta,908,19,-0.8677149489135163,1.9214528408380251,2.7891677897515414,0.23456275314589958,11.890923654092092,0.12909944487358055
dr_LTheta,905,15,-0.19054444839706713,-1.6048773350017411,-1.4143328866046743,0.579487497028562,-2.4406616085022526,-0.057553730052588195
dr_LTheta,906,16,-1.863133312017998,-1.3344604374588347,0.5286728745591635,0.25394239110781236,2.0818614499645043,-0.32796802467631514
dr_LTheta,907,12,-1.9740379704629898,-0.9531589075265345,1.0208790629364553,0.4452213434151158,2.292969728507843,0.8690481892534816
dr_LTheta,908,19,-0.3536439053644955,-0.6006013212588788,-0.24695741589438336,0.3895067458108465,-0.6340260304870602,-0.3012320380383546
dr_LAlpha,905,15,1.7033655691360126,-2.5254995472762727,-4.228865116412285,0.7659609189225528,-5.520993319555864,-0.47321955821016964
dr_LAlpha,906,16,0.42699277299092275,-1.4957888434638928,-1.9227816164548153,0.1893018536361541,-10.157225507947112,-0.04099600308453939
dr_LAlpha,907,12,2.6912497261532735,0.5386888022996356,-2.152560923853637,0.959377247218926,-2.243706456551425,-0.6276459144608478
dr_LAlpha,908,19,0.48826123379038483,-0.23703449979758343,-0.7252957335879683,0.16377954791418844,-4.428487822960555,0.3012320380383546
dr_LBeta*,905,15,1.5451977413747786,-3.2672352319717803,-4.81243297334656,0.2145384120144741,-22.43156797963939,0.3197429447366011
dr_LBeta*,906,16,2.4456750974355206,-0.9986998691370828,-3.444374966572603,0.5523198061461325,-6.236196725600117,0.4099600308453939
dr_LBeta*,907,12,1.9064263975683307,-0.6514648373582593,-2.55789123492659,0.39832213123662047,-6.4216648645291885,-0.2414022747926338
dr_LBeta*,908,19,1.0006928513015365,-1.7817435807203161,-2.7824364320218526,0.23215343357398505,-11.985333962916027,-0.2581988897471611
dr_LGamma1,905,15,-0.46211462040784895,-6.711736798773519,-6.249622178365672,0.11632639515313901,-53.72488479625193,-0.006394858894732022
dr_LGamma1,906,16,-1.1419368986845426,-3.5941458181939803,-2.4522089195094376,0.31869758563985373,-7.694469710481497,0.3689640277608545
dr_LGamma1,907,12,-0.4915105795551519,-1.3379072155537797,-0.8463966359986278,0.18816837735002093,-4.498081175585658,0.28968272975116055
dr_LGamma1,908,19,-0.14399472357737192,-2.7695700844474493,-2.6255753608700774,0.08842418229728159,-29.692956074424394,-0.2581988897471611
dr_RDelta,905,15,-0.32246811093870564,4.762570698489744,5.08503880942845,1.8080910288064251,2.812379868277559,0.0
dr_RDelta,906,16,0.06675638947172864,3.292795834030227,3.2260394445584986,0.5097518080052843,6.3286473807368155,0.24597601850723635
dr_RDelta,907,12,-0.18553363310565385,1.3321154205917443,1.517649053697398,0.7231505412772368,2.0986626809639235,-0.4345240946267408
dr_RDelta,908,19,-1.1384062148138323,3.826044112655081,4.964450327468912,0.41482961041598626,11.9674444707325,-0.12909944487358055
dr_RTheta,905,15,-1.9719560479259444,-2.5270663118260446,-0.5551102639001003,0.817894816765294,-0.6787061765417652,-0.6266961716837381
dr_RTheta,906,16,-1.2050500515815634,-0.37176358962510114,0.8332864619564623,0.38972566932735486,2.1381359441749606,0.5739440431835515
dr_RTheta,907,12,-1.6194544801303241,-1.1147242815742047,0.5047301985561193,0.5636713026083374,0.8954335553726551,-0.14484136487558028
dr_RTheta,908,19,0.8119833835670152,-0.5818840556955538,-1.3938674392625687,1.0055779833467995,-1.386135597980627,-0.2151657414559676
dr_RAlpha,905,15,1.0824240359196922,-1.249246881475986,-2.331670917395678,1.1562292257309255,-2.0166164853008985,0.5307732882627578
dr_RAlpha,906,16,0.4285008107778132,-1.6917637251801858,-2.120264535957999,0.2858599709770547,-7.417143885906949,-0.28697202159177576
dr_RAlpha,907,12,2.938302975673055,-0.36675453842334643,-3.305057514096402,0.5454884012517778,-6.05889603979115,-0.4345240946267408
dr_RAlpha,908,19,0.5174513012830438,-0.47608313898577775,-0.9935344402688217,0.2651938142149748,-3.7464465119968073,0.12909944487358055
dr_RBeta*,905,15,1.131034072520301,-4.9787120259745965,-6.109746098494897,0.6352469952110794,-9.61790633336999,-0.4668246993154376
dr_RBeta*,906,16,1.2652397420724673,-2.443987938482761,-3.7092276805552284,0.21610177873040848,-17.16426260971488,0.04099600308453939
dr_RBeta*,907,12,1.1575896944165556,-1.3279925682702372,-2.4855822626867927,0.37122238884270997,-6.695669058204231,0.7242068243779014
dr_RBeta*,908,19,1.0651154416148803,-1.9157366408761716,-2.9808520824910514,0.2268349516338261,-13.141061644252096,0.2581988897471611
dr_RGamma1,905,15,-0.44217668847331787,-5.346211713143157,-4.904035024669839,0.3419006362068538,-14.343451006926006,-0.37729667478918927
dr_RGamma1,906,16,-0.29453616287259254,-3.832590619751653,-3.5380544568790606,0.13282601852912387,-26.63675758754521,0.32796802467631514
dr_RGamma1,907,12,-0.12136221156177501,-2.6470824767179555,-2.5257202651561808,0.09235585464848127,-27.347700638680784,0.7724872793364281
dr_RGamma1,908,19,-0.19765578166056538,-4.278281332292765,-4.080625550632199,0.15266357960933014,-26.7295288180365,-0.2581988897471611
fo_L_offset,905,15,-5.185519332786138,-6.184294497639514,-0.998775164853377,0.08385827693176115,-11.910275304918565,0.15987147236830054
fo_L_offset,906,16,-4.9487041732970685,-5.22120328276144,-0.27249910946437106,0.08099125165525799,-3.3645499223085573,0.24597601850723635
fo_L_offset,907,12,-5.127270323393046,-5.188386112430282,-0.06111578903723447,0.06900816241595029,-0.8856313064656884,-0.38624363966821407
fo_L_offset,908,19,-5.3398222729747955,-5.003742279043044,0.33607999393175186,0.1993709926510805,1.6857015630148666,-0.04303314829119352
fo_L_exponent,905,15,1.0079673600394565,0.12378296010193598,-0.8841843999375205,0.08326432345063797,-10.619006596044658,0.038369153368392125
fo_L_exponent,906,16,1.297426215290342,0.9377810610642837,-0.35964515422605825,0.07174529613731076,-5.012804651858238,0.28697202159177576
fo_L_exponent,907,12,1.2766199876512745,1.0131997965540478,-0.2634201910972269,0.23334891473055566,-1.1288682932225937,-0.6276459144608478
fo_L_exponent,908,19,0.5304109159964788,0.553951471987252,0.02354055599077325,0.12305907015080995,0.19129476569198917,0.3012320380383546
fo_L_Delta,905,15,-0.022009109099121245,0.35249432375306866,0.37450343285218984,0.013146969263484375,28.485913775760533,-0.24939949689454882
fo_L_Delta,906,16,0.008668353612900779,0.08498071319881377,0.07631235958591301,0.03443349188491842,2.2162248267169553,0.08199200616907878
fo_L_Delta,907,12,0.08071029191845563,0.0963385727857594,0.015628280867303748,0.05991070631154515,0.26085956633584345,0.28968272975116055
fo_L_Delta,908,19,0.10190348251223229,0.10882308159987168,0.0069195990876394055,0.03137978742075968,0.22051134365115743,-0.12909944487358055
fo_L_Theta,905,15,0.30702033836651166,0.015286508564011824,-0.2917338298024999,0.08415517532054013,-3.466617812764453,-0.588327018315346
fo_L_Theta,906,16,0.07124355232785656,-0.03186090497469486,-0.10310445730255144,0.031857026468324945,-3.236474609614521,-0.3689640277608545
fo_L_Theta,907,12,0.12209166231051198,0.013386135191620505,-0.10870552711889146,0.04994703636116554,-2.1764159605555977,-0.2414022747926338
fo_L_Theta,908,19,0.12225306310273923,0.02151703799434676,-0.10073602510839248,0.07175198922686062,-1.4039474890360473,-0.08606629658238704
fo_L_Alpha,905,15,0.4859876213874924,0.06117749643077657,-0.4248101249567158,0.10152028004911429,-4.184485353578593,-0.6586704661573982
fo_L_Alpha,906,16,0.31850012397262806,0.10080412940539388,-0.2176959945672342,0.0681409822597403,-3.1947880313409485,-0.04099600308453939
fo_L_Alpha,907,12,0.46919702856427864,0.22601522826767426,-0.2431818002966044,0.1518076876087133,-1.601907018855391,-0.8690481892534816
fo_L_Alpha,908,19,0.09566031415265173,0.1126757141861469,0.01701540003349516,0.035705439440534434,0.4765492401188181,0.38729833462074165
fo_L_Beta*,905,15,0.39925276873023835,0.18542704950115071,-0.2138257192290876,0.03490564727593421,-6.125820201492448,0.21742520242088875
fo_L_Beta*,906,16,0.4323251295199553,0.22280937800566347,-0.20951575151429175,0.1253787180607246,-1.671063117847617,0.12298800925361818
fo_L_Beta*,907,12,0.2890887723103894,0.14065494349941135,-0.14843382881097797,0.085049531335382,-1.7452633363216086,-0.19312181983410703
fo_L_Beta*,908,19,0.06074283259305702,0.010049590766388233,-0.05069324182666878,0.01773918012059352,-2.8576992556616916,0.12909944487358055
fo_L_Gamma1,905,15,-0.014055041360667537,0.27398878187683884,0.2880438232375063,0.022434807711485368,12.839148297671567,0.0
fo_L_Gamma1,906,16,-0.02005348749181142,-0.05477047182429297,-0.034716984332481556,0.03603096503385833,-0.9635319037349672,0.04099600308453939
fo_L_Gamma1,907,12,0.03597261671924915,0.14511354850314687,0.10914093178389772,0.031842240253159064,3.42755192210667,0.4828045495852676
fo_L_Gamma1,908,19,0.10916932087721527,0.01740777609828617,-0.09176154477892912,0.013214636740009635,-6.943932442812061,-0.08606629658238704
fo_R_offset,905,15,-4.8848784828577925,-5.8413175895056835,-0.9564391066478914,0.4108721279183703,-2.3278266926831095,-0.012789717789464044
fo_R_offset,906,16,-4.329653535179711,-4.986282578037382,-0.6566290428576714,0.18632261356018484,-3.524151096375486,0.08199200616907878
fo_R_offset,907,12,-3.9812248751619297,-6.087652713960206,-2.1064278387982758,0.17210853478373353,-12.23895050553507,-0.820767734294955
fo_R_offset,908,19,-5.2110206090137545,-4.118476270819102,1.0925443381946531,0.34395539613296694,3.1764128444500264,0.34426518632954817
fo_R_exponent,905,15,1.2500267346621692,0.455152231254391,-0.7948745034077783,0.25612696437759935,-3.1034393639082904,-0.281373791368209
fo_R_exponent,906,16,1.4701890675229654,1.017162186383235,-0.4530268811397302,0.10825336094054161,-4.184875898574236,0.08199200616907878
fo_R_exponent,907,12,1.818136885681244,0.6245621955533697,-1.193574690127874,0.26477410098058407,-4.507898188333002,-0.8690481892534816
fo_R_exponent,908,19,0.8955790091419413,0.8891086582587852,-0.00647035088315622,0.24815604229877417,-0.0260737188714755,0.08606629658238704
fo_R_Delta,905,15,0.04710026314508757,0.4617411140834971,0.4146408509384096,0.09955813213052411,4.1648114731080055,0.42845554594704544
fo_R_Delta,906,16,-0.019070384013330898,0.05710984480372323,0.07618022881705414,0.01093835133292577,6.964507401379802,0.0
fo_R_Delta,907,12,0.047118118878769294,0.17506817687656087,0.12795005799779158,0.06257509027822349,2.0447442812930143,-0.28968272975116055
fo_R_Delta,908,19,0.08874060421281818,0.12734091340212506,0.03860030918930684,0.029159170984571353,1.3237793766404047,-0.3012320380383546
fo_R_Theta,905,15,0.11178931877583774,-0.044426934414176396,-0.15621625319001417,0.10629220835743425,-1.4696867776488167,-0.4540349815259736
fo_R_Theta,906,16,0.13570545931736466,0.03966116925960704,-0.09604429005775764,0.05542834118524414,-1.732765008008684,0.5739440431835515
fo_R_Theta,907,12,0.20791101113406982,0.020654940026551823,-0.18725607110751796,0.10481054764991372,-1.786614756875303,-0.6276459144608478
fo_R_Theta,908,19,0.32544684328960416,0.024537707763763277,-0.30090913552584087,0.12864968922691997,-2.3389806639569835,-0.2581988897471611
fo_R_Alpha,905,15,0.3849288658256714,0.13776112985601613,-0.24716773596965524,0.14511793444425675,-1.7032197771847302,0.49879899378909764
fo_R_Alpha,906,16,0.32559312675929153,0.09161147448173097,-0.2339816522775605,0.04214679869663345,-5.551587772104034,-0.16398401233815757
fo_R_Alpha,907,12,0.5733813053631687,0.085497631859821,-0.48788367350334766,0.12753442260504724,-3.825505801004343,-0.8690481892534816
fo_R_Alpha,908,19,0.1870141577374449,0.15381265917418926,-0.033201498563255646,0.0611211018217055,-0.5432084431348558,-0.04303314829119352
fo_R_Beta*,905,15,0.29803948922613144,-0.09148341159491785,-0.38952290082104923,0.09157767026878104,-4.253470302070331,-0.5115887115785618
fo_R_Beta*,906,16,0.3345976332739841,0.10949216415450003,-0.22510546911948406,0.031452734020540545,-7.156944416103113,0.4099600308453939
fo_R_Beta*,907,12,0.2738053630312169,-0.013096175785038341,-0.2869015388162552,0.08511461985380353,-3.370766847212023,0.19312181983410703
fo_R_Beta*,908,19,0.11828102328885114,0.1491499157237264,0.03086889243487527,0.04998798848540882,0.6175261971960665,0.04303314829119352
fo_R_Gamma1,905,15,-0.0223252638280582,0.1912514878715039,0.21357675169956206,0.04590108620184755,4.6529781617883685,0.4796144171049016
fo_R_Gamma1,906,16,-0.013621159110823847,0.1354236262257809,0.14904478533660478,0.007148253350142355,20.85051802670601,-0.08199200616907878
fo_R_Gamma1,907,12,0.012490375559685402,0.11555110522363021,0.10306072966394479,0.04268099249756091,2.4146750961762287,0.4345240946267408
fo_R_Gamma1,908,19,0.05596050943178986,0.012095012026117681,-0.04386549740567218,0.027918278640127393,-1.5712106742363259,-0.2151657414559676
