model,n,R2,r,MAE,mean_pt_r,features
M0_persistence,66,0.20134999912077645,0.6299045700886887,0.15365011531237124,0.4565729965125786,stim-off session
M1_time,66,-0.09305300052464838,-0.25050721453393365,0.19487415059022964,-0.17776761022839704,stim-off session
M2_ENR,66,-0.14363226110441563,0.1468062110038622,0.18713408534316667,0.28458362873906323,stim-off session
M3_ENR+time,66,-0.3011685007472811,-0.052059608715561,0.20363905746830768,0.011305559718474752,stim-off session
M4_mixed,66,-0.6314452962486654,0.2027629604105433,0.21649180108503538,0.26882126808609963,stim-off session
M5_SVR,66,-0.11364498764922959,0.28514292505038985,0.17137249511323258,0.3324890619029869,stim-off session
M6_SVR+time,66,0.19712924785672403,0.5568760952129491,0.15575800941752882,0.3808629952965128,stim-off session
M0_persistence,66,0.20134999912077645,0.6299045700886887,0.15365011531237124,0.4565729965125786,at-home chronic
M1_time,66,-0.09305300052464838,-0.25050721453393365,0.19487415059022964,-0.17776761022839704,at-home chronic
M2_ENR,66,-0.06722039459088269,0.03734049922637839,0.18669628659820975,0.11883211401110944,at-home chronic
M3_ENR+time,66,-0.06226725330117899,0.020472510385613443,0.18823632300580764,0.1058272839898308,at-home chronic
M4_mixed,66,-0.38026520449157375,0.3494913638480417,0.20876963462467807,0.2235473237563112,at-home chronic
M5_SVR,66,-0.05396787391724134,0.1821138052974833,0.17501899043591326,0.16539082362838853,at-home chronic
M6_SVR+time,66,-0.032179867956443786,0.21798329474562744,0.1683291969352543,0.2737373065540223,at-home chronic
M0_persistence,66,0.20134999912077645,0.6299045700886887,0.15365011531237124,0.4565729965125786,both
M1_time,66,-0.09305300052464838,-0.25050721453393365,0.19487415059022964,-0.17776761022839704,both
M2_ENR,66,-0.2172481615156372,-0.011391191373073817,0.1930416697150258,-0.06262929310273402,both
M3_ENR+time,66,-0.17861811360046476,-0.08698537152105634,0.19468851252397704,-0.09696591207241152,both
M4_mixed,66,-0.43669681726237486,0.3893782471718857,0.21455834984293415,0.2789113916291382,both
M5_SVR,66,-0.1428770037457563,0.2037308427679222,0.18096767410516654,0.25869542022427083,both
M6_SVR+time,66,-0.06662665042132421,0.25744113078981123,0.1735148581972595,0.29672161484430726,both
M2_ENR,66,0.0044424941132547024,0.2418297992116503,0.19013033723880263,0.20358835233061873,chronic-trained ENR -> stim-off features
