set,feature,pt,rho_on_vs_home,rho_off_vs_home,rho_on_vs_off,n_on,n_off
DR-SCC,dr_LDelta,905,-0.002197802197802198,0.008823529411764706,0.46373626373626364,14,16
DR-SCC,dr_LTheta,905,0.5780219780219781,0.5588235294117647,0.2835164835164835,14,16
DR-SCC,dr_LAlpha,905,-0.49890109890109896,0.07647058823529412,-0.3098901098901099,14,16
DR-SCC,dr_LBeta*,905,0.1252747252747253,0.08823529411764705,-0.221978021978022,14,16
DR-SCC,dr_LGamma1,905,-0.2527472527472528,0.3911764705882353,-0.5516483516483517,14,16
DR-SCC,dr_RDelta,905,0.2703296703296703,-0.22352941176470587,0.6043956043956044,14,16
DR-SCC,dr_RTheta,905,0.8461538461538461,0.21470588235294116,0.13406593406593406,14,16
DR-SCC,dr_RAlpha,905,0.5516483516483517,0.15882352941176472,0.5868131868131868,14,16
DR-SCC,dr_RBeta*,905,0.5780219780219781,-0.4970588235294117,0.11208791208791209,14,16
DR-SCC,dr_RGamma1,905,0.6087912087912088,0.10588235294117648,0.14285714285714285,14,16
DR-SCC,dr_LDelta,906,-0.04175824175824176,-0.10784313725490197,0.5516483516483517,14,17
DR-SCC,dr_LTheta,906,0.27472527472527475,0.13235294117647062,0.4593406593406593,14,17
DR-SCC,dr_LAlpha,906,0.1824175824175824,0.24754901960784317,0.015384615384615385,14,17
DR-SCC,dr_LBeta*,906,0.5516483516483517,-0.14215686274509806,0.2923076923076923,14,17
DR-SCC,dr_LGamma1,906,0.5516483516483517,0.34313725490196084,-0.06813186813186813,14,17
DR-SCC,dr_RDelta,906,0.8505494505494505,0.6936274509803922,0.367032967032967,14,17
DR-SCC,dr_RTheta,906,0.48571428571428577,-0.33333333333333337,0.02857142857142857,14,17
DR-SCC,dr_RAlpha,906,0.8461538461538461,0.30637254901960786,0.3362637362637363,14,17
DR-SCC,dr_RBeta*,906,0.9472527472527472,0.26470588235294124,0.2967032967032967,14,17
DR-SCC,dr_RGamma1,906,0.7758241758241758,0.16421568627450983,0.16923076923076924,14,17
DR-SCC,dr_LDelta,907,-0.7062937062937064,0.2087912087912088,0.3076923076923077,12,13
DR-SCC,dr_LTheta,907,-0.6153846153846154,-0.6813186813186813,0.43356643356643365,12,13
DR-SCC,dr_LAlpha,907,0.31468531468531474,0.35714285714285715,0.34965034965034975,12,13
DR-SCC,dr_LBeta*,907,-0.16083916083916086,0.5604395604395606,0.0,12,13
DR-SCC,dr_LGamma1,907,-0.3216783216783217,0.0879120879120879,0.1258741258741259,12,13
DR-SCC,dr_RDelta,907,0.3076923076923077,0.054945054945054944,0.6783216783216784,12,13
DR-SCC,dr_RTheta,907,0.08391608391608392,0.2692307692307692,-0.034965034965034975,12,13
DR-SCC,dr_RAlpha,907,-0.44055944055944063,-0.15384615384615383,0.006993006993006993,12,13
DR-SCC,dr_RBeta*,907,-0.07692307692307693,0.0934065934065934,0.1958041958041958,12,13
DR-SCC,dr_RGamma1,907,0.2517482517482518,-0.41208791208791207,0.4825174825174825,12,13
DR-SCC,dr_LDelta,908,0.09649122807017543,0.18646616541353384,0.47017543859649114,19,20
DR-SCC,dr_LTheta,908,0.08771929824561404,-0.09624060150375939,-0.18596491228070175,19,20
DR-SCC,dr_LAlpha,908,0.431578947368421,-0.27669172932330827,-0.256140350877193,19,20
DR-SCC,dr_LBeta*,908,-0.519298245614035,0.08872180451127819,0.02456140350877193,19,20
DR-SCC,dr_LGamma1,908,0.21403508771929824,0.17744360902255638,-0.3385964912280702,19,20
DR-SCC,dr_RDelta,908,0.5105263157894736,0.2857142857142857,0.41052631578947374,19,20
DR-SCC,dr_RTheta,908,0.12982456140350876,0.10526315789473684,0.2824561403508772,19,20
DR-SCC,dr_RAlpha,908,0.6350877192982456,0.19248120300751878,-0.06140350877192983,19,20
DR-SCC,dr_RBeta*,908,0.42280701754385963,-0.013533834586466165,-0.20350877192982456,19,20
DR-SCC,dr_RGamma1,908,0.7526315789473684,-0.2300751879699248,0.21052631578947367,19,20
FOOOF,fo_L_offset,905,-0.1956043956043956,-0.11176470588235293,0.4153846153846154,14,16
FOOOF,fo_L_exponent,905,-0.07252747252747253,0.13529411764705881,0.35824175824175825,14,16
FOOOF,fo_L_Delta,905,0.24835164835164836,0.3205882352941176,0.3274725274725274,14,16
FOOOF,fo_L_Theta,905,0.21318681318681318,-0.1264705882352941,-0.3186813186813187,14,16
FOOOF,fo_L_Alpha,905,-0.06813186813186813,0.13823529411764704,-0.06813186813186813,14,16
FOOOF,fo_L_Beta*,905,0.04175824175824176,0.10588235294117648,0.6,14,16
FOOOF,fo_L_Gamma1,905,0.15604395604395604,0.08823529411764705,0.6,14,16
FOOOF,fo_R_offset,905,0.7714285714285714,0.6235294117647059,0.5824175824175825,14,16
FOOOF,fo_R_exponent,905,0.8857142857142857,0.5294117647058824,0.5604395604395604,14,16
FOOOF,fo_R_Delta,905,0.832967032967033,0.15294117647058825,0.4241758241758242,14,16
FOOOF,fo_R_Theta,905,0.5648351648351648,0.5352941176470588,0.15164835164835166,14,16
FOOOF,fo_R_Alpha,905,0.6615384615384616,0.5147058823529412,0.7054945054945055,14,16
FOOOF,fo_R_Beta*,905,0.45054945054945056,-0.5323529411764706,0.059340659340659345,14,16
FOOOF,fo_R_Gamma1,905,0.47252747252747257,-0.6411764705882352,-0.2879120879120879,14,16
FOOOF,fo_L_offset,906,0.37142857142857144,-0.49754901960784315,-0.059340659340659345,14,17
FOOOF,fo_L_exponent,906,0.2835164835164835,0.3382352941176471,-0.3142857142857143,14,17
FOOOF,fo_L_Delta,906,0.17362637362637365,-0.32843137254901966,0.5076923076923077,14,17
FOOOF,fo_L_Theta,906,-0.01978021978021978,0.10539215686274511,-0.1384615384615385,14,17
FOOOF,fo_L_Alpha,906,0.367032967032967,0.012254901960784315,0.221978021978022,14,17
FOOOF,fo_L_Beta*,906,0.6703296703296703,0.12990196078431374,0.4813186813186813,14,17
FOOOF,fo_L_Gamma1,906,0.6043956043956044,0.5637254901960785,0.1384615384615385,14,17
FOOOF,fo_R_offset,906,0.8549450549450549,-0.15686274509803924,-0.07252747252747253,14,17
FOOOF,fo_R_exponent,906,0.8769230769230769,-0.232843137254902,-0.15164835164835166,14,17
FOOOF,fo_R_Delta,906,0.7714285714285714,0.4534313725490197,0.6395604395604396,14,17
FOOOF,fo_R_Theta,906,0.3802197802197802,-0.09068627450980393,0.2835164835164835,14,17
FOOOF,fo_R_Alpha,906,0.7978021978021977,0.17647058823529413,0.17362637362637365,14,17
FOOOF,fo_R_Beta*,906,0.9076923076923077,0.11274509803921569,0.4021978021978022,14,17
FOOOF,fo_R_Gamma1,906,0.745054945054945,0.07843137254901962,-0.13406593406593406,14,17
FOOOF,fo_L_offset,907,0.39860139860139865,0.4010989010989011,0.23076923076923078,12,13
FOOOF,fo_L_exponent,907,-0.10489510489510491,-0.34065934065934067,0.49650349650349657,12,13
FOOOF,fo_L_Delta,907,-0.10489510489510491,-0.1868131868131868,0.8251748251748254,12,13
FOOOF,fo_L_Theta,907,-0.16083916083916086,-0.049450549450549455,0.3636363636363637,12,13
FOOOF,fo_L_Alpha,907,0.4825174825174825,0.39560439560439564,0.37762237762237766,12,13
FOOOF,fo_L_Beta*,907,-0.5454545454545455,-0.1043956043956044,0.2867132867132868,12,13
FOOOF,fo_L_Gamma1,907,0.25874125874125875,-0.25274725274725274,0.1958041958041958,12,13
FOOOF,fo_R_offset,907,-0.23076923076923078,0.3186813186813187,-0.6783216783216784,12,13
FOOOF,fo_R_exponent,907,0.3426573426573427,-0.2692307692307692,-0.30069930069930073,12,13
FOOOF,fo_R_Delta,907,-0.1188811188811189,-0.22527472527472525,0.6573426573426573,12,13
FOOOF,fo_R_Theta,907,-0.10489510489510491,0.12087912087912088,0.0979020979020979,12,13
FOOOF,fo_R_Alpha,907,0.06993006993006995,-0.12087912087912088,-0.39860139860139865,12,13
FOOOF,fo_R_Beta*,907,-0.2867132867132868,-0.3021978021978022,0.15384615384615385,12,13
FOOOF,fo_R_Gamma1,907,-0.4545454545454546,0.33516483516483514,-0.3846153846153847,12,13
FOOOF,fo_L_offset,908,0.1701754385964912,0.17744360902255638,0.36315789473684207,19,20
FOOOF,fo_L_exponent,908,0.4912280701754386,0.07368421052631578,0.3017543859649123,19,20
FOOOF,fo_L_Delta,908,0.3736842105263158,0.3142857142857143,0.5175438596491229,19,20
FOOOF,fo_L_Theta,908,0.2263157894736842,0.05263157894736842,-0.02280701754385965,19,20
FOOOF,fo_L_Alpha,908,0.743859649122807,-0.14285714285714285,0.16666666666666666,19,20
FOOOF,fo_L_Beta*,908,0.14385964912280702,-0.2857142857142857,-0.5052631578947369,19,20
FOOOF,fo_L_Gamma1,908,0.12105263157894736,0.003007518796992481,-0.02631578947368421,19,20
FOOOF,fo_R_offset,908,0.6526315789473683,0.6616541353383457,0.3701754385964912,19,20
FOOOF,fo_R_exponent,908,0.8245614035087718,0.7233082706766917,0.4421052631578948,19,20
FOOOF,fo_R_Delta,908,0.5701754385964912,0.1894736842105263,-0.29473684210526313,19,20
FOOOF,fo_R_Theta,908,0.46842105263157896,0.04360902255639097,0.2421052631578947,19,20
FOOOF,fo_R_Alpha,908,0.5333333333333333,-0.24661654135338343,-0.30526315789473685,19,20
FOOOF,fo_R_Beta*,908,0.4982456140350877,0.4676691729323308,-0.07894736842105264,19,20
FOOOF,fo_R_Gamma1,908,0.7964912280701755,0.34586466165413526,0.2982456140350877,19,20
