set,correction,feature,pt,rho_vs_off,p,q
DR-SCC,K0,dr_LDelta,905,0.008823529411764706,0.9741279946623942,0.9843819735535773
DR-SCC,K3,dr_LDelta,905,-0.4441176470588235,0.08482274417741585,0.20357458602579803
DR-SCC,K4,dr_LDelta,905,0.1411764705882353,0.6020026838819791,0.7968872719067978
DR-SCC,K0,dr_LTheta,905,0.5588235294117647,0.02443651142450573,0.2888868525099809
DR-SCC,K3,dr_LTheta,905,0.25,0.3503914791072017,0.5799583102464029
DR-SCC,K4,dr_LTheta,905,0.4941176470588235,0.051723442249235474,0.26133949768034764
DR-SCC,K0,dr_LAlpha,905,0.07647058823529412,0.7783409809607029,0.8490992519571304
DR-SCC,K3,dr_LAlpha,905,-0.08529411764705883,0.7534650694747833,0.841077286855572
DR-SCC,K4,dr_LAlpha,905,0.24705882352941175,0.35627504151257705,0.6824920226344489
DR-SCC,K0,dr_LBeta*,905,0.08823529411764705,0.7452220943671326,0.8490992519571304
DR-SCC,K3,dr_LBeta*,905,-0.411764705882353,0.11303386621436724,0.2523546780599827
DR-SCC,K4,dr_LBeta*,905,0.21176470588235297,0.431083247239221,0.7077740641998957
DR-SCC,K0,dr_LGamma1,905,0.3911764705882353,0.1340712861972552,0.6833802600430307
DR-SCC,K3,dr_LGamma1,905,-0.488235294117647,0.05501502977813759,0.1508983673914631
DR-SCC,K4,dr_LGamma1,905,0.44705882352941173,0.0825369233953715,0.3121940416283615
DR-SCC,K0,dr_RDelta,905,-0.22352941176470587,0.40529834728275893,0.8278942280337618
DR-SCC,K3,dr_RDelta,905,-0.18823529411764706,0.4850866091454682,0.7157193457541001
DR-SCC,K4,dr_RDelta,905,-0.09999999999999999,0.7125163701282782,0.8769432247732655
DR-SCC,K0,dr_RTheta,905,0.21470588235294116,0.4245592336201027,0.8278942280337618
DR-SCC,K3,dr_RTheta,905,-0.411764705882353,0.11303386621436724,0.2523546780599827
DR-SCC,K4,dr_RTheta,905,0.17941176470588235,0.5061395399904385,0.7698017520472118
DR-SCC,K0,dr_RAlpha,905,0.15882352941176472,0.5568612810855389,0.8490992519571304
DR-SCC,K3,dr_RAlpha,905,0.055882352941176466,0.8371372217954723,0.8909035998012853
DR-SCC,K4,dr_RAlpha,905,0.21470588235294116,0.4245592336201027,0.7077740641998957
DR-SCC,K0,dr_RBeta*,905,-0.4970588235294117,0.05013355780377417,0.30080134682264503
DR-SCC,K3,dr_RBeta*,905,-0.5294117647058824,0.0349520067895181,0.11972047401647797
DR-SCC,K4,dr_RBeta*,905,-0.5764705882352941,0.01941514038653157,0.15532112309225257
DR-SCC,K0,dr_RGamma1,905,0.10588235294117648,0.6963341050381157,0.8490992519571304
DR-SCC,K3,dr_RGamma1,905,-0.7852941176470588,0.00031285391788601143,0.0030033976117057096
DR-SCC,K4,dr_RGamma1,905,0.07058823529411765,0.795039302337628,0.9086163455287177
DR-SCC,K0,dr_LDelta,906,-0.10784313725490197,0.6803504180481621,0.8490992519571304
DR-SCC,K3,dr_LDelta,906,-0.10294117647058824,0.6942047830993174,0.8227612244140059
DR-SCC,K4,dr_LDelta,906,0.3823529411764707,0.1298634258225738,0.4021577057731317
DR-SCC,K0,dr_LTheta,906,0.13235294117647062,0.6125925983674196,0.8490992519571304
DR-SCC,K3,dr_LTheta,906,0.056372549019607844,0.8298485835353617,0.8909035998012853
DR-SCC,K4,dr_LTheta,906,0.24264705882352944,0.348047032295588,0.6824920226344489
DR-SCC,K0,dr_LAlpha,906,0.24754901960784317,0.3380876478588809,0.791619858401282
DR-SCC,K3,dr_LAlpha,906,-0.45098039215686275,0.06923198585336185,0.1796289362681821
DR-SCC,K4,dr_LAlpha,906,0.35294117647058826,0.16465797331641727,0.4649166305404723
DR-SCC,K0,dr_LBeta*,906,-0.14215686274509806,0.586262862651232,0.8490992519571304
DR-SCC,K3,dr_LBeta*,906,-0.24264705882352944,0.348047032295588,0.5799583102464029
DR-SCC,K4,dr_LBeta*,906,0.6715686274509804,0.003155730532110547,0.05049168851376875
DR-SCC,K0,dr_LGamma1,906,0.34313725490196084,0.1775307396809928,0.6912548090501578
DR-SCC,K3,dr_LGamma1,906,-0.8161764705882354,6.449255889681113e-05,0.000884469379156267
DR-SCC,K4,dr_LGamma1,906,0.007352941176470588,0.9776558930236225,0.9879470076870291
DR-SCC,K0,dr_RDelta,906,0.6936274509803922,0.002014143975899796,0.06445260722879347
DR-SCC,K3,dr_RDelta,906,0.6004901960784315,0.01080788975245045,0.049407496011202055
DR-SCC,K4,dr_RDelta,906,0.6568627450980393,0.004174786387665708,0.057254213316558285
DR-SCC,K0,dr_RTheta,906,-0.33333333333333337,0.191057627345904,0.6912548090501578
DR-SCC,K3,dr_RTheta,906,0.002450980392156863,0.992551188788469,1.0
DR-SCC,K4,dr_RTheta,906,-0.2058823529411765,0.4279148531427077,0.7077740641998957
DR-SCC,K0,dr_RAlpha,906,0.30637254901960786,0.23168960494057989,0.6912548090501578
DR-SCC,K3,dr_RAlpha,906,-0.16176470588235298,0.5350755062766513,0.723482374683923
DR-SCC,K4,dr_RAlpha,906,0.4387254901960785,0.07811671275305948,0.3121940416283615
DR-SCC,K0,dr_RBeta*,906,0.26470588235294124,0.3045422200057608,0.769369818961922
DR-SCC,K3,dr_RBeta*,906,-0.014705882352941176,0.9553274855428822,0.9756536022565606
DR-SCC,K4,dr_RBeta*,906,0.13480392156862747,0.6059663630124608,0.7968872719067978
DR-SCC,K0,dr_RGamma1,906,0.16421568627450983,0.5288225629141268,0.8490992519571304
DR-SCC,K3,dr_RGamma1,906,-0.5686274509803922,0.017226738525358543,0.07484967289475626
DR-SCC,K4,dr_RGamma1,906,0.29411764705882354,0.2518444167529261,0.5756443811495454
DR-SCC,K0,dr_LDelta,907,0.2087912087912088,0.493621819356885,0.8490992519571304
DR-SCC,K3,dr_LDelta,907,0.0,1.0,1.0
DR-SCC,K4,dr_LDelta,907,0.5549450549450549,0.04900449559833098,0.26133949768034764
DR-SCC,K0,dr_LTheta,907,-0.6813186813186813,0.010340409451492895,0.16544655122388632
DR-SCC,K3,dr_LTheta,907,-0.7417582417582418,0.003701313735752625,0.02090153639013247
DR-SCC,K4,dr_LTheta,907,-0.7582417582417583,0.0026660786121372876,0.05049168851376875
DR-SCC,K0,dr_LAlpha,907,0.35714285714285715,0.23092986230203402,0.6912548090501578
DR-SCC,K3,dr_LAlpha,907,0.06043956043956044,0.8445023706449684,0.8909035998012853
DR-SCC,K4,dr_LAlpha,907,0.4945054945054945,0.08582353060960755,0.3121940416283615
DR-SCC,K0,dr_LBeta*,907,0.5604395604395606,0.04634590589406461,0.29661379772201346
DR-SCC,K3,dr_LBeta*,907,-0.5989010989010989,0.030554114172937866,0.10863685039266796
DR-SCC,K4,dr_LBeta*,907,0.3516483516483516,0.2386997053420337,0.5589066271423229
DR-SCC,K0,dr_LGamma1,907,0.0879120879120879,0.7751954088891221,0.8490992519571304
DR-SCC,K3,dr_LGamma1,907,-0.5824175824175823,0.036741334358654267,0.11972047401647797
DR-SCC,K4,dr_LGamma1,907,0.027472527472527472,0.929011729160351,0.9632540340365691
DR-SCC,K0,dr_RDelta,907,0.054945054945054944,0.8585042942308735,0.9056748598479545
DR-SCC,K3,dr_RDelta,907,-0.38461538461538464,0.19441291997748622,0.38089061873140156
DR-SCC,K4,dr_RDelta,907,0.12087912087912088,0.6940473279966857,0.8653057595802834
DR-SCC,K0,dr_RTheta,907,0.2692307692307692,0.37373304228189164,0.8154175467968545
DR-SCC,K3,dr_RTheta,907,-0.3021978021978022,0.3156083662499549,0.5508800574544668
DR-SCC,K4,dr_RTheta,907,0.26373626373626374,0.3839365166506743,0.700907564020042
DR-SCC,K0,dr_RAlpha,907,-0.15384615384615383,0.6157988686488814,0.8490992519571304
DR-SCC,K3,dr_RAlpha,907,-0.8241758241758241,0.0005302228375973583,0.004627399309940582
DR-SCC,K4,dr_RAlpha,907,-0.5164835164835164,0.07074904067496371,0.3121940416283615
DR-SCC,K0,dr_RBeta*,907,0.0934065934065934,0.7615000227827016,0.8490992519571304
DR-SCC,K3,dr_RBeta*,907,-0.5054945054945055,0.07803332731018388,0.19208203645583724
DR-SCC,K4,dr_RBeta*,907,-0.049450549450549455,0.8725444288811492,0.9478323920729016
DR-SCC,K0,dr_RGamma1,907,-0.41208791208791207,0.16175105277252633,0.6912548090501578
DR-SCC,K3,dr_RGamma1,907,-0.7197802197802198,0.005536115775787642,0.02872314992268112
DR-SCC,K4,dr_RGamma1,907,-0.39560439560439564,0.1808891631049407,0.4823711016131751
DR-SCC,K0,dr_LDelta,908,0.18646616541353384,0.43119491043425096,0.8278942280337618
DR-SCC,K3,dr_LDelta,908,-0.18045112781954886,0.4464646102705483,0.6696969154058224
DR-SCC,K4,dr_LDelta,908,-0.05413533834586466,0.8206745196973446,0.916460563592931
DR-SCC,K0,dr_LTheta,908,-0.09624060150375939,0.6864870716570238,0.8490992519571304
DR-SCC,K3,dr_LTheta,908,-0.4481203007518797,0.04753173575066418,0.1382741403655685
DR-SCC,K4,dr_LTheta,908,-0.17142857142857143,0.4698861728108753,0.7518178764974005
DR-SCC,K0,dr_LAlpha,908,-0.27669172932330827,0.23761884061099176,0.6912548090501578
DR-SCC,K3,dr_LAlpha,908,0.037593984962406006,0.8749652018566716,0.9130071671547878
DR-SCC,K4,dr_LAlpha,908,-0.3969924812030075,0.08307130670785144,0.3121940416283615
DR-SCC,K0,dr_LBeta*,908,0.08872180451127819,0.7099206278927328,0.8490992519571304
DR-SCC,K3,dr_LBeta*,908,-0.07969924812030074,0.73837374901493,0.8339279988874503
DR-SCC,K4,dr_LBeta*,908,-0.3037593984962406,0.19291416827770463,0.48755429383082327
DR-SCC,K0,dr_LGamma1,908,0.17744360902255638,0.4542034838793192,0.8319489377660483
DR-SCC,K3,dr_LGamma1,908,-0.2045112781954887,0.38709023775567686,0.6091911938449996
DR-SCC,K4,dr_LGamma1,908,0.08120300751879699,0.733607630478017,0.8914725636188562
DR-SCC,K0,dr_RDelta,908,0.2857142857142857,0.22203494893940093,0.6912548090501578
DR-SCC,K3,dr_RDelta,908,-0.07969924812030074,0.73837374901493,0.8339279988874503
DR-SCC,K4,dr_RDelta,908,0.3578947368421052,0.12130112810947345,0.4015485620175673
DR-SCC,K0,dr_RTheta,908,0.10526315789473684,0.6587277693915812,0.8490992519571304
DR-SCC,K3,dr_RTheta,908,-0.3037593984962406,0.19291416827770463,0.38089061873140156
DR-SCC,K4,dr_RTheta,908,0.0631578947368421,0.7913733978200618,0.9086163455287177
DR-SCC,K0,dr_RAlpha,908,0.19248120300751878,0.4162064734197989,0.8278942280337618
DR-SCC,K3,dr_RAlpha,908,-0.6360902255639098,0.002571107276428487,0.017630449895509624
DR-SCC,K4,dr_RAlpha,908,0.2150375939849624,0.36257388702455096,0.6824920226344489
DR-SCC,K0,dr_RBeta*,908,-0.013533834586466165,0.9548397533571387,0.9832519918863292
DR-SCC,K3,dr_RBeta*,908,-0.9624060150375938,1.242702796593181e-11,1.1929946847294537e-09
DR-SCC,K4,dr_RBeta*,908,-0.019548872180451125,0.9348031235214638,0.9632540340365691
DR-SCC,K0,dr_RGamma1,908,-0.2300751879699248,0.3291382464700846,0.789931791528203
DR-SCC,K3,dr_RGamma1,908,-0.44360902255639095,0.05008922172295618,0.14142839074717037
DR-SCC,K4,dr_RGamma1,908,-0.15037593984962402,0.5268549482529812,0.7698017520472118
FOOOF,K0,fo_L_offset,905,-0.11176470588235293,0.6802736949858406,0.8490992519571304
FOOOF,K3,fo_L_offset,905,-0.13823529411764704,0.6096659407501825,0.7701043462107569
FOOOF,K4,fo_L_offset,905,-0.12352941176470587,0.6485420669723405,0.8413518706668202
FOOOF,K0,fo_L_exponent,905,0.13529411764705881,0.6173674089706418,0.8490992519571304
FOOOF,K3,fo_L_exponent,905,0.1411764705882353,0.6020026838819791,0.7701043462107569
FOOOF,K4,fo_L_exponent,905,0.18823529411764706,0.4850866091454682,0.7634149914420483
FOOOF,K0,fo_L_Delta,905,0.3205882352941176,0.2260454222079824,0.6912548090501578
FOOOF,K3,fo_L_Delta,905,-0.11470588235294117,0.672291046599723,0.8067492559196676
FOOOF,K4,fo_L_Delta,905,0.4088235294117647,0.11588783814878352,0.39732973079582923
FOOOF,K0,fo_L_Theta,905,-0.1264705882352941,0.6406944408168836,0.8490992519571304
FOOOF,K3,fo_L_Theta,905,-0.18529411764705883,0.4920570502059438,0.7157193457541001
FOOOF,K4,fo_L_Theta,905,-0.08823529411764705,0.7452220943671326,0.8942665132405591
FOOOF,K0,fo_L_Alpha,905,0.13823529411764704,0.6096659407501825,0.8490992519571304
FOOOF,K3,fo_L_Alpha,905,-0.8352941176470589,5.637132062814415e-05,0.000884469379156267
FOOOF,K4,fo_L_Alpha,905,0.22941176470588234,0.39272049088161975,0.700907564020042
FOOOF,K0,fo_L_Beta*,905,0.10588235294117648,0.6963341050381157,0.8490992519571304
FOOOF,K3,fo_L_Beta*,905,-0.4617647058823529,0.07176841584053797,0.18130968212346435
FOOOF,K4,fo_L_Beta*,905,0.15294117647058825,0.5717446192454616,0.7841069063937759
FOOOF,K0,fo_L_Gamma1,905,0.08823529411764705,0.7452220943671326,0.8490992519571304
FOOOF,K3,fo_L_Gamma1,905,0.17352941176470588,0.5204075144487408,0.723482374683923
FOOOF,K4,fo_L_Gamma1,905,-0.0411764705882353,0.8796536149318311,0.9478323920729016
FOOOF,K0,fo_R_offset,905,0.6235294117647059,0.009855650390922007,0.16544655122388632
FOOOF,K3,fo_R_offset,905,0.5823529411764706,0.017932734131035355,0.07484967289475626
FOOOF,K4,fo_R_offset,905,0.6470588235294118,0.006742077007179868,0.07191548807658527
FOOOF,K0,fo_R_exponent,905,0.5294117647058824,0.0349520067895181,0.2888868525099809
FOOOF,K3,fo_R_exponent,905,0.5235294117647059,0.03741264813014936,0.11972047401647797
FOOOF,K4,fo_R_exponent,905,0.6058823529411764,0.012860298533367193,0.12345886592032507
FOOOF,K0,fo_R_Delta,905,0.15294117647058825,0.5717446192454616,0.8490992519571304
FOOOF,K3,fo_R_Delta,905,0.1264705882352941,0.6406944408168836,0.7885470040823183
FOOOF,K4,fo_R_Delta,905,0.16176470588235295,0.5494831434036929,0.7698017520472118
FOOOF,K0,fo_R_Theta,905,0.5352941176470588,0.03261586329402191,0.2888868525099809
FOOOF,K3,fo_R_Theta,905,-0.5647058823529412,0.02266320484418464,0.09065281937673857
FOOOF,K4,fo_R_Theta,905,0.5176470588235293,0.04000179295956069,0.26133949768034764
FOOOF,K0,fo_R_Alpha,905,0.5147058823529412,0.04134580644224894,0.2888868525099809
FOOOF,K3,fo_R_Alpha,905,0.3588235294117647,0.17230386289263244,0.3638764485809381
FOOOF,K4,fo_R_Alpha,905,0.5323529411764706,0.033768622960234626,0.24936829262942492
FOOOF,K0,fo_R_Beta*,905,-0.5323529411764706,0.033768622960234626,0.2888868525099809
FOOOF,K3,fo_R_Beta*,905,-0.6941176470588235,0.002853705903456908,0.017962924843087615
FOOOF,K4,fo_R_Beta*,905,-0.5794117647058823,0.018662529417711946,0.15532112309225257
FOOOF,K0,fo_R_Gamma1,905,-0.6411764705882352,0.007434419082533941,0.16544655122388632
FOOOF,K3,fo_R_Gamma1,905,0.5470588235294118,0.028301087242108842,0.10449632212470958
FOOOF,K4,fo_R_Gamma1,905,-0.711764705882353,0.0019840432477699634,0.05049168851376875
FOOOF,K0,fo_L_offset,906,-0.49754901960784315,0.04212933265770555,0.2888868525099809
FOOOF,K3,fo_L_offset,906,-0.1985294117647059,0.4449505436788084,0.6696969154058224
FOOOF,K4,fo_L_offset,906,-0.43137254901960786,0.08383073912478924,0.3121940416283615
FOOOF,K0,fo_L_exponent,906,0.3382352941176471,0.18421188285210166,0.6912548090501578
FOOOF,K3,fo_L_exponent,906,-0.4534313725490197,0.06754818013371684,0.1796289362681821
FOOOF,K4,fo_L_exponent,906,0.3308823529411765,0.1945425282666128,0.48755429383082327
FOOOF,K0,fo_L_Delta,906,-0.32843137254901966,0.19806893186877195,0.6912548090501578
FOOOF,K3,fo_L_Delta,906,-0.41666666666666674,0.09615710991420598,0.22514835492106763
FOOOF,K4,fo_L_Delta,906,-0.1593137254901961,0.541361632626163,0.7698017520472118
FOOOF,K0,fo_L_Theta,906,0.10539215686274511,0.6872658389566565,0.8490992519571304
FOOOF,K3,fo_L_Theta,906,-0.6397058823529412,0.005684790088863971,0.02872314992268112
FOOOF,K4,fo_L_Theta,906,0.24019607843137256,0.3530886590520008,0.6824920226344489
FOOOF,K0,fo_L_Alpha,906,0.012254901960784315,0.9627675753886973,0.9832519918863292
FOOOF,K3,fo_L_Alpha,906,-0.26470588235294124,0.3045422200057608,0.5414083911213525
FOOOF,K4,fo_L_Alpha,906,0.38480392156862747,0.1272159953159875,0.4021577057731317
FOOOF,K0,fo_L_Beta*,906,0.12990196078431374,0.6192473366524134,0.8490992519571304
FOOOF,K3,fo_L_Beta*,906,0.09558823529411767,0.7151579154299805,0.8339279988874503
FOOOF,K4,fo_L_Beta*,906,0.8014705882352942,0.000109735338171725,0.0105345924644856
FOOOF,K0,fo_L_Gamma1,906,0.5637254901960785,0.018434989515692276,0.2528227133580655
FOOOF,K3,fo_L_Gamma1,906,0.26470588235294124,0.3045422200057608,0.5414083911213525
FOOOF,K4,fo_L_Gamma1,906,0.49754901960784315,0.04212933265770555,0.26133949768034764
FOOOF,K0,fo_R_offset,906,-0.15686274509803924,0.5476805847029371,0.8490992519571304
FOOOF,K3,fo_R_offset,906,-0.9215686274509804,1.492081879812723e-07,3.5809965115505353e-06
FOOOF,K4,fo_R_offset,906,-0.056372549019607844,0.8298485835353617,0.916460563592931
FOOOF,K0,fo_R_exponent,906,-0.232843137254902,0.36845965485437604,0.8154175467968545
FOOOF,K3,fo_R_exponent,906,-0.8676470588235294,6.426473554233676e-06,0.00012338829224128655
FOOOF,K4,fo_R_exponent,906,-0.03676470588235294,0.8885928675683452,0.9478323920729016
FOOOF,K0,fo_R_Delta,906,0.4534313725490197,0.06754818013371684,0.38144854663745986
FOOOF,K3,fo_R_Delta,906,0.24264705882352944,0.348047032295588,0.5799583102464029
FOOOF,K4,fo_R_Delta,906,0.4264705882352942,0.08780457420797669,0.3121940416283615
FOOOF,K0,fo_R_Theta,906,-0.09068627450980393,0.7292353374489888,0.8490992519571304
FOOOF,K3,fo_R_Theta,906,-0.2916666666666667,0.2560026072263,0.4818872606612707
FOOOF,K4,fo_R_Theta,906,-0.2058823529411765,0.4279148531427077,0.7077740641998957
FOOOF,K0,fo_R_Alpha,906,0.17647058823529413,0.49806765732373415,0.8490992519571304
FOOOF,K3,fo_R_Alpha,906,-0.2303921568627451,0.3736648667172987,0.597863786747678
FOOOF,K4,fo_R_Alpha,906,0.32843137254901966,0.19806893186877195,0.48755429383082327
FOOOF,K0,fo_R_Beta*,906,0.11274509803921569,0.666592049963725,0.8490992519571304
FOOOF,K3,fo_R_Beta*,906,-0.14950980392156862,0.5668307307163287,0.7454212349146241
FOOOF,K4,fo_R_Beta*,906,-0.2573529411764706,0.3186676476453986,0.6798243149768504
FOOOF,K0,fo_R_Gamma1,906,0.07843137254901962,0.7647798831352097,0.8490992519571304
FOOOF,K3,fo_R_Gamma1,906,-0.7009803921568628,0.0017194111989726393,0.012697190392413337
FOOOF,K4,fo_R_Gamma1,906,0.0,1.0,1.0
FOOOF,K0,fo_L_offset,907,0.4010989010989011,0.17435746494503282,0.6912548090501578
FOOOF,K3,fo_L_offset,907,-0.14835164835164835,0.6286094178894162,0.7837208326932981
FOOOF,K4,fo_L_offset,907,0.42857142857142855,0.14397143468783608,0.4319143040635082
FOOOF,K0,fo_L_exponent,907,-0.34065934065934067,0.2547064607541252,0.7191711833057652
FOOOF,K3,fo_L_exponent,907,-0.4010989010989011,0.17435746494503282,0.3638764485809381
FOOOF,K4,fo_L_exponent,907,-0.33516483516483514,0.2629431403593601,0.5870358482441529
FOOOF,K0,fo_L_Delta,907,-0.1868131868131868,0.5411235235098939,0.8490992519571304
FOOOF,K3,fo_L_Delta,907,-0.19230769230769232,0.5290679872349875,0.723482374683923
FOOOF,K4,fo_L_Delta,907,-0.12637362637362637,0.680785475070949,0.8612620275878929
FOOOF,K0,fo_L_Theta,907,-0.049450549450549455,0.8725444288811492,0.9104811431803297
FOOOF,K3,fo_L_Theta,907,-0.17032967032967034,0.5779754288392673,0.7498059617374279
FOOOF,K4,fo_L_Theta,907,0.021978021978021976,0.9431862416608072,0.9632540340365691
FOOOF,K0,fo_L_Alpha,907,0.39560439560439564,0.1808891631049407,0.6912548090501578
FOOOF,K3,fo_L_Alpha,907,-0.08241758241758242,0.788950927847518,0.8705665410731234
FOOOF,K4,fo_L_Alpha,907,0.5549450549450549,0.04900449559833098,0.26133949768034764
FOOOF,K0,fo_L_Beta*,907,-0.1043956043956044,0.7343037452877026,0.8490992519571304
FOOOF,K3,fo_L_Beta*,907,-0.19230769230769232,0.5290679872349875,0.723482374683923
FOOOF,K4,fo_L_Beta*,907,-0.18131868131868134,0.5532950092839335,0.7698017520472118
FOOOF,K0,fo_L_Gamma1,907,-0.25274725274725274,0.40477407127094656,0.8278942280337618
FOOOF,K3,fo_L_Gamma1,907,-0.3516483516483516,0.2386997053420337,0.4583034342567047
FOOOF,K4,fo_L_Gamma1,907,-0.2912087912087912,0.3343858561975295,0.6824920226344489
FOOOF,K0,fo_R_offset,907,0.3186813186813187,0.2885831614447202,0.7642430116463809
FOOOF,K3,fo_R_offset,907,-0.39010989010989006,0.1875741161338378,0.38089061873140156
FOOOF,K4,fo_R_offset,907,0.7197802197802198,0.005536115775787642,0.0664333893094517
FOOOF,K0,fo_R_exponent,907,-0.2692307692307692,0.37373304228189164,0.8154175467968545
FOOOF,K3,fo_R_exponent,907,-0.18131868131868134,0.5532950092839335,0.7377266790452447
FOOOF,K4,fo_R_exponent,907,-0.4945054945054945,0.08582353060960755,0.3121940416283615
FOOOF,K0,fo_R_Delta,907,-0.22527472527472525,0.4593051427250058,0.8319489377660483
FOOOF,K3,fo_R_Delta,907,-0.24725274725274726,0.4154051197255382,0.6432079273169623
FOOOF,K4,fo_R_Delta,907,-0.19230769230769232,0.5290679872349875,0.7698017520472118
FOOOF,K0,fo_R_Theta,907,0.12087912087912088,0.6940473279966857,0.8490992519571304
FOOOF,K3,fo_R_Theta,907,-0.5604395604395606,0.04634590589406461,0.1382741403655685
FOOOF,K4,fo_R_Theta,907,-0.06593406593406594,0.8305423857560938,0.916460563592931
FOOOF,K0,fo_R_Alpha,907,-0.12087912087912088,0.6940473279966857,0.8490992519571304
FOOOF,K3,fo_R_Alpha,907,-0.13186813186813187,0.6676075762175147,0.8067492559196676
FOOOF,K4,fo_R_Alpha,907,-0.35714285714285715,0.23092986230203402,0.5542316695248817
FOOOF,K0,fo_R_Beta*,907,-0.3021978021978022,0.3156083662499549,0.7768821323075813
FOOOF,K3,fo_R_Beta*,907,-0.6098901098901099,0.026877834421252016,0.10321088417760774
FOOOF,K4,fo_R_Beta*,907,-0.3131868131868132,0.2974384220710292,0.648956557245882
FOOOF,K0,fo_R_Gamma1,907,0.33516483516483514,0.2629431403593601,0.7212154706999593
FOOOF,K3,fo_R_Gamma1,907,-0.32417582417582413,0.2798818688931399,0.5167049887257966
FOOOF,K4,fo_R_Gamma1,907,0.2802197802197803,0.35376363563367896,0.6824920226344489
FOOOF,K0,fo_L_offset,908,0.17744360902255638,0.4542034838793192,0.8319489377660483
FOOOF,K3,fo_L_offset,908,-0.022556390977443608,0.9247982163788796,0.9546304169072305
FOOOF,K4,fo_L_offset,908,0.18496240601503755,0.4349861436228526,0.7077740641998957
FOOOF,K0,fo_L_exponent,908,0.07368421052631578,0.757528699864343,0.8490992519571304
FOOOF,K3,fo_L_exponent,908,-0.05413533834586466,0.8206745196973446,0.8909035998012853
FOOOF,K4,fo_L_exponent,908,0.06766917293233082,0.7768207117441497,0.9086163455287177
FOOOF,K0,fo_L_Delta,908,0.3142857142857143,0.17716966765175673,0.6912548090501578
FOOOF,K3,fo_L_Delta,908,0.08421052631578946,0.7241036435108112,0.8339279988874503
FOOOF,K4,fo_L_Delta,908,0.31879699248120297,0.1706978721400242,0.4681998778697806
FOOOF,K0,fo_L_Theta,908,0.05263157894736842,0.825581450455932,0.890514822963702
FOOOF,K3,fo_L_Theta,908,-0.9172932330827066,1.2700580723125714e-08,6.096278747100343e-07
FOOOF,K4,fo_L_Theta,908,-0.09774436090225563,0.681832438507082,0.8612620275878929
FOOOF,K0,fo_L_Alpha,908,-0.14285714285714285,0.5479501508336087,0.8490992519571304
FOOOF,K3,fo_L_Alpha,908,-0.7578947368421052,0.00010832096279243408,0.001299851553509209
FOOOF,K4,fo_L_Alpha,908,-0.14586466165413534,0.5394664944297437,0.7698017520472118
FOOOF,K0,fo_L_Beta*,908,-0.2857142857142857,0.22203494893940093,0.6912548090501578
FOOOF,K3,fo_L_Beta*,908,0.21353383458646616,0.36602063833951404,0.5955590047558195
FOOOF,K4,fo_L_Beta*,908,-0.1263157894736842,0.5956535128148985,0.7968872719067978
FOOOF,K0,fo_L_Gamma1,908,0.003007518796992481,0.9899597295184989,0.9899597295184989
FOOOF,K3,fo_L_Gamma1,908,-0.6285714285714286,0.002993820807181269,0.017962924843087615
FOOOF,K4,fo_L_Gamma1,908,0.07368421052631578,0.757528699864343,0.8978117924318139
FOOOF,K0,fo_R_offset,908,0.6616541353383457,0.0014862222546038791,0.06445260722879347
FOOOF,K3,fo_R_offset,908,0.6766917293233082,0.0010509401983731879,0.008407521586985503
FOOOF,K4,fo_R_offset,908,0.631578947368421,0.0028182871655732474,0.05049168851376875
FOOOF,K0,fo_R_exponent,908,0.7233082706766917,0.00031340341734179537,0.030086728064812357
FOOOF,K3,fo_R_exponent,908,0.3203007518796992,0.1685770430646261,0.3638764485809381
FOOOF,K4,fo_R_exponent,908,0.732330827067669,0.00024121635708852904,0.011578385140249394
FOOOF,K0,fo_R_Delta,908,0.1894736842105263,0.42366525592686277,0.8278942280337618
FOOOF,K3,fo_R_Delta,908,-0.8947368421052632,1.0226817406907919e-07,3.2725815702105344e-06
FOOOF,K4,fo_R_Delta,908,0.16240601503759397,0.4939125443630319,0.76476781062663
FOOOF,K0,fo_R_Theta,908,0.04360902255639097,0.8551479470173743,0.9056748598479545
FOOOF,K3,fo_R_Theta,908,-0.4616541353383458,0.040457634341480954,0.1252881579607152
FOOOF,K4,fo_R_Theta,908,0.024060150375939848,0.9197997451459456,0.9632540340365691
FOOOF,K0,fo_R_Alpha,908,-0.24661654135338343,0.29455199407204263,0.7642430116463809
FOOOF,K3,fo_R_Alpha,908,0.1518796992481203,0.5226819111403139,0.723482374683923
FOOOF,K4,fo_R_Alpha,908,-0.20150375939849624,0.3942605047612736,0.700907564020042
FOOOF,K0,fo_R_Beta*,908,0.4676691729323308,0.03758851020414889,0.2888868525099809
FOOOF,K3,fo_R_Beta*,908,-0.58796992481203,0.0064001708761953924,0.030720820205737888
FOOOF,K4,fo_R_Beta*,908,0.4481203007518797,0.04753173575066418,0.26133949768034764
FOOOF,K0,fo_R_Gamma1,908,0.34586466165413526,0.1352523431335165,0.6833802600430307
FOOOF,K3,fo_R_Gamma1,908,-0.7278195488721804,0.00027529626409060167,0.0029364934836330846
FOOOF,K4,fo_R_Gamma1,908,0.32481203007518794,0.16232315576999945,0.4649166305404723
