set,correction,feature,rho_mean,n_validated_pts,validated
DR-SCC,K0,dr_LDelta,0.07405944159040134,0.0,False
DR-SCC,K3,dr_LDelta,-0.18187748783724014,0.0,False
DR-SCC,K4,dr_LDelta,0.2560847820909741,0.0,False
DR-SCC,K0,dr_LTheta,-0.021595703058551362,0.0,False
DR-SCC,K3,dr_LTheta,-0.2208764983726284,0.0,False
DR-SCC,K4,dr_LTheta,-0.04822640594699419,0.0,False
DR-SCC,K0,dr_LAlpha,0.10111768391567154,0.0,False
DR-SCC,K3,dr_LAlpha,-0.10956024110048877,0.0,False
DR-SCC,K4,dr_LAlpha,0.1743782533256218,0.0,False
DR-SCC,K0,dr_LBeta*,0.14880994908084694,0.0,False
DR-SCC,K3,dr_LBeta*,-0.3332530279318205,0.0,False
DR-SCC,K4,dr_LBeta*,0.23280557162136112,0.0,False
DR-SCC,K0,dr_LGamma1,0.24991735560621012,0.0,False
DR-SCC,K3,dr_LGamma1,-0.5228351563297383,0.0,False
DR-SCC,K4,dr_LGamma1,0.14077182492430168,0.0,False
DR-SCC,K0,dr_RDelta,0.20268934496875676,0.0,False
DR-SCC,K3,dr_RDelta,-0.013014932693725244,1.0,False
DR-SCC,K4,dr_RDelta,0.25890915070481635,0.0,False
DR-SCC,K0,dr_RTheta,0.06396661903627845,0.0,False
DR-SCC,K3,dr_RTheta,-0.25381773154605974,0.0,False
DR-SCC,K4,dr_RTheta,0.07510589255945292,0.0,False
DR-SCC,K0,dr_RAlpha,0.12595778189818438,0.0,False
DR-SCC,K3,dr_RAlpha,-0.3915371006702276,0.0,False
DR-SCC,K4,dr_RAlpha,0.08799636251261639,0.0,False
DR-SCC,K0,dr_RBeta*,-0.03812004558908581,0.0,False
DR-SCC,K3,dr_RBeta*,-0.5030045418977307,0.0,False
DR-SCC,K4,dr_RBeta*,-0.12766652207441678,0.0,False
DR-SCC,K0,dr_RGamma1,-0.09301626521053763,0.0,False
DR-SCC,K3,dr_RGamma1,-0.6293277027410155,0.0,False
DR-SCC,K4,dr_RGamma1,-0.04531861327526961,0.0,False
FOOOF,K0,fo_L_offset,-0.00769280384218466,0.0,False
FOOOF,K3,fo_L_offset,-0.12691818630286122,0.0,False
FOOOF,K4,fo_L_offset,0.014657968450538086,0.0,False
FOOOF,K0,fo_L_exponent,0.05163857040792025,0.0,False
FOOOF,K3,fo_L_exponent,-0.19187228535138756,0.0,False
FOOOF,K4,fo_L_exponent,0.06290549620657981,0.0,False
FOOOF,K0,fo_L_Delta,0.029907347554406362,0.0,False
FOOOF,K3,fo_L_Delta,-0.15986742875287768,0.0,False
FOOOF,K4,fo_L_Delta,0.11048329250728631,0.0,False
FOOOF,K0,fo_L_Theta,-0.004474350468932509,0.0,False
FOOOF,K3,fo_L_Theta,-0.47815572585309424,0.0,False
FOOOF,K4,fo_L_Theta,0.019048611347372964,0.0,False
FOOOF,K0,fo_L_Alpha,0.10080936220642105,0.0,False
FOOOF,K3,fo_L_Alpha,-0.4850780798149219,0.0,False
FOOOF,K4,fo_L_Alpha,0.25582401989135733,0.0,False
FOOOF,K0,fo_L_Beta*,-0.038581394096099966,0.0,False
FOOOF,K3,fo_L_Beta*,-0.08623758207736534,0.0,False
FOOOF,K4,fo_L_Beta*,0.16169432347837923,1.0,False
FOOOF,K0,fo_L_Gamma1,0.10055526259086633,0.0,False
FOOOF,K3,fo_L_Gamma1,-0.13549612152553325,0.0,False
FOOOF,K4,fo_L_Gamma1,0.059711992084283114,0.0,False
FOOOF,K0,fo_R_offset,0.36175053017158276,0.0,False
FOOOF,K3,fo_R_offset,-0.01315846176527291,1.0,False
FOOOF,K4,fo_R_offset,0.4855113604146112,0.0,False
FOOOF,K0,fo_R_exponent,0.1876615322242257,1.0,False
FOOOF,K3,fo_R_exponent,-0.05128389412445142,0.0,False
FOOOF,K4,fo_R_exponent,0.2017357449052495,1.0,False
FOOOF,K0,fo_R_Delta,0.14264287698885225,0.0,False
FOOOF,K3,fo_R_Delta,-0.19321798557479672,0.0,False
FOOOF,K4,fo_R_Delta,0.13958340421188722,0.0,False
FOOOF,K0,fo_R_Theta,0.1522739966431917,0.0,False
FOOOF,K3,fo_R_Theta,-0.4696165611993786,0.0,False
FOOOF,K4,fo_R_Theta,0.06747269758105669,0.0,False
FOOOF,K0,fo_R_Alpha,0.08092020208893277,0.0,False
FOOOF,K3,fo_R_Alpha,0.03711073498225201,0.0,False
FOOOF,K4,fo_R_Alpha,0.0755344242960342,0.0,False
FOOOF,K0,fo_R_Beta*,-0.06353411810068157,0.0,False
FOOOF,K3,fo_R_Beta*,-0.5103718714206331,0.0,False
FOOOF,K4,fo_R_Beta*,-0.17545780457932159,0.0,False
FOOOF,K0,fo_R_Gamma1,0.029571099694938707,0.0,False
FOOOF,K3,fo_R_Gamma1,-0.3014792354188639,0.0,False
FOOOF,K4,fo_R_Gamma1,-0.026683223896846187,0.0,False
