model,n,R2,r,MAE,R2_905,r_905,R2_906,r_906,R2_907,r_907,R2_908,r_908,set,norm
M0_persistence,66,0.20134999912077645,0.6299045700886887,0.15365011531237124,0.814520466089035,0.9103557664386561,-0.014163090128755718,0.5843769468799833,-1.0536231884057972,0.1235032622999189,-0.8637992831541226,0.20805601043175614,var,raw
M1_time,66,-0.09305300052464838,-0.25050721453393365,0.19487415059022964,-0.10864282789261992,-0.45040039540168136,-0.03213702392516038,0.07469184226746706,-0.01901354862245852,-0.29340893563210424,-0.15774214503307915,-0.041952952147269656,var,raw
M2_ENR,66,-0.15892839539636694,-0.11109681005256077,0.20130855076881465,-0.020572367973315187,-0.26107060656989156,-0.09969791593313038,0.15664001790926366,-0.3115082233227173,-0.21489892441043656,-0.5526041967230342,-0.32684366717706687,var,raw
M3_ENR+time,66,-0.04047207463849367,-0.10044784261013603,0.1914305488394963,-0.020572367973315187,-0.26107060656989156,-0.018483703015125252,0.3065852556614119,-0.019013548622458742,-0.2934089356321087,-0.15774214503307915,-0.04195295214727024,var,raw
M4_mixed,66,-0.5524224391833337,0.22581060607639902,0.21854754527024853,-0.1815491141404324,0.38487999832784603,-0.2548965470760063,0.5879503024386954,-1.8570666350104523,0.4210765135300518,-1.2249447194850611,-0.26198188743922335,var,raw
M5_SVR,66,-0.04850611248218817,0.052989964611452105,0.18325023626664178,-0.025928755692124827,0.013930949265732295,0.20574661378088066,0.4878175992584134,-0.10837609204765375,0.03455232364388547,-0.26086774249841027,-0.1964069121007984,var,raw
M6_SVR+time,66,-0.10565941995133854,-0.05240190940248361,0.18351107207082137,-0.16708479937292386,-0.31051760019349983,0.27546377549715795,0.625507437606335,0.07838300436468137,0.29624314695783915,-0.26206619013764754,-0.11213997940486309,var,raw
M0_persistence,66,0.20134999912077645,0.6299045700886887,0.15365011531237124,0.814520466089035,0.9103557664386561,-0.014163090128755718,0.5843769468799833,-1.0536231884057972,0.1235032622999189,-0.8637992831541226,0.20805601043175614,var,baseline
M1_time,66,-0.09305300052464838,-0.25050721453393365,0.19487415059022964,-0.10864282789261992,-0.45040039540168136,-0.03213702392516038,0.07469184226746706,-0.01901354862245852,-0.29340893563210424,-0.15774214503307915,-0.041952952147269656,var,baseline
M2_ENR,66,-0.062296199100544625,0.039950987403519704,0.1949994083563344,0.019550158645263216,0.2323990740808838,-0.10717097454417424,-0.22359211313911417,-0.18087480927796085,0.30237209413384086,-0.25508831575746727,-0.334057515710793,var,baseline
M3_ENR+time,66,-0.0738153377269517,-0.0546450402303203,0.19334142421956438,-0.06194972600788806,-0.20879077909679505,-0.03213702392516038,0.07469184226746728,-0.10401896151178791,0.13245810922707635,-0.15774214503307915,-0.0419529521472701,var,baseline
M4_mixed,66,-0.7707490598087123,0.15136814880543034,0.23018184207205597,-0.6224305608263192,0.16272427793783362,-0.9002703188799832,0.47785414590436315,-1.8999043192824292,0.22582962784145166,-0.6849691981739634,-0.10195644764798939,var,baseline
M5_SVR,66,-0.022780296862887406,0.12856552704215043,0.17895869991924235,0.03165877458905575,0.27017271703265777,0.10842678969413078,0.3385848856448255,-0.04342957987699392,0.30181562871526046,-0.2745925935751432,-0.30840486475011825,var,baseline
M6_SVR+time,66,-0.08059084171987219,0.02470337671854656,0.18333163059794746,-0.10090955614799979,-0.08161398475002807,0.1702553609198746,0.4232913237422546,0.013778067884240186,0.24556094433360098,-0.24141167844850164,-0.15441615608429593,var,baseline
M0_persistence,66,0.20134999912077645,0.6299045700886887,0.15365011531237124,0.814520466089035,0.9103557664386561,-0.014163090128755718,0.5843769468799833,-1.0536231884057972,0.1235032622999189,-0.8637992831541226,0.20805601043175614,mean+var,raw
M1_time,66,-0.09305300052464838,-0.25050721453393365,0.19487415059022964,-0.10864282789261992,-0.45040039540168136,-0.03213702392516038,0.07469184226746706,-0.01901354862245852,-0.29340893563210424,-0.15774214503307915,-0.041952952147269656,mean+var,raw
M2_ENR,66,-0.0492060320058183,0.015751370147673055,0.19057547412136042,-0.01777970996128908,-0.10762104971605549,0.01808685915970165,0.38984465782905275,-0.017731874311972762,0.02457437140122802,-0.22727245161904053,-0.17869188614590473,mean+var,raw
M3_ENR+time,66,-0.04614306628909337,-0.05643092464846164,0.19027614341158433,-0.033364836419745414,-0.21973261476340633,-0.0027250159451683853,0.2768796266855387,-0.01901354862245852,-0.29340893563210496,-0.15774214503307915,-0.041952952147270184,mean+var,raw
M4_mixed,66,-0.8731035182500253,0.3207457234680082,0.2410979153901336,-0.09235842371599912,0.4491668675600834,-0.3881780666815908,0.7510938148448585,-3.439158452221914,0.15045449767280247,-2.2386304436469833,-0.019729009221099894,mean+var,raw
M5_SVR,66,-0.06678715547082481,0.13806254167211343,0.18226992560334623,-0.041908445328422195,0.025469644522613397,0.3346509137755811,0.5896230853195099,-0.366729839673372,0.2671455836213979,-0.2583954880557242,-0.1024660018815422,mean+var,raw
M6_SVR+time,66,0.08199586060531805,0.36942819192086146,0.17228464261373003,0.23068746373143212,0.48678662366462644,0.40580398616704694,0.7410431286852028,-0.13149665458984816,0.3057234524390978,-0.44439767895227367,-0.26599193916599034,mean+var,raw
M0_persistence,66,0.20134999912077645,0.6299045700886887,0.15365011531237124,0.814520466089035,0.9103557664386561,-0.014163090128755718,0.5843769468799833,-1.0536231884057972,0.1235032622999189,-0.8637992831541226,0.20805601043175614,mean+var,baseline
M1_time,66,-0.09305300052464838,-0.25050721453393365,0.19487415059022964,-0.10864282789261992,-0.45040039540168136,-0.03213702392516038,0.07469184226746706,-0.01901354862245852,-0.29340893563210424,-0.15774214503307915,-0.041952952147269656,mean+var,baseline
M2_ENR,66,0.06910685987786702,0.39165921169647594,0.16755698074411743,0.14600187560093358,0.537096636341512,0.3151815032953297,0.7198179403570555,-0.47693240959476646,0.31365280629886283,-0.07049422381275527,-0.051301868592782116,mean+var,baseline
M3_ENR+time,66,-0.09593160749766105,0.23617845941972365,0.1889902751708096,-0.08339769318622703,0.3271667540588292,0.10768835633475438,0.6627260945051618,-0.4852888785690399,0.19349395013805226,-0.10999674864270781,0.023356276544877097,mean+var,baseline
M4_mixed,66,-1.8044587966051564,0.3644020726541386,0.2397843596732474,-2.2338657142755283,0.3856385929406826,-0.8465135923797689,0.7222824908127348,-3.717926071490764,0.05656931144620976,-0.38655932416415295,0.09494572052078809,mean+var,baseline
M5_SVR,66,0.12043829938292205,0.3587719594778132,0.1608508409651897,0.1966664104729009,0.5969388756573925,0.4388712513994344,0.6647829435703835,-0.18363412124064782,0.4097868533112622,-0.16047758025937675,-0.13239178854894895,mean+var,baseline
M6_SVR+time,66,-0.015874028938294815,0.2999822895951775,0.17639304370500739,0.008271471780170292,0.4284688291248919,0.24763536995526625,0.5780237167646972,-0.10968191067234612,0.4002676383795294,-0.22123890932468915,-0.058677040821319915,mean+var,baseline
M0_persistence,66,0.20134999912077645,0.6299045700886887,0.15365011531237124,0.814520466089035,0.9103557664386561,-0.014163090128755718,0.5843769468799833,-1.0536231884057972,0.1235032622999189,-0.8637992831541226,0.20805601043175614,dr-var,raw
M1_time,66,-0.09305300052464838,-0.25050721453393365,0.19487415059022964,-0.10864282789261992,-0.45040039540168136,-0.03213702392516038,0.07469184226746706,-0.01901354862245852,-0.29340893563210424,-0.15774214503307915,-0.041952952147269656,dr-var,raw
M2_ENR,66,-0.06547009514065305,-0.0713004732243401,0.1948392083775631,-0.059834560198561926,-0.08182914900116323,-0.03213702392516038,0.07469184226746706,-0.01901354862245852,-0.29340893563210496,-0.16118168892584128,-0.08707190951888968,dr-var,raw
M3_ENR+time,66,-0.09788598986676389,-0.21780012629438888,0.19530446154835432,-0.11697773660330579,-0.3528711174208814,-0.03213702392516038,0.07469184226746706,-0.019013548622458076,-0.29340893563209997,-0.15774214503307915,-0.0419529521472701,dr-var,raw
M4_mixed,66,-0.902177942176269,-0.015613240430099942,0.22946921185895144,-0.9667609275621942,0.10192359261023429,-0.28252105827314633,0.19161982453166812,-0.6368255234575544,0.16221380801959995,-1.243577654838726,-0.4920073463394719,dr-var,raw
M5_SVR,66,-0.173260201063403,-0.1292611609233324,0.19762813558717962,-0.17635403148059137,-0.1815863444547787,0.010962964042233514,0.19808727902888187,-0.011335777489602572,0.05855188496596388,-0.3800005069852612,-0.2865079416578494,dr-var,raw
M6_SVR+time,66,-0.2128684631047415,-0.2033492063577174,0.19428719693722618,-0.3312351460386409,-0.4966587305314272,0.1756068142217616,0.5139787219134286,0.059758375664019536,0.2522103465843973,-0.25843392066621473,-0.15758232298092334,dr-var,raw
M0_persistence,66,0.20134999912077645,0.6299045700886887,0.15365011531237124,0.814520466089035,0.9103557664386561,-0.014163090128755718,0.5843769468799833,-1.0536231884057972,0.1235032622999189,-0.8637992831541226,0.20805601043175614,dr-var,baseline
M1_time,66,-0.09305300052464838,-0.25050721453393365,0.19487415059022964,-0.10864282789261992,-0.45040039540168136,-0.03213702392516038,0.07469184226746706,-0.01901354862245852,-0.29340893563210424,-0.15774214503307915,-0.041952952147269656,dr-var,baseline
M2_ENR,66,-0.11392729282307257,-0.16717880073791863,0.1937489170431375,-0.13507034426131126,-0.28242765869620934,-0.05701078499371204,-0.005342603435407059,-0.020042558077697947,-0.35117560093767974,-0.17065932377060333,-0.16651527475202138,dr-var,baseline
M3_ENR+time,66,-0.2238921875109965,-0.24464842835430875,0.19929884148841764,-0.33428633796794927,-0.39030677841214223,-0.03213702392516038,0.07469184226746706,-0.0190135486224583,-0.2934089356321022,-0.15774214503307915,-0.041952952147269656,dr-var,baseline
M4_mixed,66,-0.875123961090086,-0.025074860788375175,0.2284596308743841,-1.0901675006791436,0.09624872575088608,-0.2106816580468751,0.08935562316586826,-0.35974062023577424,-0.09161227735303257,-0.9319381547982497,-0.47714065413647827,dr-var,baseline
M5_SVR,66,-0.261864710213743,-0.17345704811323667,0.19830995388015063,-0.31331254138246334,-0.37345936441485555,-0.026100572530920685,0.11435944769152266,-0.12457798247951013,0.057084453505449426,-0.35434447823225024,-0.20855230905604416,dr-var,baseline
M6_SVR+time,66,-0.24698116755847144,-0.055070489959261906,0.18849403962114833,-0.3469425563094255,-0.44122321890766847,0.3403099063129159,0.5942359061018482,-0.25065741864282787,0.2702917682079309,-0.32852001089247285,-0.1622980652758334,dr-var,baseline
M0_persistence,66,0.20134999912077645,0.6299045700886887,0.15365011531237124,0.814520466089035,0.9103557664386561,-0.014163090128755718,0.5843769468799833,-1.0536231884057972,0.1235032622999189,-0.8637992831541226,0.20805601043175614,dr-mean+var,raw
M1_time,66,-0.09305300052464838,-0.25050721453393365,0.19487415059022964,-0.10864282789261992,-0.45040039540168136,-0.03213702392516038,0.07469184226746706,-0.01901354862245852,-0.29340893563210424,-0.15774214503307915,-0.041952952147269656,dr-mean+var,raw
M2_ENR,66,-0.1570424215320203,0.09233789561256214,0.1896626743029759,-0.12588513779137078,0.0182700313517713,0.06083617931436336,0.5022138431280601,-0.8454990074048969,0.3253082899706803,-0.10076210660206386,0.12961990860390296,dr-mean+var,raw
M3_ENR+time,66,-0.26720639584749106,-0.09789342874987211,0.20070036899054375,-0.3244485223033988,-0.34872860806714745,-0.03213702392516038,0.07469184226746706,-0.5506834148950486,0.2083035379488147,-0.15774214503307915,-0.04195295214727007,dr-mean+var,raw
M4_mixed,66,-0.957298691031722,0.2406676307123503,0.23611382301975103,-0.6048485190559654,0.6269784578001929,0.34965718406684443,0.6649140853412407,-4.403586053050962,0.07154390193190933,-1.184988089343752,-0.3834483471290634,dr-mean+var,raw
M5_SVR,66,-0.3396838864908136,0.14879055700676141,0.19288655844700509,-0.33671278393929893,0.051873031123419816,0.2818302647310358,0.691944845022681,-1.289414562741407,0.4236436345741377,-0.31119908566358356,-0.07720092680754796,dr-mean+var,raw
M6_SVR+time,66,-0.1760856795074186,0.10195887138038648,0.18257755884238325,-0.22638712614932666,-0.23920928117187404,0.3455015989073278,0.7072171448145086,-0.28304159910977944,0.3912187273818097,-0.31223566660419855,-0.04640085630605667,dr-mean+var,raw
M0_persistence,66,0.20134999912077645,0.6299045700886887,0.15365011531237124,0.814520466089035,0.9103557664386561,-0.014163090128755718,0.5843769468799833,-1.0536231884057972,0.1235032622999189,-0.8637992831541226,0.20805601043175614,dr-mean+var,baseline
M1_time,66,-0.09305300052464838,-0.25050721453393365,0.19487415059022964,-0.10864282789261992,-0.45040039540168136,-0.03213702392516038,0.07469184226746706,-0.01901354862245852,-0.29340893563210424,-0.15774214503307915,-0.041952952147269656,dr-mean+var,baseline
M2_ENR,66,-0.20463976120502303,0.2526089799842132,0.19462803895196415,-0.29050665291877387,0.4537652927788176,-0.0371751437023633,0.0386721296746491,-0.07947886988517627,0.18773793889283477,-0.15774214503307915,-0.04195295214726985,dr-mean+var,baseline
M3_ENR+time,66,-0.16680770520401933,0.27266864573789834,0.19429590928408427,-0.23311882582528853,0.4936499766755207,-0.03213702392516038,0.07469184226746706,-0.03612256033606176,-0.19412570002436197,-0.15774214503307915,-0.04195295214726985,dr-mean+var,baseline
M4_mixed,66,-1.060835225016472,0.3401400441256465,0.23648816119221214,-1.207515282902491,0.6499282278586407,0.24732991829167128,0.6733889977026648,-2.3123930646601485,0.0983480976428807,-0.8764285977124806,-0.31245192846693925,dr-mean+var,baseline
M5_SVR,66,-0.16883194592613382,0.08961099574211345,0.1865389786866197,-0.21918605283218096,0.13591122157818442,0.07968797745310807,0.29914325740570724,-0.15810537917802514,0.28214146623401115,-0.21160221041446303,-0.15916483610151513,dr-mean+var,baseline
M6_SVR+time,66,-0.18667790500449333,0.06903714195814895,0.181465088643836,-0.3158265192188121,0.010528330847032932,0.22337575305934632,0.5078299668041921,0.023169431872372748,0.3018929764428189,-0.18502826421800211,-0.03336458693086408,dr-mean+var,baseline
