set,pt,n_sessions,rho_score_nHDRS,p_score_nHDRS,rho_score_week,p_score_week
var,905,16,-0.08721476665747956,0.7480793503470171,-0.16176470588235295,0.5494831434036929
var,906,17,0.005029954548278569,0.9847140287953654,0.07843137254901962,0.7647798831352097
var,907,13,-0.6045154585215187,0.028632638743861585,0.48901098901098894,0.08991308230865638
var,908,20,0.02499118063325722,0.9167064554041857,0.21654135338345865,0.3591457825704002
mean,905,16,-0.764237870540965,0.0005667469349291672,-0.7441176470588236,0.0009482827857378686
mean,906,17,-0.7394033185969496,0.0006938721576983048,0.8529411764705884,1.3543912055682996e-05
mean,907,13,-0.6435164558454877,0.01763812189462889,0.6813186813186813,0.010340409451492895
mean,908,20,0.006815776536342878,0.9772485498906671,0.5338345864661653,0.0153370468002174
mean+var,905,16,-0.650415208971034,0.006370664673166744,-0.6558823529411765,0.005800736962231502
mean+var,906,17,-0.7507207163305765,0.000515652485844512,0.8627450980392157,8.317125318327623e-06
mean+var,907,13,-0.6435164558454877,0.01763812189462889,0.6813186813186813,0.010340409451492895
mean+var,908,20,0.04619581874632395,0.8466503584254582,0.544360902255639,0.013082608661519562
dr-var,905,16,0.1744295333149591,0.518212363093929,0.15294117647058825,0.5717446192454616
dr-var,906,17,0.2653301024216945,0.303360491640944,-0.3504901960784314,0.16781533363739973
dr-var,907,13,-0.2925074799297671,0.33213528669817916,0.40659340659340654,0.16797834614789645
dr-var,908,20,-0.1590347858480005,0.5030412240184041,0.04661654135338346,0.8452698052894374
dr-mean+var,905,16,0.1182573107220062,0.6626957356243239,0.35000000000000003,0.18386882202619317
dr-mean+var,906,17,-0.481618147997673,0.05028797430487729,0.5784313725490197,0.014996936854650101
dr-mean+var,907,13,-0.11978877749504747,0.696688742943414,0.2912087912087912,0.3343858561975295
dr-mean+var,908,20,0.08784778646841931,0.7126614560716089,0.09323308270676692,0.6958288642370746
