norm,N,model,n,R2,r,MAE,mean_pt_r
baseline,0,M1_time,144,-0.18452339637521753,-0.5652163220014604,0.2093834712889558,-0.7953573674941871
baseline,0,M2_ENR,144,-0.41144523815867684,-0.06555620989020577,0.200591893090543,-0.12379502384887146
baseline,0,M3_ENR+time,144,-0.41944824406638115,-0.16171323825444683,0.20440438795456284,-0.373490022027979
baseline,0,M4_mixed,144,-4.927815997882271,0.11952674374079458,0.4294553234747437,-0.08139354587313734
baseline,0,M5_SVR,144,-0.2063583099697992,-0.08669426495808892,0.21828549125094807,0.006890930431804123
baseline,0,M6_SVR+time,144,-0.15077995653713727,-0.046441230523933084,0.20443224357957185,0.08583984933708592
baseline,2,M0_persistence,144,-2.3650119384621457,0.030620792196490988,0.3738454790048845,
baseline,2,M1_time,144,-0.18337006833895497,-0.5741550057942829,0.2096454173219067,-0.8155160571486457
baseline,2,M2_ENR,144,-0.36647996924431947,-0.05341865470005347,0.19860134201980928,-0.10646154881583643
baseline,2,M3_ENR+time,144,-0.42685368645797395,-0.16008617392992547,0.2045468931310418,-0.3247294497956397
baseline,2,M4_mixed,144,-6.091332936832739,0.11522572384175975,0.47764416874414223,-0.08227795690312413
baseline,2,M5_SVR,144,-0.24113547289976411,-0.08874809583735024,0.22235169002951358,-0.05787069332908481
baseline,2,M6_SVR+time,144,-0.15098079657969188,-0.03965199649120943,0.20455305271291532,0.08885402416126541
baseline,4,M0_persistence,144,-2.5474198422403473,0.005409778315841718,0.38969683631965646,
baseline,4,M1_time,144,-0.18093432711306323,-0.48654911677348595,0.20845575095630686,-0.26052422959891397
baseline,4,M2_ENR,144,-0.3606745047761011,-0.045953257752352816,0.19864889688180248,-0.09404969981667044
baseline,4,M3_ENR+time,144,-0.4395420984005922,-0.1378375232415766,0.2052882702537615,-0.22496769371623834
baseline,4,M4_mixed,144,-7.133130065313949,0.09740642699764912,0.5245087071381344,-0.0760834044063422
baseline,4,M5_SVR,144,-0.21504989397363028,-0.08063159901179587,0.21909387149543244,0.03750122732266803
baseline,4,M6_SVR+time,144,-0.13143943593503882,-0.029751071928077685,0.20272159366827802,0.09694020752076186
baseline,8,M0_persistence,120,-1.7410566473998457,0.07666349519759205,0.30290964525330727,
baseline,8,M1_time,120,-0.14403097154411837,-0.4230807652561709,0.2014322294436783,-0.21820640107946077
baseline,8,M2_ENR,120,-0.49623055613534994,-0.09643914538187737,0.19941245502753843,-0.11332310011390738
baseline,8,M3_ENR+time,120,-0.8533308679840879,-0.16558635286939016,0.21906038338601813,-0.17406759269027383
baseline,8,M4_mixed,120,-3.647064495225626,-0.14832716533060547,0.3546128982581452,-0.08739852590828595
baseline,8,M5_SVR,120,-0.25886108408871356,0.017719225768026106,0.19030704758754777,0.09831845679444073
baseline,8,M6_SVR+time,120,-0.18688779323858995,0.05870019469319457,0.18085067653522433,0.2873677366324967
baseline,12,M0_persistence,96,-0.3665968095902812,0.2025155310805075,0.1945593462592512,
baseline,12,M1_time,96,-0.1358313637949642,-0.40539575773624054,0.20686577319467178,-0.15277030582026563
baseline,12,M2_ENR,96,-0.49752573700881464,-0.18568710282845036,0.20977246468464147,-0.13797608410488219
baseline,12,M3_ENR+time,96,-0.8281330317994946,-0.2717428943287198,0.23081726095374303,-0.44181570888572436
baseline,12,M4_mixed,96,-1.6395204505322725,-0.1361952772448543,0.2609003784562585,-0.11748274486623357
baseline,12,M5_SVR,96,-0.3338718920615946,-0.030861150769254588,0.19885959220191393,-0.02849780338872449
baseline,12,M6_SVR+time,96,-0.24656917220778207,0.04042126390291722,0.18595108327210655,0.15749643566225738
baseline,16,M0_persistence,72,-1.198498174030751,-0.20941257892569798,0.24562323694150917,
baseline,16,M1_time,72,-0.17113908081592766,-0.5114116853043391,0.2072907915439799,-0.7572656590266235
baseline,16,M2_ENR,72,-0.741459131285161,-0.40549488108962806,0.2242299803591471,-0.16732503649180944
baseline,16,M3_ENR+time,72,-1.0661398138100466,-0.488664760714604,0.2438571452868813,-0.6083595943420826
baseline,16,M4_mixed,72,-1.99096293979891,-0.3068943820996393,0.2728660264596686,-0.1676154988517403
baseline,16,M5_SVR,72,-0.5828193173886267,-0.27546258030125753,0.2118441292105472,-0.11840158951948614
baseline,16,M6_SVR+time,72,-0.5082728627546764,-0.20942135207545012,0.194105768686382,-0.007655360184497186
raw,0,M1_time,144,-0.18452339637521753,-0.5652163220014604,0.2093834712889558,-0.7953573674941871
raw,0,M2_ENR,144,-0.23649626389434264,-0.14265122171372874,0.19962507289545417,-0.47955069018373225
raw,0,M3_ENR+time,144,-0.3101298814546818,-0.26062825801863654,0.205882000852606,-0.5397843501631691
raw,0,M4_mixed,144,-3.9864674229045276,0.22517207041952889,0.36620517542429215,-0.11140358933588039
raw,0,M5_SVR,144,-0.15787796636937035,-0.08198055026320447,0.20485466859784268,-0.05126073733538053
raw,0,M6_SVR+time,144,-0.21055934749905503,-0.09178302485087286,0.20558432746890956,0.045299271188792074
raw,2,M0_persistence,144,-2.3650119384621457,0.030620792196490988,0.3738454790048845,
raw,2,M1_time,144,-0.18337006833895497,-0.5741550057942829,0.2096454173219067,-0.8155160571486457
raw,2,M2_ENR,144,-0.18984956007577702,-0.15182719672953474,0.19989488770274969,-0.4332153980354681
raw,2,M3_ENR+time,144,-0.23386377769656286,-0.2727313553359442,0.20533101112835087,-0.6979424879902134
raw,2,M4_mixed,144,-6.017981337134221,0.20738068309462787,0.4443535265616278,-0.11712982455913612
raw,2,M5_SVR,144,-0.18377042449630943,-0.08407504084005439,0.20766619675179637,-0.028457707716445808
raw,2,M6_SVR+time,144,-0.1814200034125757,-0.08067791346533913,0.20696141866981485,0.028478939432321142
raw,4,M0_persistence,144,-2.5474198422403473,0.005409778315841718,0.38969683631965646,
raw,4,M1_time,144,-0.18093432711306323,-0.48654911677348595,0.20845575095630686,-0.26052422959891397
raw,4,M2_ENR,144,-0.13503420411144695,-0.19733411583705746,0.20204160020695305,-0.4525013538449191
raw,4,M3_ENR+time,144,-0.1846254093188009,-0.31823875242945243,0.20621898776807152,-0.3218395055738586
raw,4,M4_mixed,144,-6.332060947700147,0.1976132971835726,0.45262110423315666,-0.10633785875018999
raw,4,M5_SVR,144,-0.2138833026471072,-0.09875388583076847,0.20988168927040626,-0.03319380218167368
raw,4,M6_SVR+time,144,-0.2288717037714454,-0.09023883381412515,0.206999769559719,0.04681827561204414
raw,8,M0_persistence,120,-1.7410566473998457,0.07666349519759205,0.30290964525330727,
raw,8,M1_time,120,-0.14403097154411837,-0.4230807652561709,0.2014322294436783,-0.21820640107946077
raw,8,M2_ENR,120,-0.21455107557823005,-0.14907560473277745,0.19585573563129502,-0.3075089412927695
raw,8,M3_ENR+time,120,-0.22850035233274268,-0.18050895638358494,0.19744126338038578,-0.620480275597515
raw,8,M4_mixed,120,-1.7303657391939598,0.013160101141177445,0.272779985341163,-0.17268041806638115
raw,8,M5_SVR,120,-0.2473744281601029,-0.037578376842778725,0.1963913367018641,-0.0833647205139257
raw,8,M6_SVR+time,120,-0.20706377136625487,-0.04239230217625956,0.18966672568635357,0.040957561852195824
raw,12,M0_persistence,96,-0.3665968095902812,0.2025155310805075,0.1945593462592512,
raw,12,M1_time,96,-0.1358313637949642,-0.40539575773624054,0.20686577319467178,-0.15277030582026563
raw,12,M2_ENR,96,-0.3057078411508003,-0.24719991647075387,0.20848613942075736,-0.32002880829095587
raw,12,M3_ENR+time,96,-0.3667844485324465,-0.25900764327163206,0.2099720414381049,-0.18553018284590017
raw,12,M4_mixed,96,-1.53778206534512,-0.047622714672672574,0.27035071821010864,-0.1330183273799536
raw,12,M5_SVR,96,-0.27146466645567835,-0.05552377194257865,0.19909553653143988,-0.12481115429150708
raw,12,M6_SVR+time,96,-0.25205213282133965,-0.02425491692255897,0.19235478881819065,-0.01902650654310468
raw,16,M0_persistence,72,-1.198498174030751,-0.20941257892569798,0.24562323694150917,
raw,16,M1_time,72,-0.17113908081592766,-0.5114116853043391,0.2072907915439799,-0.7572656590266235
raw,16,M2_ENR,72,-0.5008727670171029,-0.4646253295417728,0.22006473031201235,-0.18863465661533907
raw,16,M3_ENR+time,72,-0.584129042900472,-0.47450015287282127,0.22332480304731112,-0.24169731183799956
raw,16,M4_mixed,72,-2.1483397850566623,-0.23466836231403107,0.3024349717287459,-0.16426771708276197
raw,16,M5_SVR,72,-0.5364793781101338,-0.29070851574081075,0.2144255560287019,-0.2758807079178683
raw,16,M6_SVR+time,72,-0.5160408964695171,-0.2624292974454209,0.20155219574251465,-0.1590555336239689
