model,n,R2,r,MAE,mean_pt_r,draw
M1_time,144,-0.012573766639261574,0.07332734375435264,0.20035083917091892,0.21015023998654714,0
M2_ENR,144,-0.03079028757521174,0.048050895486785684,0.20346243941537262,0.04919898556021696,0
M3_ENR+time,144,-0.03704046365514779,0.03197410993945832,0.20414417505953308,0.043334437405732,0
M4_mixed,144,-0.5174921713069269,0.18106578164656112,0.22937734847476612,-0.06574469658258152,0
M5_SVR,144,0.027855039005170945,0.27961259941258615,0.18981890092268933,0.12370167026333129,0
M6_SVR+time,144,0.1101173461696262,0.366805520708481,0.1846953057412922,0.24401723439327583,0
M1_time,144,-0.03842174118875974,-0.20635680757097952,0.2119609862723268,-0.1419601470443674,1
M2_ENR,144,-0.04619252877522739,-0.1719338263543922,0.2128169092008515,-0.13516315600795417,1
M3_ENR+time,144,-0.038829392563730636,-0.22471000665938884,0.21228691207805322,-0.14108837552127343,1
M4_mixed,144,-0.39275988534300765,0.09418547990671683,0.23225609401791836,-0.08466566988535451,1
M5_SVR,144,0.003502852575177906,0.22703174614538757,0.19595375308290958,-0.05323916136209315,1
M6_SVR+time,144,0.0802145083539737,0.32149856641900243,0.19083677746898825,0.09250085337424661,1
M1_time,144,-0.01647430642384795,-0.3013636137797695,0.20128299484667755,-0.2122318824596526,2
M2_ENR,144,-0.025306321729353654,-0.24369752042454423,0.202238836861519,-0.21174432099340335,2
M3_ENR+time,144,-0.025306321729353654,-0.24369752042454418,0.202238836861519,-0.21174432099340343,2
M4_mixed,144,-0.369095763507709,0.12251988052830277,0.22888398363208198,0.0056945682817504395,2
M5_SVR,144,0.004138182607798635,0.24540360616610174,0.18960103851107646,-0.03071500635592489,2
M6_SVR+time,144,0.05374336567467297,0.3219837803584223,0.18231711354139016,0.08819938362148434,2
M1_time,144,-0.03723570000965881,-0.2923471423821864,0.20576884934149164,-0.24975530869936727,3
M2_ENR,144,-0.013388849197909503,0.002141949420041634,0.20375932144327352,-0.03915842254256486,3
M3_ENR+time,144,-0.007508418461118049,0.0354972323614587,0.20150592743070625,0.056727670755228415,3
M4_mixed,144,-0.19540245542832557,0.2224710716951786,0.21470791400727085,0.1424929409823857,3
M5_SVR,144,-0.04691043321584698,0.08335060419684549,0.20355502598093092,-0.066396677591106,3
M6_SVR+time,144,-0.035506949561989076,0.13848007327760664,0.20346645889725223,0.059701638622685106,3
M1_time,144,-0.04710297957650322,-0.06166561711075162,0.1969411070470968,0.08943221240406485,4
M2_ENR,144,-0.036510947292363705,-0.0014493483024878503,0.19640897417567083,0.0016355730908586736,4
M3_ENR+time,144,-0.06319162836349945,-0.06920540454283836,0.19974254807948352,-0.09727195580978164,4
M4_mixed,144,-0.08276707126340899,0.24539235718621152,0.1933570452242493,0.05422058836584311,4
M5_SVR,144,0.00615634292659728,0.23356810509297832,0.18567326429451902,0.12012292178317703,4
M6_SVR+time,144,-0.05611812376228542,0.20517212130560042,0.18794666013364703,0.15152953016450443,4
M1_time,144,-0.00010789281802825457,0.08787554309575717,0.21297514910890214,0.12908527150727822,5
M2_ENR,144,-0.040495958935470755,-0.05684845071025549,0.2137608817381873,-0.079878103288739,5
M3_ENR+time,144,-0.012534109740224952,0.07276564752122226,0.21172594234817058,0.04162349568306377,5
M4_mixed,144,-0.16959579930344537,0.2862628746864224,0.21619696894215865,0.2044200748553587,5
M5_SVR,144,0.10164609997256036,0.37446147247003353,0.19102214588237018,0.2210636354856325,5
M6_SVR+time,144,0.12288829776072752,0.38336703336228606,0.19620780247608038,0.25386064047941437,5
M1_time,144,-0.0185165243090204,-0.30770121774923664,0.21173691004436357,-0.21204655205964507,6
M2_ENR,144,-0.018605487223910755,-0.30859406954014806,0.2117567683903605,-0.21231956977110453,6
M3_ENR+time,144,-0.018605487223910755,-0.308594069540148,0.21175676839036053,-0.21231956977110408,6
M4_mixed,144,-0.17521136559064288,0.24654677797821187,0.2243740490851035,0.10799927840278396,6
M5_SVR,144,-0.04872721271055758,0.16148055373303077,0.2039548335713505,-0.09985529351101936,6
M6_SVR+time,144,-0.0721183695344918,0.13220824369241913,0.20774043323675437,-0.0740291790858895,6
M1_time,144,-0.02085679378784766,-0.24902478326379263,0.21403829049888415,-0.13476589080958376,7
M2_ENR,144,-0.011571722950715735,0.08053845229031587,0.21352108411137863,0.0015437225099388708,7
M3_ENR+time,144,-0.0021691085234136764,0.10187116481494776,0.21244677223951397,0.029931828270632857,7
M4_mixed,144,0.018743551629886057,0.37182176426328895,0.20305917429500944,0.23010610140777146,7
M5_SVR,144,0.11880882345187294,0.3723606453023305,0.19191257206290568,0.11883882232062665,7
M6_SVR+time,144,0.12006072424088632,0.36840883637353405,0.19241741211615182,0.10495608605528066,7
M1_time,144,0.03627044818307579,0.19365192492048022,0.2098642988854403,0.2823732039540238,8
M2_ENR,144,-0.006447262204531068,0.1189542897902444,0.21064299098335665,0.04698988675777216,8
M3_ENR+time,144,0.07444301362311512,0.2768394112554993,0.20170705342767276,0.16882835965326046,8
M4_mixed,144,0.002460854520987543,0.33367459560605506,0.20058706765053555,0.14040016643605074,8
M5_SVR,144,0.06923440532439762,0.35743803221636866,0.19552703472389688,0.15865171381239698,8
M6_SVR+time,144,0.08828018895510115,0.3530736729178654,0.1978465536743584,0.23708544393232844,8
M1_time,144,-0.02906688198907359,-0.28542260798366875,0.21110396974390536,-0.05980553888793711,9
M2_ENR,144,-0.010862774279096543,0.015643245623127987,0.2074369453943925,-0.11062083389093082,9
M3_ENR+time,144,-0.010862774279096543,0.01564324562312825,0.2074369453943925,-0.11062083389093012,9
M4_mixed,144,-0.22779158010801215,0.2624679525206284,0.21348840652912163,0.01990158950082836,9
M5_SVR,144,0.012942009088398931,0.23194907320310382,0.19595732908833935,0.041010846790236186,9
M6_SVR+time,144,0.04672817103437199,0.2720397134509081,0.19394916867297168,0.10651978499182534,9
M1_time,144,-0.04652683397660984,-0.03813319261170293,0.19945986620661882,0.11128948202413534,10
M2_ENR,144,-0.005446820734930746,0.10460521515863248,0.19646978582149177,0.04111903901565028,10
M3_ENR+time,144,-0.025649776241247535,0.09857353629770224,0.1961075270442646,0.02303074462554282,10
M4_mixed,144,-0.08905881876293864,0.30167874086391655,0.1915683256964764,0.18914529509395883,10
M5_SVR,144,0.10997329646604026,0.3587890304468252,0.1738486213712559,0.3103915820939987,10
M6_SVR+time,144,0.10906586952141384,0.3581646314246524,0.17498331726512287,0.26256454226513815,10
M1_time,144,-0.05836212233001681,-0.3647234018013692,0.2090045176729551,-0.22714802196965056,11
M2_ENR,144,-0.09117530298139975,-0.22390156168901554,0.2110429366798729,-0.32832670243046413,11
M3_ENR+time,144,-0.08567767154328676,-0.21934334561031443,0.2104716283301725,-0.3032696202474106,11
M4_mixed,144,-0.38411800935191986,0.11817740934139871,0.2242712569227595,-0.1605047227962715,11
M5_SVR,144,0.02274817338649826,0.2780355553109058,0.18881722852006405,0.12150031705766791,11
M6_SVR+time,144,0.04368454176222614,0.2918702990046178,0.18838986860026719,0.1424859444595538,11
M1_time,144,-0.02243890036077878,0.032177435867529205,0.21252020185629603,0.1433121235214886,12
M2_ENR,144,-0.02074507874596776,0.04791948668327802,0.21146440315295637,-0.06220214908567221,12
M3_ENR+time,144,-0.01931376174057542,0.05521673093742869,0.21119953289057922,-0.06059015627376613,12
M4_mixed,144,-0.25445198658917545,0.22497343545318596,0.22558932119925817,0.11363179797220353,12
M5_SVR,144,-0.060872565222265695,0.14159087788383284,0.20525044876541335,0.024510575682972657,12
M6_SVR+time,144,0.004143341526509969,0.2738162020100927,0.19757701291149854,0.11884493992620916,12
M1_time,144,-0.025689503674845016,-0.10665848094617708,0.21433725155927308,-0.0583759558414332,13
M2_ENR,144,-0.0050573729039460336,0.0327885801297907,0.21084480575991937,-0.10714911026228997,13
M3_ENR+time,144,-0.004708034043999332,0.03347425372062755,0.2108931116700116,-0.09090918226591166,13
M4_mixed,144,-0.06973584073263472,0.2998718101405152,0.20778961843087987,0.0997870564539992,13
M5_SVR,144,0.05968112860024277,0.29149553209228407,0.19428955800842534,0.06817176179577124,13
M6_SVR+time,144,0.06793492298053938,0.30879899556748336,0.19471067580679477,0.12802079762330557,13
M1_time,144,-0.029781218693638145,-0.20195672884857058,0.21633216615145506,-0.27449608277341736,14
M2_ENR,144,-0.026183812486736624,-0.06836640096942509,0.21627799582200247,-0.14385489138327678,14
M3_ENR+time,144,-0.026276865170373975,-0.07966073857284489,0.2164473545274202,-0.2295842819002436,14
M4_mixed,144,-0.24775244563817944,0.28715227333013826,0.2269807382608849,0.02353270626607973,14
M5_SVR,144,-0.030346021162614978,0.2929306024693196,0.20154369007617903,0.07414360082034722,14
M6_SVR+time,144,-0.0904778060929885,0.1006838305412697,0.2175655044880953,-0.09188812044685607,14
M1_time,144,-0.031368453365064886,-0.2746209465527696,0.21540333930138506,-0.189122711510796,15
M2_ENR,144,-0.11399012343510928,-0.09576139828197289,0.22047945515681852,-0.1247820526518485,15
M3_ENR+time,144,-0.08283534396053294,-0.13351574332799782,0.21812802123966596,-0.11667947553380732,15
M4_mixed,144,-0.2543100812090622,0.3064239260325542,0.22610397258684223,0.12437864389037918,15
M5_SVR,144,0.03654010773448613,0.2993392116720287,0.20279453071628317,0.17031291556828196,15
M6_SVR+time,144,0.09433598842775037,0.3415031128854863,0.19595755967158507,0.1574311701885206,15
M1_time,144,-0.021648425024891615,0.012265503362379504,0.211326508840827,0.20622142975734217,16
M2_ENR,144,-0.02730380761718254,-0.16689393746588221,0.21347625782017093,-0.09633063824144535,16
M3_ENR+time,144,0.02509800274661722,0.17465108213748048,0.20718095049732732,-0.04577899562458687,16
M4_mixed,144,-0.2264882178671006,0.2956467769488563,0.21797787765302518,0.09168903195799481,16
M5_SVR,144,0.028044751110699373,0.24062354375716996,0.20162625841288548,0.04699733484846639,16
M6_SVR+time,144,0.12197019877084592,0.38265745426913,0.18833818032970653,0.20084443833703414,16
M1_time,144,-0.07046612078835546,-0.42392130439970366,0.20893886631525907,-0.2522020591856025,17
M2_ENR,144,-0.08847763797854946,-0.139302229069802,0.21275224692702377,-0.10909192840757194,17
M3_ENR+time,144,-0.06959578846949532,-0.1507570330708114,0.21002926824972612,-0.08261600547149321,17
M4_mixed,144,-0.053003231913436144,0.27707889415160974,0.19670161530720137,0.23257031493517602,17
M5_SVR,144,-0.005648383431082538,0.20126029266183554,0.19030682157221718,0.08311898879113755,17
M6_SVR+time,144,0.00805347143932611,0.22146236696206764,0.1891164082498214,0.1043307490571545,17
M1_time,144,-0.025652627519950455,-0.3409395026355172,0.20521582027677607,-0.2171645678463552,18
M2_ENR,144,-0.042336941812709084,0.05832597663481565,0.20535067267119653,-0.1329099445780986,18
M3_ENR+time,144,-0.05118471281882164,-0.028727162899118648,0.2073449979940066,-0.15834892983906193,18
M4_mixed,144,-0.16083949449763768,0.33212096251707235,0.20950400319662973,0.1320359337296908,18
M5_SVR,144,0.0005948825061530272,0.1958954769311823,0.19951464828889953,0.06692314301921794,18
M6_SVR+time,144,-0.010219135101353416,0.16049632611594927,0.20160173879282717,-0.014063096626156249,18
M1_time,144,-0.03123372377887157,-0.2980161408602353,0.22004198653451512,-0.11011300330325628,19
M2_ENR,144,-0.03123372377887157,-0.2980161408602354,0.22004198653451512,-0.11011300330325681,19
M3_ENR+time,144,-0.03123372377887157,-0.29801614086023537,0.22004198653451512,-0.11011300330325687,19
M4_mixed,144,-0.22226119428604552,0.2837334008537955,0.2163344378410491,0.18832405028163776,19
M5_SVR,144,0.16430233676517358,0.41222025291215525,0.1887708229512134,0.21644542924169677,19
M6_SVR+time,144,0.17364608177480756,0.42113026854450614,0.18757495825716275,0.19232673845723677,19
M1_time,144,-0.05059094290808397,-0.5075193511101078,0.2206728491933489,-0.17738767762745264,20
M2_ENR,144,-0.05007279100517903,-0.14552834578388116,0.2203935700109739,-0.05276867766736925,20
M3_ENR+time,144,-0.03653239306293821,-0.09656023382683018,0.21958401163897834,-0.028060887243751467,20
M4_mixed,144,-0.7441584288047325,0.029998529223351444,0.25469097779867383,-0.06225076656390365,20
M5_SVR,144,0.09548224351472467,0.35532898414451164,0.19349809785736422,0.18016490389853737,20
M6_SVR+time,144,0.13215867759333788,0.3828350458308457,0.19007793254647296,0.2271208913208459,20
M1_time,144,-0.051551331022817504,-0.34097473001252077,0.22266085595176766,-0.15662833665436862,21
M2_ENR,144,0.08413767442326947,0.3329168803223383,0.20054098358280953,0.1767818596949472,21
M3_ENR+time,144,0.09030462343695789,0.3392124687210498,0.2007985055680996,0.18512852334133423,21
M4_mixed,144,0.050007245182495996,0.4413591250670107,0.19164429587773738,0.23809131185629073,21
M5_SVR,144,0.042328569868653965,0.3823454575672202,0.1994741940404706,0.17968043559858118,21
M6_SVR+time,144,0.07623145240131735,0.38968463489665434,0.19799971693712168,0.20722882953028643,21
M1_time,144,-0.008552726677155453,0.03110957775976412,0.21293270805471712,0.13542264237104645,22
M2_ENR,144,-0.03884700823577636,0.00400209581996233,0.2156786444685278,-0.17843411483073443,22
M3_ENR+time,144,-0.08759122338764613,0.14168895461925637,0.21379036767632137,-0.11479798515293804,22
M4_mixed,144,-0.3582904659421573,0.17695897064850283,0.23469974220856146,-0.09724800780750886,22
M5_SVR,144,-0.11112202010086647,0.09732979263719117,0.21267219143722751,-0.11113410489373395,22
M6_SVR+time,144,-0.05248199444415569,0.13924790168422946,0.20950651353115327,-0.08214236996562549,22
M1_time,144,-0.015279061924405424,-0.2285655770249931,0.2023880028320751,-0.0688155159129626,23
M2_ENR,144,-0.015038982011794433,-0.057548841686005846,0.20214333428061987,-0.04997031864714152,23
M3_ENR+time,144,-0.01483831379149736,-0.05641403440013308,0.20211435610667025,-0.04266405413403613,23
M4_mixed,144,-0.4994668091048735,0.172965171430551,0.23230116868226056,0.015158154763654017,23
M5_SVR,144,-0.08293888809085437,0.10265633866779511,0.19220274777204774,0.01870965124862579,23
M6_SVR+time,144,0.010733184489948866,0.24356595582750548,0.1884275788107825,0.12229851916377987,23
M1_time,144,-0.027280514924506116,-0.23646375762086352,0.21977456071482832,0.06705347141801138,24
M2_ENR,144,-0.007511473327949547,0.15608437586010154,0.21725694680412289,0.07166357543391023,24
M3_ENR+time,144,-0.031834265996793176,0.00962067218638469,0.21944958914745238,0.032717110496912206,24
M4_mixed,144,-0.45774577342454337,0.12429084749709454,0.23185967208298836,0.020336759306307333,24
M5_SVR,144,0.12005994954987687,0.3766356087543259,0.19012086391916908,0.17307478358521958,24
M6_SVR+time,144,0.12097532610465456,0.3852604287572754,0.1878555949028399,0.2323128510973058,24
M1_time,144,-0.04056565808988877,-0.2998906302507824,0.21294568259378935,-0.027997797326013655,25
M2_ENR,144,-0.055424628423001554,-0.1574609237248885,0.21396050295537267,0.05591454763078251,25
M3_ENR+time,144,-0.04276547758260141,-0.1510316731404694,0.21243865137362083,0.07826005997756201,25
M4_mixed,144,-0.1690533015414042,0.3768515103932918,0.20875139507170312,0.357731743244545,25
M5_SVR,144,0.10863899184247183,0.3791367178036252,0.186417584725009,0.3279073082199537,25
M6_SVR+time,144,0.17998550570388605,0.4535751186533821,0.1787948346587517,0.3958016109070388,25
M1_time,144,-0.0275865854327908,-0.2631111420023131,0.22263723773475183,-0.11676475033520402,26
M2_ENR,144,0.01309611389358889,0.2251890187332969,0.21752140768660883,-0.027819819909721284,26
M3_ENR+time,144,0.03232215856769294,0.23296015347468962,0.2145103902197613,-0.03155843113939925,26
M4_mixed,144,-0.23561498330630437,0.2652779961586215,0.21918701635346405,0.0676269867952072,26
M5_SVR,144,-0.026861264830886356,0.27074332462397477,0.21500811354927007,0.19532765506566915,26
M6_SVR+time,144,0.0930400994209406,0.38390974220028884,0.20461917053270162,0.30120060046444247,26
M1_time,144,-0.033803314017660346,-0.3201155655277661,0.2144276602846927,-0.1574297076052472,27
M2_ENR,144,0.03701664008508854,0.2618781046505101,0.1977486812138554,0.12971295212478054,27
M3_ENR+time,144,0.009757222392957288,0.23032664934982877,0.20540456741409463,0.12408567513856195,27
M4_mixed,144,-0.15187929813520928,0.3566347118321016,0.21873490120674324,0.12690441272538663,27
M5_SVR,144,0.02124286113076901,0.2622283853877077,0.204560549496856,0.1438173761914094,27
M6_SVR+time,144,0.026258021733050363,0.2836523285117667,0.20064243914756852,0.1557920934579656,27
M1_time,144,-0.017696427909427603,-0.1961519249036004,0.208671531285967,-0.145871372452837,28
M2_ENR,144,-0.003303133416017623,0.09745604854303055,0.20753786526646642,-0.05927355466999179,28
M3_ENR+time,144,0.008068190764887184,0.1246690678519806,0.20628520408441975,-0.08431947696700093,28
M4_mixed,144,0.02734254080396581,0.4402449019954947,0.2031767009971015,0.20770363972401573,28
M5_SVR,144,0.06582695072450206,0.32069420133727744,0.19258286849834813,0.2080853062133393,28
M6_SVR+time,144,0.045846441104332225,0.29063736398178297,0.19353709116878456,0.20462845161640197,28
M1_time,144,-0.026470681991368705,-0.22658395721490188,0.21271146641373817,0.048568307557554875,29
M2_ENR,144,-0.026470681991368705,-0.22658395721490182,0.21271146641373817,0.04856830755755454,29
M3_ENR+time,144,-0.026470681991368927,-0.22658395721490185,0.21271146641373817,0.048568307557554674,29
M4_mixed,144,-0.09509206580598528,0.34816888908327165,0.20736822839345007,0.21532648388616094,29
M5_SVR,144,0.03975378174515942,0.27707351525917523,0.19269622037581072,0.12873389130775695,29
M6_SVR+time,144,0.05059589899472983,0.2887310590362585,0.1914994510059143,0.16282199024004254,29
M1_time,144,-0.0459669531550293,-0.23394174795803274,0.20286436939614172,-0.0676546889831534,30
M2_ENR,144,-0.03886652139794333,-0.09418446461220811,0.2017021076353533,-0.14486667345024612,30
M3_ENR+time,144,-0.034438002077402,-0.11838601150442428,0.20149977713264922,-0.104846052640078,30
M4_mixed,144,-0.12074887685184588,0.37365474561009226,0.19369153497264185,0.21344057272337094,30
M5_SVR,144,-0.014363266617915427,0.2575948156733952,0.19127083126286337,0.11956960006049812,30
M6_SVR+time,144,0.0974596912010699,0.36252311437441237,0.17700335745911938,0.27185614850230144,30
M1_time,144,-0.04800579050761944,-0.3968187839038235,0.20699564151979036,-0.02230458327865778,31
M2_ENR,144,-0.054828792483615496,-0.2842012138393014,0.20761539451800815,-0.09861362595915757,31
M3_ENR+time,144,-0.054828792483615496,-0.2842012138393015,0.20761539451800815,-0.09861362595915817,31
M4_mixed,144,-0.38978247050281656,0.13856291611541077,0.23053385730170475,0.036113831793071156,31
M5_SVR,144,0.028257405264928148,0.3091866859312373,0.19292602018608343,0.11739893462013933,31
M6_SVR+time,144,0.0486509637265089,0.34197693390493566,0.19038914512304117,0.25329103711777884,31
M1_time,144,-0.033168228364335306,-0.29108385814628557,0.21724459269425275,-0.09770684560125374,32
M2_ENR,144,-0.04679359621899404,0.06709463950498762,0.21620718648063073,0.0154270820511132,32
M3_ENR+time,144,-0.028064843313708066,-0.2375734571309463,0.21692408639514726,-0.04362960472391672,32
M4_mixed,144,-0.2365547928378886,0.317064193550051,0.21923645560277547,0.23877929950011775,32
M5_SVR,144,0.18517187309027427,0.4384658482825824,0.18356670813628764,0.21865983340467376,32
M6_SVR+time,144,0.18445986364745437,0.43443885207446287,0.18913159815466937,0.196167151910327,32
M1_time,144,-0.05068237112549401,-0.3232150959109551,0.2098946061072128,-0.14486460447343766,33
M2_ENR,144,-0.0284749567763396,0.003112799700823017,0.20691554343620552,-0.19566004003087775,33
M3_ENR+time,144,-0.030484572087839057,-0.0035353469674300683,0.2070698142290641,-0.19827120903634668,33
M4_mixed,144,-0.24092264531386598,0.2240985991084874,0.218069987982915,0.021881098354511675,33
M5_SVR,144,0.03175524689733589,0.2625804403220069,0.19319294405515441,0.10455645492583454,33
M6_SVR+time,144,0.045431383188837104,0.2883517112339271,0.19093966947815375,0.1375637271497794,33
M1_time,144,-0.016201655460724718,-0.29172753335276097,0.20479342586365706,-0.24199849742286225,34
M2_ENR,144,-0.01649920921852477,-0.057377713906963196,0.20435351374042857,-0.19973490724930162,34
M3_ENR+time,144,-0.01649920921852477,-0.057377713906963126,0.20435351374042857,-0.19973490724930168,34
M4_mixed,144,-0.26530977401516087,0.25685825687463837,0.21660783655070265,0.08476981287453106,34
M5_SVR,144,0.141970550039068,0.40312262942075555,0.17821841335023578,0.1858226958817837,34
M6_SVR+time,144,0.05779922536590021,0.2951307147568948,0.18813619530404135,0.08309642269956863,34
M1_time,144,-0.049034078777644874,-0.24165054158892407,0.2192071576512863,-0.2056204466535424,35
M2_ENR,144,-0.029644874988746794,0.10652921168931986,0.2081393701312374,-0.032209034732150955,35
M3_ENR+time,144,-0.06666012028699098,0.02084993706501114,0.2137552541781313,-0.12875782666669647,35
M4_mixed,144,-0.17047274125719847,0.2891742554972764,0.21998698276735407,0.20660835677044145,35
M5_SVR,144,-0.04195858495555482,0.23676602370911437,0.200308149945038,0.0012849748914928183,35
M6_SVR+time,144,-0.044134572889476864,0.2199334394981279,0.20231823819625516,0.03260117379527303,35
M1_time,144,-0.026162186984035385,-0.2395742980792608,0.2170854091715584,0.021892410853818507,36
M2_ENR,144,-0.05076800101361334,0.18346350426854569,0.21803794429925452,0.11276948187028756,36
M3_ENR+time,144,-0.014288569886554248,0.20546669153908842,0.21523643578726764,0.1044970227890291,36
M4_mixed,144,-0.23377723262387717,0.2691411563425482,0.2204072059064865,0.13239223254572705,36
M5_SVR,144,0.09324857759220306,0.3442199692670256,0.19755625495282939,0.1363599203692306,36
M6_SVR+time,144,0.12927568708895798,0.3815306429470448,0.1914204549070521,0.18938728215161052,36
M1_time,144,-0.04286334826478444,-0.2478916431228536,0.21648482147167222,-0.30115608289848034,37
M2_ENR,144,-0.028747052765346837,-0.21064103411320131,0.21321328561168817,-0.2452386624227815,37
M3_ENR+time,144,-0.03775302452766249,-0.2297773800361302,0.21377604130573913,-0.2616822712017856,37
M4_mixed,144,-0.30112467464769876,0.1330388269596636,0.2257865737287043,-0.05691857349210431,37
M5_SVR,144,-0.0693874592006638,0.18850615100263973,0.20545682941552465,0.048420845763376595,37
M6_SVR+time,144,-0.05904918072865151,0.21735700191976687,0.20470342809555697,0.11720290934364623,37
M1_time,144,-0.021122745453680203,-0.2540376842193508,0.20868960570309877,-0.15550386915022432,38
M2_ENR,144,-0.0577429659447708,-0.04385340882420971,0.20969305714991232,-0.11384689486303236,38
M3_ENR+time,144,-0.046575711875357584,-0.018577784806768662,0.20963769579132557,-0.09002424304833033,38
M4_mixed,144,-0.06066012951910871,0.34873286357350175,0.20294979789981232,0.20715327196080116,38
M5_SVR,144,-0.00989839605069176,0.20700147771422747,0.195704584206627,-0.05676780834319389,38
M6_SVR+time,144,0.10198984075578899,0.3433627150502999,0.18692484502021184,0.1332712679636148,38
M1_time,144,-0.018283944710971056,-0.249265011787789,0.20475735444933862,-0.10720072830910175,39
M2_ENR,144,0.03679784019085197,0.2053429717633749,0.19676172049180485,0.1865908065482683,39
M3_ENR+time,144,0.009349734967346701,0.1417940326392244,0.19827419617202288,0.1210238277549865,39
M4_mixed,144,-0.1298367028907348,0.30384970020138635,0.20838221648661237,0.2162584729336583,39
M5_SVR,144,0.023271010478320364,0.2541043373324453,0.19269568525433145,0.10151686479598343,39
M6_SVR+time,144,0.030653582349861375,0.2608020801907226,0.19261518687958953,0.1234946945509834,39
M1_time,144,-0.022800246137616664,-0.3233192551347115,0.20994018893473732,-0.13720273265465052,40
M2_ENR,144,-0.06536651881162991,-0.17007113377571376,0.2126071596772126,-0.11900237858845886,40
M3_ENR+time,144,-0.05916247728922297,-0.1339943144435442,0.21186463650819443,-0.10670900541530766,40
M4_mixed,144,-0.36430440258373764,0.11617427674142537,0.23068669162604982,-0.014146965275163723,40
M5_SVR,144,0.02407780308082741,0.26601379965970395,0.1882176739950127,0.011989760976663369,40
M6_SVR+time,144,-0.02216864156802778,0.20176321189409938,0.1937613763538638,-0.010200780583188638,40
M1_time,144,-0.01706046391316285,-0.0028527999249312493,0.21792484074369298,0.06120109874941728,41
M2_ENR,144,-0.0320392567100114,-0.19394206418476512,0.22017995963651446,-0.13771707543101555,41
M3_ENR+time,144,-0.027463528630697898,-0.061846562863722684,0.21995530016894677,-0.1221479153607999,41
M4_mixed,144,-0.24582817176581617,0.1792115436790161,0.2320728335070225,0.0706172309887038,41
M5_SVR,144,0.0071653091477724695,0.2294326289680393,0.20567741564570258,0.061017802028507866,41
M6_SVR+time,144,0.08231368947970585,0.32004476310086044,0.19887809610733306,0.182759238001397,41
M1_time,144,-0.03357315090455315,-0.0190692964436898,0.2002291633942738,0.17614737495226326,42
M2_ENR,144,-0.01629830355876183,0.03734519710253432,0.20522425250293203,0.030053808187614495,42
M3_ENR+time,144,-0.039657752685809955,-0.07748030266567962,0.20711010584855702,-0.05812744078709132,42
M4_mixed,144,-0.3554639362333234,0.1852595193881855,0.21972420558511047,0.10111769879887211,42
M5_SVR,144,0.04440571771462776,0.27351597551399337,0.18712208287002413,0.08847853133902744,42
M6_SVR+time,144,0.08923928533950609,0.34072162077812324,0.18041024509668657,0.20935975916386254,42
M1_time,144,-0.0366925633675077,-0.10707827493323918,0.20724786998316855,0.10876507070723407,43
M2_ENR,144,-0.038780667383181866,-0.09430818554369216,0.21163386215214885,-0.19663776610224007,43
M3_ENR+time,144,-0.028096910277614517,-0.06738705830831862,0.210349758411381,-0.20202188516885258,43
M4_mixed,144,-0.28908255065648647,0.16255998674831829,0.21368729226575783,-0.003913520488753223,43
M5_SVR,144,0.06324039452570052,0.30294412169120066,0.18971116645508765,0.08912622655237272,43
M6_SVR+time,144,0.07218934913690256,0.31471234530560777,0.18981808378151455,0.17528074828796616,43
M1_time,144,-0.026231128377141255,-0.08912031489583241,0.21876704035496658,0.02190998058975267,44
M2_ENR,144,-0.024654459994058797,-0.24807022348606866,0.21771499156095134,-0.04305766430916883,44
M3_ENR+time,144,-0.03886580889014146,-0.16580511746180837,0.21898112722320615,-0.010866433851018126,44
M4_mixed,144,-0.3272548494739873,0.1634309023801256,0.24316030546012282,0.044389399402366546,44
M5_SVR,144,-0.01597081182132354,0.24366957703876485,0.2050586064748669,0.10206491300012431,44
M6_SVR+time,144,0.015192771892331702,0.272741550664117,0.20363073992888636,0.15865700502199628,44
M1_time,144,-0.03729021380934405,-0.03892599614154869,0.2166181200614848,-0.007384950432778533,45
M2_ENR,144,0.1117482261305478,0.3357351581880831,0.20018650704855476,0.1421037236021602,45
M3_ENR+time,144,0.1238712848604604,0.35569675086963315,0.19910577896776882,0.18889910514073568,45
M4_mixed,144,0.022143256988231053,0.3461452359116164,0.20323625087639074,0.01585808415921311,45
M5_SVR,144,0.05885298354463009,0.32765811334175615,0.19739202449518276,0.11260150285705027,45
M6_SVR+time,144,0.10845325631729841,0.36998465815777615,0.19406089285147188,0.1876867360546686,45
M1_time,144,-0.017830597147455718,-0.2831106813004841,0.20378850082549194,-0.19128623945899184,46
M2_ENR,144,-0.0319863591122167,-0.29825751676868695,0.20492527537394237,-0.28187159364830844,46
M3_ENR+time,144,-0.029274671666118968,-0.30850801252095916,0.2046993599629345,-0.28141354771223653,46
M4_mixed,144,-0.2887699317703343,0.2127741441646895,0.21865328764114633,0.07857179951440513,46
M5_SVR,144,-0.02001279736160866,0.2523848564291148,0.19341702856623919,0.0929943962955873,46
M6_SVR+time,144,-0.017152278650485853,0.22041343195084967,0.1978702803031907,0.05331714243564081,46
M1_time,144,-0.03269566513900468,-0.40136166753988595,0.2073352682907062,-0.28000913787136544,47
M2_ENR,144,-0.04324442859785038,-0.26481074638886004,0.20831872863521114,-0.3174032042375424,47
M3_ENR+time,144,-0.04171128538019708,-0.27121863476409774,0.20820146705038267,-0.3209186022148416,47
M4_mixed,144,-0.08874077007218806,0.39834160817694786,0.20776055979514327,0.2062740436306494,47
M5_SVR,144,0.06632698098808676,0.30752241383868806,0.18763813150381228,0.08176447321678816,47
M6_SVR+time,144,0.12708154135913752,0.3863138703137875,0.18592156962096157,0.22247742666011658,47
M1_time,144,-0.036949128453390934,-0.1848264809460396,0.21602103440015624,-0.09177724356943033,48
M2_ENR,144,-0.057598942112196516,-0.10526706460392027,0.21709084873221815,-0.12673921742816102,48
M3_ENR+time,144,-0.024907769585319706,-0.07513961602319594,0.21409184483264382,-0.12320084721470854,48
M4_mixed,144,-0.2698317833421122,0.22882027320587373,0.21214524822872088,0.08941863662304338,48
M5_SVR,144,0.0019445496201286883,0.23595298271465748,0.19635094728296154,0.0432051504182302,48
M6_SVR+time,144,0.0607658320833544,0.30030246752937617,0.19019492079462005,0.12068175839102774,48
M1_time,144,-0.02878697478107428,-0.2876687846280037,0.21190891187176966,-0.12171941291930415,49
M2_ENR,144,-0.02823601612504323,-0.024061175798465374,0.21129018920975542,-0.12073912000042049,49
M3_ENR+time,144,-0.013600356258157031,0.020240852494996894,0.21008622157313395,-0.0423228059361302,49
M4_mixed,144,-0.1756908504329433,0.26016790725898736,0.21361696554824258,0.08089834691854104,49
M5_SVR,144,0.059114631189293165,0.3124195972662953,0.1942354009365431,0.10248109487908681,49
M6_SVR+time,144,0.06160512401195217,0.3072326390716198,0.1931868221086496,0.08797635506526735,49
M1_time,144,0.0031312328715866755,0.14437083536548428,0.19466817442163553,0.29470272804319625,50
M2_ENR,144,-0.10235591722450499,0.024725009825297163,0.20850395095964463,0.06702641284746479,50
M3_ENR+time,144,0.0033554217906762718,0.18755435629002332,0.19556650548225227,0.3198817859456376,50
M4_mixed,144,0.0847119885504638,0.41225036257151654,0.18079997063854159,0.2719578611841979,50
M5_SVR,144,0.017028192210510107,0.2354664199766548,0.19051226474304736,0.11186845862553575,50
M6_SVR+time,144,0.045276701170108846,0.29167115294983204,0.18691391330792012,0.2964752683217995,50
M1_time,144,-0.02925548064671335,-0.26670200789887993,0.21102195573581078,-0.14636112552002475,51
M2_ENR,144,-0.056144186190412615,0.06984409578500977,0.21279543021262304,-0.10882583370791442,51
M3_ENR+time,144,-0.038292760790534786,-0.19594517414483525,0.21123549152169463,-0.10900089002824376,51
M4_mixed,144,-0.36352723746915894,0.34319183692261546,0.22627430466768597,0.1488652456300806,51
M5_SVR,144,0.10574408672034008,0.3523554324895306,0.19269081971776,0.03477391328859777,51
M6_SVR+time,144,0.14958478373810957,0.39554790615001484,0.18791431020941168,0.13114563031896154,51
M1_time,144,-0.06752595925180227,-0.39879784868145385,0.21996680082232498,-0.22784881635314877,52
M2_ENR,144,-0.01777651446044115,0.013476523350879767,0.21532952020864624,-0.0733841887751973,52
M3_ENR+time,144,-0.04898374940087913,0.04893898936285229,0.21706970186497188,-0.07458873185964952,52
M4_mixed,144,-0.022513904396267215,0.44192198061610444,0.2032263893832251,0.3185337500649333,52
M5_SVR,144,0.0027892013351971112,0.2409506371788941,0.19790411336700256,0.09045857863372642,52
M6_SVR+time,144,0.04683572944992587,0.29202540766480156,0.19482703387246209,0.20183668171133173,52
M1_time,144,-0.030780841419090876,-0.4136624603099046,0.20922855414818003,-0.28861976450818017,53
M2_ENR,144,-0.022007982990651653,0.018266147842826725,0.20568216780830528,-0.25560837717743484,53
M3_ENR+time,144,-0.04255174190313493,-0.07134192693297878,0.20871378546008146,-0.27594967529261266,53
M4_mixed,144,-0.1588353403439573,0.252566476379312,0.21681554950052034,0.02684865609935111,53
M5_SVR,144,-0.002622389963911953,0.2450020983374377,0.1951556458032382,0.08740060064417854,53
M6_SVR+time,144,0.03688343751837553,0.2862246673184461,0.1920318368866658,0.15980546965780829,53
M1_time,144,-0.028577226003297707,-0.3303786567878322,0.21365082292121731,-0.296790770349159,54
M2_ENR,144,-0.06984447728155407,0.025387940520912394,0.22069754431906763,-0.028147981835942287,54
M3_ENR+time,144,-0.08135394426869968,-0.006462699626685706,0.22253518359204216,-0.05290403580381594,54
M4_mixed,144,-0.18249635394116814,0.3075084454393072,0.21553990125392725,0.22674705671938336,54
M5_SVR,144,-0.015284823589360785,0.25612542406965577,0.2013727251904993,0.09506494072442344,54
M6_SVR+time,144,0.0008486202869770754,0.2597033393921793,0.20148523338510269,0.10852160181140591,54
M1_time,144,-0.027688312855754127,-0.30660686911715107,0.21517916990999883,-0.03841586290605441,55
M2_ENR,144,-0.027983508007444202,-0.11171478937465455,0.2157594373825783,0.028337905172812015,55
M3_ENR+time,144,-0.024571696708706403,-0.1082643374420014,0.21547142421110696,0.00847859245708791,55
M4_mixed,144,-0.30935115840792693,0.22091369722803925,0.23809425815290386,0.09523347930427147,55
M5_SVR,144,-0.07218440534478177,0.03784603993191814,0.2176530251141272,-0.15056460074019196,55
M6_SVR+time,144,-0.014489096851146188,0.15102112720324407,0.2077571870510997,-0.06705903311355942,55
M1_time,144,-0.026234458923462656,-0.03899136880429449,0.21442416835473616,0.05029569514364258,56
M2_ENR,144,-0.023874382941116323,0.084776694627994,0.20843108503298813,-0.0022705488670095955,56
M3_ENR+time,144,-0.026719866582736396,0.09573821599480933,0.21081186923035547,-0.04275789398659583,56
M4_mixed,144,-0.2471229222611111,0.31323685781107824,0.22411404307012925,0.16373347109662836,56
M5_SVR,144,-0.04745162192538843,0.1902203860410433,0.20699577993113585,0.06195845971721722,56
M6_SVR+time,144,0.032442586493693915,0.26746120707728605,0.20340821177921647,0.10758315915010495,56
M1_time,144,-0.0351687329673982,-0.29156405091247267,0.2056167394333369,-0.08547770986096646,57
M2_ENR,144,-0.010947626828183399,0.06096470307412146,0.20249469424257524,0.09274279283476455,57
M3_ENR+time,144,-0.006678325369061877,0.06748219710426867,0.20159419797292855,0.09511673438217179,57
M4_mixed,144,-0.1597231698098518,0.351213210121917,0.20441930841004835,0.230961272154375,57
M5_SVR,144,0.12551035686131273,0.38711138328768435,0.18021847249343825,0.18744453609135717,57
M6_SVR+time,144,0.14200803289572783,0.39493452688578057,0.1812794910208552,0.22334354007841628,57
M1_time,144,-0.03757579983551018,-0.36111603727696945,0.2156837103360747,-0.26709720613451365,58
M2_ENR,144,-0.007275142080265251,0.04687617454743985,0.20958949311543745,-0.0489793566844261,58
M3_ENR+time,144,-0.002979519026435673,0.06285775059310826,0.2093807690937535,-0.018049871927475227,58
M4_mixed,144,-0.48418065299758584,0.20869012935382766,0.22096826388939772,0.14897927446165826,58
M5_SVR,144,0.10230631732309026,0.38689787001517095,0.19285661079602093,0.26219582806620634,58
M6_SVR+time,144,0.13686344345963608,0.4002300695341673,0.18853510583471733,0.22149676649973923,58
M1_time,144,-0.026953910627229627,-0.007513508390176844,0.21758866393869852,0.10753137573818781,59
M2_ENR,144,0.01050058565684453,0.1766231367890917,0.212292982909705,0.025231759834164553,59
M3_ENR+time,144,0.008099961871935735,0.14897651813394247,0.21272187360617434,0.03522270101001482,59
M4_mixed,144,0.1450979254231951,0.4464110661808729,0.18910434997509765,0.2802621731277003,59
M5_SVR,144,0.06129107140819401,0.32627250146772113,0.19694823587912902,0.09976288322661074,59
M6_SVR+time,144,0.06478514016461911,0.3146007310936412,0.1973930854458603,0.14224295734270723,59
M1_time,144,0.01648962883620242,0.1372864632148925,0.2085403867198206,0.23537722771997963,60
M2_ENR,144,-0.02586227812846853,0.10645503214330423,0.20995454961287305,0.04340457298079925,60
M3_ENR+time,144,-0.05721745432372227,0.01240469292598766,0.21452761127152428,0.0616958946877074,60
M4_mixed,144,-0.23074464846831444,0.2150659362071905,0.22908028372289113,0.10761334347272289,60
M5_SVR,144,0.06669768793259745,0.3810387774632916,0.1910529293479603,0.2618410280596869,60
M6_SVR+time,144,-0.014893192718236747,0.273682927242728,0.19746288388992125,0.16567002533443254,60
M1_time,144,-0.04051075197550169,-0.380364190349172,0.22374077484770874,-0.10079456694015622,61
M2_ENR,144,-0.004930460516635149,0.0677131953990068,0.22043056966469787,0.06648125304868562,61
M3_ENR+time,144,-0.04818826799233822,-0.2582977835776267,0.22438950326975457,-0.06638206370587511,61
M4_mixed,144,-0.19283989121001843,0.2756042199995563,0.2212855123957659,0.15175895604600312,61
M5_SVR,144,0.02802524913382587,0.26145976099692764,0.20455740190678182,0.1262439627273541,61
M6_SVR+time,144,0.09332998437284801,0.3315210230838722,0.19921466374105443,0.23549798041715533,61
M1_time,144,-0.027001619456368253,-0.25708169705511114,0.21065438749847143,-0.10473924672976374,62
M2_ENR,144,-0.07758561769730732,0.1806577659117525,0.21581807708659517,-0.03795306992274938,62
M3_ENR+time,144,-0.042369565140072396,0.19855973049469167,0.21318084203140655,-0.03542957138715148,62
M4_mixed,144,-0.1950503442071121,0.2670252143694877,0.22011892921377324,0.022444687680959658,62
M5_SVR,144,0.011612015586612734,0.293996125586096,0.1951359429865095,0.12674384442882,62
M6_SVR+time,144,0.042704894603403654,0.3169833553547097,0.19430480047994175,0.14516702617203203,62
M1_time,144,-0.03825361355192802,-0.18282837070617403,0.21097689718570414,-0.06691847023993706,63
M2_ENR,144,-0.024658910240753285,-0.08721159038389785,0.2087138039579569,-0.09993599633598445,63
M3_ENR+time,144,-0.01564811233813823,0.08155370849223388,0.20576474017799168,-0.010660075195188074,63
M4_mixed,144,-0.2564504473892084,0.1792293229181265,0.2237810745354489,-0.1074090388406197,63
M5_SVR,144,-0.022427271036664642,0.24108114736889913,0.202307002815033,0.023865484529685663,63
M6_SVR+time,144,0.0023873650493477783,0.2567531495440063,0.20479544304606442,0.09515095980476311,63
M1_time,144,-0.05496587455169122,-0.17780094630421117,0.21824301390427436,-0.15853893926238422,64
M2_ENR,144,0.032950356939876135,0.2685398396524299,0.20097792038333173,0.14264333786785763,64
M3_ENR+time,144,0.024904538782709373,0.2559937700786477,0.20281022158110668,0.1300629590260285,64
M4_mixed,144,-0.13060792009531697,0.3169774064149332,0.21570582014160497,0.19743591489228396,64
M5_SVR,144,-0.11551266943533123,0.20270000402550403,0.21843177840936112,-0.0030513336029072877,64
M6_SVR+time,144,-0.12944373067762327,0.18091302429597242,0.220930920936664,0.013795764719511223,64
M1_time,144,-0.03610745926328773,-0.1895252265670619,0.2140060276783097,-0.17946762515963477,65
M2_ENR,144,-0.05432852241181174,-0.09476933340901086,0.21304138421297905,-0.18737801058549017,65
M3_ENR+time,144,-0.053545535132289324,-0.09468653918991797,0.21295197738493188,-0.20034869995451296,65
M4_mixed,144,-0.24553683794150793,0.1693314616425205,0.22111823481884527,0.046404794347562284,65
M5_SVR,144,-0.08104847766545742,0.15291974685762766,0.20884304181222832,0.01672717973439672,65
M6_SVR+time,144,-0.05799974831768151,0.195244979314582,0.2069028361832489,0.05881307468965233,65
M1_time,144,-0.02567449344846251,-0.3810705712287641,0.21290170416404663,-0.2519139837786512,66
M2_ENR,144,0.05723070917745343,0.24651428681464266,0.19934012401347756,-0.1431843131124326,66
M3_ENR+time,144,0.010976238648972236,0.12748861952076027,0.20487931676651808,-0.22097506718819215,66
M4_mixed,144,-0.07992451252274768,0.3597814991049404,0.2047940137166786,0.15783209967701592,66
M5_SVR,144,0.04745769463409644,0.2799164128337688,0.19393448812666306,-0.018692520311221265,66
M6_SVR+time,144,-0.006058066765369796,0.1873251075386811,0.1987183240307054,0.002568727934402918,66
M1_time,144,-0.047097277502788915,-0.2515438404519016,0.21291231702248337,-0.21667670184518975,67
M2_ENR,144,0.013255520426135203,0.11726781349687454,0.2056258157404639,-0.014720835638143331,67
M3_ENR+time,144,0.013255520426135203,0.11726781349687453,0.2056258157404639,-0.014720835638142882,67
M4_mixed,144,-0.4855758079693977,0.13812608228793297,0.22694652236589688,-0.020790370596043883,67
M5_SVR,144,-0.028979926508309495,0.15672284398144426,0.2030149484687374,0.03728018685147901,67
M6_SVR+time,144,-0.053861626764865944,0.12957384922521814,0.20500868354355684,-0.0005427490787633117,67
M1_time,144,-0.01719653286842293,-0.2716570555107413,0.20783633078310657,-0.2958893556863442,68
M2_ENR,144,0.0019131380676057352,0.10777598441859326,0.2049960039684161,-0.1184674844981101,68
M3_ENR+time,144,-0.02329626015570163,0.024685645009139633,0.20538621708093313,-0.14489483826190333,68
M4_mixed,144,-0.19602302559029017,0.3526332755095914,0.21882707045102587,0.1586517468518628,68
M5_SVR,144,0.05168537899182302,0.281894206492165,0.1916557643025605,-0.05711438713606101,68
M6_SVR+time,144,0.03166299899003977,0.25907619792235476,0.1901895338013519,0.045423736508157654,68
M1_time,144,-0.09107582522368673,-0.17788900050764545,0.2227753192000098,-0.13331858137860456,69
M2_ENR,144,-0.003376044230698705,0.10715888956298777,0.21091950201272375,-0.024432275763779248,69
M3_ENR+time,144,-0.00014312452559495092,0.09682302456152511,0.21297650792857098,-0.10603081824864236,69
M4_mixed,144,-0.19691403864611767,0.3563492950443865,0.21782618430010914,0.13853391614731442,69
M5_SVR,144,0.18010689021890525,0.4595408269229083,0.18262321298938636,0.2766691276463443,69
M6_SVR+time,144,0.16064252869531803,0.426912319633006,0.18798269849654828,0.24381212736225524,69
M1_time,144,-0.051319298593530904,-0.12711079872141465,0.21348357862794679,-0.08522717880369939,70
M2_ENR,144,-0.07485277069399987,-0.03506028839712529,0.2176000358738276,-0.09909221491970305,70
M3_ENR+time,144,-0.04941439658722402,-0.10147041697698103,0.21589054154899665,-0.08966810485944098,70
M4_mixed,144,-0.226022714966164,0.26947555646647436,0.2215929013360675,0.041924457932741244,70
M5_SVR,144,0.0668693172164957,0.33027399763911713,0.19846739432079696,0.09607947994981163,70
M6_SVR+time,144,0.07262641807808035,0.34063389465547067,0.19879530426680903,0.15230977828532127,70
M1_time,144,-0.03313592568383905,-0.3293966335863404,0.21336293239134746,-0.07236088552079757,71
M2_ENR,144,-0.016706690900238685,0.025149708819115067,0.20850973617788832,-0.07507744614929536,71
M3_ENR+time,144,-0.01046583412346691,0.03711260826817047,0.20777431185566814,-0.07979453329168983,71
M4_mixed,144,-0.22641314777136134,0.253041807362826,0.2109634260533565,0.049744629403724434,71
M5_SVR,144,-0.05207739379551035,0.18505362940961145,0.20178400800546473,0.017044606401226365,71
M6_SVR+time,144,-0.006964782867238117,0.23736848698427404,0.1973127288706148,0.10200475407099267,71
M1_time,144,-0.044569507553696264,-0.34550561966620175,0.21585482251667587,-0.015461150793029418,72
M2_ENR,144,-0.044305601104058345,-0.33333331643099356,0.21573372982786426,-0.018414131244083937,72
M3_ENR+time,144,-0.044606742000180555,-0.3360796839114597,0.21576686720384156,-0.022572425079554776,72
M4_mixed,144,-0.5898439898014565,0.09587405218721501,0.25087151663292967,0.02456778053073408,72
M5_SVR,144,-0.043761078846991985,0.12256171430196494,0.20759335414234614,-0.011281151404418238,72
M6_SVR+time,144,-0.013344525684531483,0.1833840008429402,0.20326789853042876,0.08862953051050504,72
M1_time,144,-0.054923957370295096,-0.3771872030109455,0.21888166017544927,-0.13195649241560034,73
M2_ENR,144,-0.058611581470637386,-0.17161233161881517,0.21913295912757821,-0.041738398327818206,73
M3_ENR+time,144,-0.05836080315319481,-0.1738678267765235,0.21920561497400085,-0.043284845188728584,73
M4_mixed,144,-0.04336696214055724,0.41118331969439725,0.21115387988557047,0.22307792693558523,73
M5_SVR,144,0.010885453168633208,0.3029581293381516,0.20121095618359397,0.17774725468088345,73
M6_SVR+time,144,0.039993344650192664,0.34428602539060504,0.19576166866270028,0.25235870305002517,73
M1_time,144,4.3401935317488594e-05,0.07031248519304698,0.2139986998590676,0.10618676360418167,74
M2_ENR,144,-0.030321138101411904,-0.027346595835866627,0.2165458808757818,-0.024491039450035595,74
M3_ENR+time,144,-0.03615343207070465,0.01169618866640813,0.21713748563487148,-0.0260076069785517,74
M4_mixed,144,-0.4229259097435345,0.07416299257115055,0.2353137917537449,-0.08740583820597143,74
M5_SVR,144,-0.014382702251869661,0.2060824186126871,0.20159277288676586,0.1002116587355064,74
M6_SVR+time,144,0.0006781610436269458,0.24274389371586425,0.20009560064410303,0.1469793666670621,74
M1_time,144,-0.020318812952689447,-0.2779295712646765,0.21308021366215013,-0.14503529838649687,75
M2_ENR,144,-0.03429626389326468,-0.11158701608009775,0.21424833603697382,-0.12071205457229743,75
M3_ENR+time,144,-0.03185715856906168,-0.10409611761194988,0.21395827229817493,-0.11831717512688415,75
M4_mixed,144,-0.2626426649934792,0.150364176021255,0.22669964080627794,0.043458022213676305,75
M5_SVR,144,0.13339744197412462,0.39594210682345865,0.1890333298265624,0.26450129400673456,75
M6_SVR+time,144,0.1299118737256656,0.39528843066830466,0.18788839751180098,0.2395064195400519,75
M1_time,144,-0.04777846885763659,-0.2691750294383006,0.21385951123641564,-0.11548296696602635,76
M2_ENR,144,0.015021711846651464,0.132509907114418,0.20559760217047784,-0.005713228485495628,76
M3_ENR+time,144,0.012167022261923677,0.12912360673062329,0.20583691400514026,0.010831959077707655,76
M4_mixed,144,-0.19332308747675175,0.18247221285476267,0.22114730240594194,-0.014820725138584151,76
M5_SVR,144,-0.048879113171055755,0.18653598801754373,0.20246904789730066,0.04628600394844962,76
M6_SVR+time,144,-0.048088276199877766,0.17379499519693387,0.201525718932968,0.06115470593934244,76
M1_time,144,-0.05660704837569153,-0.30696776886102595,0.21389952087893285,-0.15556987404185305,77
M2_ENR,144,-0.04203248596896336,-0.26326144871689794,0.2133172715976219,-0.2240573708393372,77
M3_ENR+time,144,-0.04485130365067436,-0.34800204208669167,0.21333081433290987,-0.21789322115209275,77
M4_mixed,144,-0.40674089303499983,0.11924424478647735,0.2372817209903079,0.09442653192421906,77
M5_SVR,144,0.0179506927704306,0.25632580613181205,0.19407352245055198,0.008596475159979328,77
M6_SVR+time,144,0.01993857125190035,0.2507736902023943,0.19501151788148638,0.0171420442632233,77
M1_time,144,-0.02426932345212962,-0.19532203599198694,0.21650195468463876,-0.1093047486611809,78
M2_ENR,144,0.08466321438483582,0.3044182029188355,0.19862378794123428,0.21563213000261375,78
M3_ENR+time,144,0.026827949540216278,0.21635074250781755,0.20621569595626768,0.14171439587698045,78
M4_mixed,144,-0.1749031333414397,0.233755822682601,0.2203809082237419,0.06151984536239211,78
M5_SVR,144,0.013106507490178498,0.3193912636276158,0.2033517211551657,0.16851948956853421,78
M6_SVR+time,144,0.05819638021830631,0.3436009205578264,0.19958050013810918,0.16861366984455706,78
M1_time,144,-0.02146233859882707,-0.30331198600479603,0.2123138411124558,-0.13840200897113472,79
M2_ENR,144,-0.0255596240903031,-0.19330979010499438,0.21324035377778894,-0.08733617885545758,79
M3_ENR+time,144,-0.0255596240903031,-0.1933097901049941,0.21324035377778894,-0.08733617885545708,79
M4_mixed,144,-0.2660325504552181,0.1384916800535232,0.2267090465403536,0.09190384773603162,79
M5_SVR,144,0.02452070709249754,0.3056664429486464,0.19529794176762927,0.23919903898078368,79
M6_SVR+time,144,0.15674502727950768,0.45263778710257246,0.1844926663219857,0.36511995357637383,79
M1_time,144,-0.0017510541065166585,0.06384829153343864,0.2015299655893414,0.1745479556894857,80
M2_ENR,144,0.02281228156446302,0.19847546299801605,0.19557771256642587,0.01704586252365663,80
M3_ENR+time,144,-0.0255676456386984,0.10591364948358298,0.20177268456684105,-0.06153201328256903,80
M4_mixed,144,-0.14217696949276482,0.2649896632966004,0.2020886679312564,0.2040526883477705,80
M5_SVR,144,-0.0025858739516362306,0.21986670771094124,0.19382514664320363,0.09539831213036853,80
M6_SVR+time,144,-0.023509353726306026,0.1838562305005237,0.19816747366339832,0.05919822266280128,80
M1_time,144,-0.02226579477096191,-0.2644155329153152,0.20967815361450934,-0.2231930824610896,81
M2_ENR,144,0.0167063016354575,0.15970774040050872,0.20602088478203429,0.1406749866609822,81
M3_ENR+time,144,-0.03379745406536161,-0.007638100519111304,0.214900747510796,-0.04512717029547766,81
M4_mixed,144,-0.1842242715668796,0.26319905804336086,0.2143274742420006,0.20643572582186867,81
M5_SVR,144,0.00889044004577344,0.280326203355193,0.19810604872015444,0.21782140519549134,81
M6_SVR+time,144,0.10068209843364317,0.3686441551656199,0.1862422062080244,0.32953809455718536,81
M1_time,144,-0.018910037180681183,-0.149359131395936,0.21372141331429953,-0.17561423237597382,82
M2_ENR,144,-0.026731538148343725,-0.0730184634940044,0.21502765869401805,-0.13683241448529232,82
M3_ENR+time,144,-0.02520940466264099,-0.18245875499390526,0.21476196118388272,-0.16836088392393486,82
M4_mixed,144,-0.20180778782544517,0.30351286478360384,0.22289925057890989,0.15274583729204047,82
M5_SVR,144,-0.025711155842801592,0.2379350457254944,0.20071950316823017,0.09077267005895455,82
M6_SVR+time,144,0.05559306082266302,0.30578028710387317,0.1969136672581461,0.141072724378755,82
M1_time,144,-0.05162056869537679,-0.42140591232472313,0.21279332726281636,-0.12576374576697927,83
M2_ENR,144,-0.055940292614084175,-0.403343813001894,0.21322619964732217,-0.14993220267505544,83
M3_ENR+time,144,-0.055940292614084175,-0.40334381300189415,0.21322619964732217,-0.14993220267505572,83
M4_mixed,144,-0.3719913313469989,0.08604016464686376,0.2327117815726257,-0.020092870139058795,83
M5_SVR,144,-0.00785521298413605,0.18291395162058066,0.19646469151859922,-0.01986955852364104,83
M6_SVR+time,144,0.0072441369814624235,0.24789116007486295,0.19461497483393678,0.08609182202837373,83
M1_time,144,-0.03731887818628876,-0.21796736851993548,0.2144322539074276,-0.19850644792841196,84
M2_ENR,144,-0.034069950052368014,-0.358454478839642,0.21361721758076457,-0.2829545015047368,84
M3_ENR+time,144,-0.0331569542923289,-0.3580444555837656,0.21352168431544302,-0.2818736085598685,84
M4_mixed,144,-0.276534104131277,0.15990187766543257,0.22626479053737963,-0.027447187467461883,84
M5_SVR,144,-0.05848068138873441,0.130626511525646,0.20735776989887209,-0.02886762333206389,84
M6_SVR+time,144,0.0006495990914781036,0.2694475294815757,0.20094250698917054,0.23196858065361514,84
M1_time,144,-0.04713592536197475,-0.4377883512286943,0.21405157280872988,-0.2482190936557568,85
M2_ENR,144,-0.006017707655339599,0.04226513622986834,0.20918408097260077,-0.05006916384299925,85
M3_ENR+time,144,-0.04175003199346561,-0.24426722263009978,0.2134178118179051,-0.20621337997932018,85
M4_mixed,144,-0.14179542546281376,0.3248983337085222,0.20957374511427265,0.10982480544503155,85
M5_SVR,144,0.06559512797066047,0.334959476901164,0.19370681032665538,0.1694070875435748,85
M6_SVR+time,144,0.08425585175209449,0.33369329416493193,0.19076622607749272,0.16640117982472852,85
M1_time,144,-0.011382373681892766,0.04128980212412988,0.2179602518527204,0.17117057087315393,86
M2_ENR,144,-0.03140293100549063,-0.2928454194022359,0.2212520854665362,-0.16709635204867976,86
M3_ENR+time,144,-0.03140293100549041,-0.29284541940223585,0.2212520854665362,-0.16709635204867979,86
M4_mixed,144,-0.3811660510735331,0.0859144183349122,0.23817450365586743,-0.03564479766379971,86
M5_SVR,144,0.022507633982098207,0.2522595615308141,0.212119769074086,0.020815360119707835,86
M6_SVR+time,144,0.02547525928935923,0.24795291841660438,0.21059169814258472,0.06659732033625575,86
M1_time,144,-0.07054927068573602,-0.07587424717988459,0.22754866161719184,-0.038867622506204735,87
M2_ENR,144,-0.02209809350782388,-0.06577533188939085,0.21934239443065673,-0.09110257245103892,87
M3_ENR+time,144,-0.022843619047147712,-0.1367757168601863,0.21968874534022698,-0.10620977155224827,87
M4_mixed,144,-0.16966799928705356,0.304332401578539,0.21978139527628324,0.27998794980728287,87
M5_SVR,144,-0.0335908724592584,0.18629736502885316,0.20771538232097006,-0.06944393859565572,87
M6_SVR+time,144,-0.015567107747707531,0.20514388459311922,0.20832187155313664,-0.043286479667825874,87
M1_time,144,-0.03584583651546103,-0.2113760660304112,0.21208598081065932,-0.17724165296001695,88
M2_ENR,144,-0.040974811325222404,-0.1575992684341772,0.21258840671365348,-0.16579696431649107,88
M3_ENR+time,144,-0.041623758147657286,-0.22545035117577314,0.21239080930387474,-0.1949171328868218,88
M4_mixed,144,-0.21350917150546844,0.22543278787972462,0.22125319577926278,0.0895598942562022,88
M5_SVR,144,-0.014646330453668366,0.2923755286580494,0.19245849502476117,0.11443772131607936,88
M6_SVR+time,144,0.06943310245697831,0.3206265997963951,0.18894462022371247,0.10051223366937351,88
M1_time,144,-0.026504897693393037,-0.32580320217586506,0.20898385969980288,-0.2105391177296522,89
M2_ENR,144,0.02043640496333421,0.18052911993169302,0.20580254103890983,0.02576453123474458,89
M3_ENR+time,144,0.00411839606967912,0.14913272747803757,0.206752609741232,0.008743427109960872,89
M4_mixed,144,4.363841870480556e-05,0.368255162953346,0.19828191766825634,0.13757285797505162,89
M5_SVR,144,0.09331432067322942,0.325705118449756,0.1911733778472207,0.09612347732646813,89
M6_SVR+time,144,0.1033595724959594,0.3466048897220445,0.1891463343259646,0.19160845213316183,89
M1_time,144,-0.06597442373051132,-0.29589345516374377,0.2106848958881057,-0.11088195061988816,90
M2_ENR,144,-0.005860087799236524,0.10168273522623014,0.2023929781209365,-0.10697198984653228,90
M3_ENR+time,144,-0.012399367747924162,0.0853380962787703,0.20261656325611838,-0.12308527964411105,90
M4_mixed,144,-0.12520974533621176,0.24424004608092922,0.20174297371037703,0.044747517293607625,90
M5_SVR,144,-0.0031351924089229044,0.2725903214160574,0.19539820045381717,0.054304706868313714,90
M6_SVR+time,144,0.040760162760224095,0.31496766033561774,0.19146810290876223,0.15347317047185013,90
M1_time,144,-0.04957726053633249,-0.3957858211293248,0.21571721923825374,-0.29205005442188453,91
M2_ENR,144,-0.03537526381952816,-0.03577342902994436,0.21467285320468288,-0.11742528045235849,91
M3_ENR+time,144,-0.06298082235133862,-0.07664097317249405,0.21722059023574022,-0.16084257724910678,91
M4_mixed,144,-0.11564152659760385,0.3160383854531485,0.21176744035925366,0.1583268137947166,91
M5_SVR,144,0.07714935922132438,0.4076183371357434,0.19643535339319998,0.20440531024937061,91
M6_SVR+time,144,0.10297494971825161,0.43479079561346223,0.18926009474199254,0.23938478924787432,91
M1_time,144,-0.04078757530549004,-0.4504812410555723,0.21444647727727983,-0.34776107204900636,92
M2_ENR,144,-0.04094971145911175,-0.13870666043167276,0.2153646744072545,-0.1986768666469427,92
M3_ENR+time,144,-0.04337625962511016,-0.14260505774671756,0.21583501977074573,-0.19926232608713965,92
M4_mixed,144,-0.13803274382938113,0.24531762144784947,0.2075229313433508,-0.04041037548423162,92
M5_SVR,144,0.013621272235519344,0.25428100980156165,0.1965314924147327,-0.03563221052689541,92
M6_SVR+time,144,0.010683264777668788,0.24152567615489806,0.19923722510006178,-0.029647203360923,92
M1_time,144,-0.03752371946996225,-0.1634610240315549,0.21614165125299215,-0.08273887327689491,93
M2_ENR,144,-0.03305281740921373,-0.06117630703518878,0.21482252159977927,-0.21293914502584377,93
M3_ENR+time,144,-0.029860672570009905,-0.21510386187239336,0.21481742651433464,-0.26624392406792846,93
M4_mixed,144,-0.2998678155510899,0.17676201018581614,0.22816883047366618,-0.09222713471942194,93
M5_SVR,144,0.005817365253250384,0.24823513115668838,0.20225232338229776,0.06614509617295275,93
M6_SVR+time,144,-0.003876204791152027,0.21214116290179227,0.2048419465360175,0.006054207914254391,93
M1_time,144,-0.02699369608476121,-0.17844304556625784,0.21952968404943637,-0.062188268080014486,94
M2_ENR,144,0.01937793394650411,0.21983044695281673,0.20910214583245876,0.1886592642577506,94
M3_ENR+time,144,0.057281211312908864,0.29137200829535737,0.2046183102983334,0.1509042472088377,94
M4_mixed,144,-0.11001117005681693,0.3528764138628898,0.22043901219559267,0.1809468332322389,94
M5_SVR,144,-0.015874613501756007,0.2720876350184933,0.2074940503228309,0.04091078147438356,94
M6_SVR+time,144,0.02427359915393279,0.3803453657706841,0.20610616928466957,0.2676480147956856,94
M1_time,144,-0.03786909516083403,-0.21768856946773998,0.2269906264724666,-0.13265214980303883,95
M2_ENR,144,-0.02507325673162586,-0.06438555340935007,0.22474299508102133,-0.11946272171505146,95
M3_ENR+time,144,-0.024042443597996233,-0.06072279924020947,0.22467333352020458,-0.1117332301515126,95
M4_mixed,144,-0.400277362720987,0.16453451577604417,0.24770839789932106,0.058145439750205495,95
M5_SVR,144,0.06785707575340916,0.32256420907212163,0.20150828856890063,0.1231718361873938,95
M6_SVR+time,144,0.07821736554367664,0.32578513706163237,0.20562208772085494,0.13494731644574556,95
M1_time,144,-0.018410445243376428,0.037268911679222534,0.1969910320520057,0.12513050488234076,96
M2_ENR,144,-0.03949444588351403,-0.07329446978710419,0.20426223771933164,-0.19362238089144676,96
M3_ENR+time,144,-0.004372029953051415,0.09688955561013368,0.19757258376930967,-0.14794371446449014,96
M4_mixed,144,-0.13768535262762627,0.31500718258583066,0.20656736241110144,0.12360637251256583,96
M5_SVR,144,0.1119903170028489,0.35056509408593284,0.17672740514543842,0.28215974279229866,96
M6_SVR+time,144,0.06977667131408538,0.30633693770542103,0.17958934183554756,0.24300566106652846,96
M1_time,144,-0.04903384866216243,-0.2476852378589401,0.20437812000963299,-0.2272596131250992,97
M2_ENR,144,-0.026872374623586603,0.015180217732283653,0.19990819860584352,-0.19312799728312804,97
M3_ENR+time,144,-0.024969028358055256,0.017853057338816987,0.1997175776807716,-0.19330345626312181,97
M4_mixed,144,-0.1473853800184708,0.3307912247325222,0.19369918765896188,0.1343499698405385,97
M5_SVR,144,-0.0005323304811521989,0.16721432325176855,0.18891679407362424,-0.03261246393010817,97
M6_SVR+time,144,-0.01684802276011843,0.1455061248111689,0.19143490475396968,-0.04323091654932006,97
M1_time,144,-0.06510307452081388,-0.19940253171556066,0.21590233329127229,-0.05219083248956208,98
M2_ENR,144,-0.0630589979799816,-0.14528653953804394,0.21477886273014324,-0.13868930314763583,98
M3_ENR+time,144,-0.07106323198339637,-0.2195772726219411,0.2148480641092945,-0.1415409036105678,98
M4_mixed,144,-0.33028879391133503,0.15041572453310129,0.22991846980679073,-0.056707855008001073,98
M5_SVR,144,-0.04302940709470393,0.16742278268998978,0.20791360161151745,-0.061983740447595435,98
M6_SVR+time,144,-0.025929042526108947,0.1922889142299135,0.20634873813335713,0.024196163045741032,98
M1_time,144,0.010018251938997857,0.11716250572570201,0.20663133147355406,0.15560599924847138,99
M2_ENR,144,-0.030780993754111696,-0.20735790076927454,0.2114614388848101,-0.09634730202695363,99
M3_ENR+time,144,-0.041692077547217155,0.02957565674142476,0.2082769774529705,-0.027465029693919767,99
M4_mixed,144,-0.2093934796379393,0.3094689149059789,0.21681594601745582,0.212808993416697,99
M5_SVR,144,0.08461777944516502,0.35787486279929026,0.18689179308367743,0.23246208936557464,99
M6_SVR+time,144,0.08460926078306441,0.33678008014120553,0.1925065204031989,0.1904518697032176,99
