fset,norm,target,model,n,R2,r,MAE,mean_pt_r
F-fooof,baseline,T-raw,M0_persistence,132,0.09330092597559736,0.549616205513449,0.1649705265041546,0.3329787049733132
F-fooof,baseline,T-raw,M1_time,132,0.083830766977809,0.5094336379636879,0.17510479661334208,0.22924814333929222
F-fooof,baseline,T-raw,M2_ENR,132,0.07798296805465599,0.527243048046788,0.17332899665282311,0.2952698933596193
F-fooof,baseline,T-raw,M3_ENR+time,132,0.04068467433757761,0.5347458280563754,0.17351959840799805,0.31872733992928043
F-fooof,baseline,T-smooth,M0_persistence,132,0.7823765102452173,0.892108968782466,0.06946912221505586,0.7994659713506772
F-fooof,baseline,T-smooth,M1_time,132,0.2858793758224222,0.6729236380513561,0.12921541796425237,0.4647557437036136
F-fooof,baseline,T-smooth,M2_ENR,132,0.3397097793328142,0.7079576324358066,0.13094540915924116,0.43878224229721474
F-fooof,baseline,T-smooth,M3_ENR+time,132,0.4497990608904663,0.7433352796797226,0.11604131625058216,0.4786731537453557
F-fooof,raw,T-raw,M0_persistence,132,0.09330092597559736,0.549616205513449,0.1649705265041546,0.3329787049733132
F-fooof,raw,T-raw,M1_time,132,0.083830766977809,0.5094336379636879,0.17510479661334208,0.22924814333929222
F-fooof,raw,T-raw,M2_ENR,132,0.07798296805465588,0.5272430480467891,0.17332899665282325,0.29526989335962045
F-fooof,raw,T-raw,M3_ENR+time,132,0.04068467433757694,0.534745828056377,0.17351959840799724,0.3187273399292822
F-fooof,raw,T-smooth,M0_persistence,132,0.7823765102452173,0.892108968782466,0.06946912221505586,0.7994659713506772
F-fooof,raw,T-smooth,M1_time,132,0.2858793758224222,0.6729236380513561,0.12921541796425237,0.4647557437036136
F-fooof,raw,T-smooth,M2_ENR,132,0.3397097793328192,0.7079576324358072,0.13094540915924047,0.4387822422972169
F-fooof,raw,T-smooth,M3_ENR+time,132,0.44979906089046684,0.7433352796797223,0.11604131625058338,0.4786731537453624
