cond,pt,band,n_weeks,R2,null_R2_mean,p,coherency_mag_median,q
session/off,905,delta,16,0.32639221953703457,0.20011825991748275,0.21393034825870647,0.08700305595636051,0.7640369580668088
session/off,905,theta,16,0.016096217006780877,0.08168156383072926,0.9552238805970149,0.023725214805426765,0.9601990049751243
session/off,905,alpha,16,0.7322201585005488,0.30690116618195024,0.004975124378109453,0.022944585492283412,0.08291873963515754
session/off,905,bstar,16,0.06544052737566486,0.16933426763323742,0.8557213930348259,0.03195431219795142,0.9301319489508977
session/off,905,gamma1,16,0.3049083020549491,0.20229697779933425,0.1791044776119403,0.019553927065595847,0.7640369580668088
session/off,906,delta,17,0.23796958157525794,0.1044343856391177,0.06965174129353234,0.2076536406485631,0.6965174129353234
session/off,906,theta,17,0.05271841118763099,0.11118103469939211,0.7562189054726368,0.10873806746815252,0.9298744373371238
session/off,906,alpha,17,0.07408700139506685,0.12298224941565195,0.5174129353233831,0.07645071080181758,0.9230164964650434
session/off,906,bstar,17,0.0764237512825503,0.11281844148031579,0.43283582089552236,0.06307357733628233,0.9054726368159204
session/off,906,gamma1,17,0.11418431682129238,0.08802871822423626,0.43781094527363185,0.016766426291374557,0.9054726368159204
session/off,907,delta,13,0.028689192502893812,0.14160273126286385,0.9353233830845771,0.38154079520704465,0.9601990049751243
session/off,907,theta,13,0.1873967081466964,0.16458479313901292,0.2885572139303483,0.08843168950192216,0.8633304067895815
session/off,907,alpha,13,0.05764264952201226,0.18723729293741567,0.845771144278607,0.09223259940231227,0.9301319489508977
session/off,907,bstar,13,0.05556585018463467,0.14731884678427687,0.6915422885572139,0.04015730190859941,0.9230164964650434
session/off,907,gamma1,13,0.38246289785848286,0.1910226568991623,0.16417910447761194,0.05130394035703229,0.7640369580668088
session/off,908,delta,20,0.04811769636770302,0.11557039460510043,0.7810945273631841,0.06061836334031491,0.9298744373371238
session/off,908,theta,20,0.0747239488296283,0.10679441666309814,0.5323383084577115,0.0365413647680608,0.9230164964650434
session/off,908,alpha,20,0.04743555557645196,0.11392502194116101,0.7761194029850746,0.047923824034005594,0.9298744373371238
session/off,908,bstar,20,0.005961683680458685,0.14033968663749566,0.9552238805970149,0.04959105011751776,0.9601990049751243
session/off,908,gamma1,20,0.10104242459836621,0.11874182088043078,0.5920398009950248,0.06524259544315941,0.9230164964650434
day/on,901,delta,24,0.1325257406656124,0.1431412242152855,0.3482587064676617,0.7516793276496395,0.9054726368159204
day/on,901,theta,24,0.12546265698176362,0.0976721855287503,0.2935323383084577,0.11626331666925038,0.8633304067895815
day/on,901,alpha,24,0.05087244302211258,0.10393640064601854,0.6616915422885572,0.14172484824282505,0.9230164964650434
day/on,901,bstar,24,0.10903925840904638,0.11745021948416731,0.4527363184079602,0.13958496346373242,0.9054726368159204
day/on,901,gamma1,24,0.1740645414247287,0.08756079293766575,0.09950248756218906,0.06404538875651929,0.7462686567164178
day/on,903,delta,24,0.18188920121304752,0.09868486691151546,0.12935323383084577,0.9323666170009136,0.7640369580668088
day/on,903,theta,24,0.09557224913396467,0.11592923327469365,0.5970149253731343,0.039759669098223094,0.9230164964650434
day/on,903,alpha,24,0.04713516145610952,0.0952335777849622,0.6119402985074627,0.06995842836788978,0.9230164964650434
day/on,903,bstar,24,0.30798092470179184,0.1173918067112683,0.06467661691542288,0.09041448536335178,0.6965174129353234
day/on,903,gamma1,24,0.06399687936315035,0.14618212004767103,0.681592039800995,0.10310103144817159,0.9230164964650434
day/on,905,delta,23,0.13795555886405808,0.18943299299362037,0.5671641791044776,0.21475596526580767,0.9230164964650434
day/on,905,theta,23,0.24184869005213916,0.13845887297470164,0.1044776119402985,0.1649427032790118,0.7462686567164178
day/on,905,alpha,23,0.30042891256749893,0.10399711236640702,0.004975124378109453,0.12263820342747736,0.08291873963515754
day/on,905,bstar,23,0.1720493977484241,0.16597123873268646,0.2935323383084577,0.10206898292211698,0.8633304067895815
day/on,905,gamma1,23,0.48945445803294685,0.4328973004898913,0.34328358208955223,0.16561021451324764,0.9054726368159204
day/on,906,delta,23,0.0170199249660391,0.09984667002295669,0.8258706467661692,0.1949164774646302,0.9301319489508977
day/on,906,theta,23,0.02329644220088889,0.16604447767824787,0.9601990049751243,0.14356524733111717,0.9601990049751243
day/on,906,alpha,23,0.04892724505324941,0.13322840068193284,0.8059701492537313,0.1861152744429312,0.9301319489508977
day/on,906,bstar,23,0.07448951532001591,0.10491748400681601,0.4975124378109453,0.18235814896928654,0.9230164964650434
day/on,906,gamma1,23,0.07706338864386697,0.16695491566546442,0.7313432835820896,0.16383182439167193,0.9298744373371238
day/on,907,delta,24,0.0752637826946746,0.09422757100405246,0.42786069651741293,0.35155510866667516,0.9054726368159204
day/on,907,theta,24,0.08238944314721619,0.07331444648264321,0.19900497512437812,0.09212289310714775,0.7640369580668088
day/on,907,alpha,24,0.1863597760332868,0.09671835950947173,0.1890547263681592,0.07938831633135238,0.7640369580668088
day/on,907,bstar,24,0.12202165577571988,0.07652062233694153,0.21393034825870647,0.07186848500496537,0.7640369580668088
day/on,907,gamma1,24,0.04170896194167051,0.09687664048295945,0.7014925373134329,0.08898092616261133,0.9230164964650434
day/on,908,delta,14,0.10985150479975114,0.1824460823811068,0.681592039800995,0.15690279268454388,0.9230164964650434
day/on,908,theta,14,0.31694779672675055,0.13584388873660586,0.004975124378109453,0.23629379747186732,0.08291873963515754
day/on,908,alpha,14,0.1536971376398757,0.16297038003168104,0.4129353233830846,0.25698230594601473,0.9054726368159204
day/on,908,bstar,14,0.1738598427010869,0.14842424131979864,0.38308457711442784,0.23002301221901503,0.9054726368159204
day/on,908,gamma1,14,0.060708150002373173,0.1369628038295862,0.6069651741293532,0.1255646235090438,0.9230164964650434
