analysis,pt,auc_segment,auc_session,features
LOPO 906-908,906,0.5360158966716344,0.6666666666666667,phase (15)
LOPO 906-908,907,0.39726242920075516,0.22222222222222224,phase (15)
LOPO 906-908,908,0.4929085495932673,0.5,phase (15)
"905 held out, clinical-state labels",905,0.44320217519064786,0.16666666666666666,phase (15)
LOPO 906-908,906,0.9986068813581287,1.0,power (12)
LOPO 906-908,907,0.9829382560660094,1.0,power (12)
LOPO 906-908,908,0.9671800642333028,1.0,power (12)
"905 held out, clinical-state labels",905,0.8679520495082454,0.9666666666666668,power (12)
LOPO 906-908,906,0.9979481198298019,1.0,power + phase (27)
LOPO 906-908,907,0.9709286063911615,1.0,power + phase (27)
LOPO 906-908,908,0.9661016949152542,1.0,power + phase (27)
"905 held out, clinical-state labels",905,0.8566229315508854,0.9666666666666668,power + phase (27)
